[2025-10-28] --- Початок виконання скрипта --- 
[2025-10-28] Файл C:\IPZ-23-4-(3.1)\KOP\lab_2\logs\lab.log відкрито або створено. 
[2025-10-28] Спроба синхронізації часу з NTP-сервером (pool.ntp.org)... 
[2025-10-28] (Для цього потрібні права адміністратора) 
[2025-10-28] Команда синхронізації часу виконана. 
[2025-10-28] Оновлений час: Tue 10/28/2025 21:05:04.19 
[2025-10-28] Список поточних запущених процесів: 
[2025-10-28] --- Початок списку процесів --- 

Image Name                     PID Session Name        Session#    Mem Usage
========================= ======== ================ =========== ============
System Idle Process              0 Services                   0          8 K
System                           4 Services                   0      3,564 K
Registry                       224 Services                   0     27,404 K
smss.exe                       732 Services                   0          8 K
csrss.exe                      668 Services                   0      2,136 K
wininit.exe                   1044 Services                   0        244 K
csrss.exe                     1052 Console                    1      2,744 K
services.exe                  1132 Services                   0      6,736 K
winlogon.exe                  1160 Console                    1      2,644 K
lsass.exe                     1192 Services                   0     12,396 K
svchost.exe                   1356 Services                   0     20,836 K
fontdrvhost.exe               1388 Console                    1      2,432 K
fontdrvhost.exe               1392 Services                   0        160 K
WUDFHost.exe                  1416 Services                   0        324 K
svchost.exe                   1516 Services                   0     13,432 K
svchost.exe                   1572 Services                   0      4,004 K
dwm.exe                       1640 Console                    1     65,456 K
svchost.exe                   1804 Services                   0        996 K
svchost.exe                   1812 Services                   0      2,360 K
svchost.exe                   1828 Services                   0      1,944 K
svchost.exe                   1836 Services                   0      2,080 K
svchost.exe                   1852 Services                   0      6,804 K
svchost.exe                    932 Services                   0      1,664 K
svchost.exe                   1092 Services                   0      6,212 K
svchost.exe                    792 Services                   0      5,476 K
svchost.exe                   1204 Services                   0      6,848 K
svchost.exe                   2128 Services                   0      6,520 K
svchost.exe                   2144 Services                   0      2,152 K
svchost.exe                   2252 Services                   0      3,292 K
svchost.exe                   2384 Services                   0      7,312 K
svchost.exe                   2600 Services                   0      1,596 K
NVDisplay.Container.exe       2620 Services                   0     11,496 K
svchost.exe                   2724 Services                   0      4,792 K
svchost.exe                   2764 Services                   0     10,584 K
svchost.exe                   2772 Services                   0     25,928 K
svchost.exe                   2836 Services                   0      4,036 K
svchost.exe                   2844 Services                   0      1,456 K
svchost.exe                   2852 Services                   0      1,284 K
Memory Compression            2404 Services                   0    723,264 K
svchost.exe                   3080 Services                   0      2,500 K
svchost.exe                   3100 Services                   0        588 K
svchost.exe                   3152 Services                   0      2,748 K
svchost.exe                   3160 Services                   0      3,696 K
svchost.exe                   3256 Services                   0      5,268 K
svchost.exe                   3320 Services                   0     10,036 K
svchost.exe                   3360 Services                   0      3,188 K
svchost.exe                   3404 Services                   0      1,216 K
svchost.exe                   3412 Services                   0      2,480 K
svchost.exe                   3468 Services                   0      1,360 K
spoolsv.exe                   3576 Services                   0        476 K
svchost.exe                   3672 Services                   0      5,976 K
svchost.exe                   3720 Services                   0      1,344 K
svchost.exe                   3996 Services                   0     23,092 K
svchost.exe                   4004 Services                   0      1,992 K
svchost.exe                   4012 Services                   0      4,680 K
svchost.exe                   4024 Services                   0     16,304 K
remoting_host.exe             4036 Services                   0        356 K
svchost.exe                   4048 Services                   0      1,356 K
svchost.exe                   4060 Services                   0      2,636 K
AdGuardHome.exe               4088 Services                   0     36,216 K
OfficeClickToRun.exe          3208 Services                   0      5,256 K
NVDisplay.Container.exe       3356 Console                    1     16,976 K
MpDefenderCoreService.exe     4120 Services                   0     10,756 K
svchost.exe                   4164 Services                   0      2,288 K
plasticd.exe                  4188 Services                   0     20,740 K
nvcontainer.exe               4212 Services                   0     10,460 K
RtkAudUService64.exe          4240 Services                   0      2,188 K
svchost.exe                   4284 Services                   0      1,104 K
svchost.exe                   4324 Services                   0        572 K
RvControlSvc.exe              4360 Services                   0      2,904 K
svchost.exe                   4388 Services                   0     16,656 K
wallpaperservice32.exe        4400 Services                   0        272 K
MsMpEng.exe                   4428 Services                   0    216,252 K
svchost.exe                   4452 Services                   0      3,896 K
svchost.exe                   4468 Services                   0      5,672 K
svchost.exe                   4476 Services                   0      1,272 K
urban-vpn-service.exe         4520 Services                   0      5,016 K
warp-svc.exe                  5696 Services                   0     14,920 K
remoting_host.exe             5100 Services                   0      9,428 K
wallpaper32.exe               7024 Console                    1     35,664 K
WmiPrvSE.exe                  6404 Services                   0     24,972 K
svchost.exe                   7236 Services                   0      1,796 K
svchost.exe                   7344 Services                   0     10,056 K
MSPCManagerService.exe        7460 Services                   0     22,556 K
gamingservices.exe            7484 Services                   0     15,408 K
gamingservicesnet.exe         7492 Services                   0        696 K
AggregatorHost.exe            7736 Services                   0      4,872 K
sihost.exe                    7768 Console                    1     18,852 K
svchost.exe                   7812 Console                    1      7,620 K
svchost.exe                   7872 Console                    1      1,024 K
svchost.exe                   7932 Console                    1     19,416 K
svchost.exe                   8112 Services                   0     12,984 K
taskhostw.exe                 8356 Console                    1      8,632 K
explorer.exe                  8364 Console                    1    237,944 K
svchost.exe                   8420 Services                   0      9,336 K
ShellHost.exe                 8468 Console                    1      6,272 K
svchost.exe                   8708 Services                   0      4,312 K
CrossDeviceResume.exe         8804 Console                    1      4,064 K
svchost.exe                   8988 Console                    1     22,380 K
svchost.exe                   9040 Services                   0      1,384 K
svchost.exe                   9388 Services                   0      2,780 K
svchost.exe                   9480 Services                   0      3,872 K
svchost.exe                   9268 Services                   0        860 K
svchost.exe                   3984 Services                   0      6,544 K
svchost.exe                  10312 Services                   0      3,604 K
svchost.exe                  10428 Services                   0     10,652 K
StartMenuExperienceHost.e    10968 Console                    1     89,592 K
SearchHost.exe               10976 Console                    1     95,612 K
Widgets.exe                  11188 Console                    1     28,224 K
svchost.exe                  11208 Console                    1      2,224 K
WidgetService.exe             9424 Console                    1      2,624 K
RuntimeBroker.exe             9664 Console                    1     46,120 K
svchost.exe                   9840 Console                    1     10,044 K
SearchIndexer.exe            11424 Services                   0     24,856 K
msedgewebview2.exe           12168 Console                    1     68,156 K
msedgewebview2.exe           12228 Console                    1      1,168 K
msedgewebview2.exe           12352 Console                    1     47,836 K
nvcontainer.exe              12372 Console                    1     17,172 K
nvcontainer.exe              12420 Console                    1     46,164 K
msedgewebview2.exe           12456 Console                    1     22,692 K
svchost.exe                  12476 Services                   0     10,984 K
nvcontainer.exe              12524 Console                    1     45,040 K
msedgewebview2.exe           12720 Console                    1      6,024 K
msedgewebview2.exe           12876 Console                    1    114,224 K
ShellExperienceHost.exe      13944 Console                    1     33,404 K
svchost.exe                  13952 Services                   0      8,024 K
nvsphelper64.exe             14636 Console                    1        580 K
NVIDIA Overlay.exe           14656 Console                    1     44,276 K
NVIDIA Overlay.exe           15148 Console                    1      9,592 K
NVIDIA Overlay.exe           15196 Console                    1     14,704 K
NVIDIA Overlay.exe           15340 Console                    1      3,132 K
NVIDIA Overlay.exe            8048 Console                    1     24,580 K
NisSrv.exe                    6560 Services                   0      5,164 K
ctfmon.exe                   15828 Console                    1     16,288 K
PhoneExperienceHost.exe      16092 Console                    1     97,624 K
TextInputHost.exe            16148 Console                    1     44,924 K
Discord.exe                   8816 Console                    1     51,692 K
Discord.exe                  17200 Console                    1      1,012 K
Discord.exe                  17364 Console                    1     77,220 K
Discord.exe                  17388 Console                    1     16,220 K
Discord.exe                  17824 Console                    1    478,100 K
svchost.exe                  18068 Services                   0      9,284 K
Discord.exe                  18344 Console                    1      3,072 K
chrome.exe                   18296 Console                    1    313,224 K
chrome.exe                   17416 Console                    1      2,608 K
chrome.exe                   17780 Console                    1    175,436 K
chrome.exe                   17788 Console                    1     54,008 K
chrome.exe                   17532 Console                    1      9,944 K
chrome.exe                   17968 Console                    1    131,544 K
chrome.exe                   18280 Console                    1     26,244 K
chrome.exe                   18264 Console                    1      6,612 K
chrome.exe                   19444 Console                    1     29,564 K
chrome.exe                   19024 Console                    1     55,356 K
chrome.exe                   19364 Console                    1     53,632 K
chrome.exe                   18272 Console                    1     62,384 K
chrome.exe                   18988 Console                    1     12,308 K
chrome.exe                   19976 Console                    1      7,700 K
chrome.exe                   19984 Console                    1      6,720 K
NVIDIA Broadcast.exe          1172 Console                    1     49,176 K
NVIDIA Broadcast.exe         11704 Console                    1     10,992 K
NVIDIA Broadcast.exe         12236 Console                    1      4,704 K
NVIDIA Broadcast.exe         14840 Console                    1     13,116 K
MSPCManager.exe              21128 Console                    1    139,244 K
RuntimeBroker.exe            20908 Console                    1      9,104 K
svchost.exe                  19508 Services                   0      1,612 K
MSPCManagerCore.exe          12380 Console                    1     60,116 K
RuntimeBroker.exe            16988 Console                    1      2,148 K
svchost.exe                  21532 Services                   0      1,132 K
msedgewebview2.exe           21644 Console                    1     60,568 K
msedgewebview2.exe           21716 Console                    1      1,136 K
msedgewebview2.exe           21980 Console                    1     65,884 K
msedgewebview2.exe           22008 Console                    1     13,796 K
msedgewebview2.exe           22056 Console                    1      5,748 K
msedgewebview2.exe           22220 Console                    1    147,456 K
audiodg.exe                  23240 Services                   0     15,000 K
NVIDIA Broadcast.exe         22360 Console                    1      5,060 K
svchost.exe                   1064 Services                   0        920 K
chrome.exe                   21656 Console                    1      5,632 K
ShareX.exe                   23144 Console                    1      9,432 K
svchost.exe                  22552 Services                   0      2,700 K
svchost.exe                  23220 Services                   0      7,424 K
svchost.exe                  21344 Services                   0      1,408 K
svchost.exe                   2900 Services                   0      3,164 K
svchost.exe                   7176 Services                   0      9,736 K
svchost.exe                   4532 Services                   0      2,624 K
SecurityHealthService.exe    23492 Services                   0      1,872 K
svchost.exe                   8680 Services                   0      1,180 K
svchost.exe                  16884 Services                   0      1,616 K
svchost.exe                   7372 Services                   0      1,472 K
chrome.exe                   16028 Console                    1    143,420 K
Telegram.exe                 19040 Console                    1     84,096 K
chrome.exe                   11440 Console                    1      7,228 K
chrome.exe                    2380 Console                    1    315,036 K
chrome.exe                    3248 Console                    1     38,512 K
chrome.exe                   21028 Console                    1    626,064 K
svchost.exe                   8392 Console                    1      4,916 K
chrome.exe                   22496 Console                    1    241,512 K
chrome.exe                    1752 Console                    1     29,172 K
chrome.exe                    2996 Console                    1     37,736 K
chrome.exe                   13468 Console                    1     34,984 K
chrome.exe                    2992 Console                    1      3,916 K
chrome.exe                   14792 Console                    1    231,692 K
chrome.exe                   20732 Console                    1    165,252 K
chrome.exe                   11024 Console                    1    224,172 K
chrome.exe                   14216 Console                    1    197,816 K
chrome.exe                   22920 Console                    1    100,732 K
chrome.exe                    7720 Console                    1      4,504 K
chrome.exe                   21600 Console                    1    193,868 K
svchost.exe                  15840 Services                   0      1,800 K
XboxPcAppFT.exe              12064 Console                    1      5,392 K
chrome.exe                    2608 Console                    1    371,812 K
chrome.exe                    6036 Console                    1    201,132 K
chrome.exe                    7148 Console                    1     66,264 K
chrome.exe                    3136 Console                    1     16,160 K
ApplicationFrameHost.exe     23432 Console                    1      2,820 K
backgroundTaskHost.exe        3680 Console                    1         20 K
Notepad.exe                  24132 Console                    1     72,404 K
RuntimeBroker.exe            19436 Console                    1      4,384 K
svchost.exe                   4104 Console                    1      1,116 K
chrome.exe                    2236 Console                    1     39,288 K
svchost.exe                   1124 Services                   0      9,704 K
chrome.exe                   25400 Console                    1     46,408 K
taskhostw.exe                19064 Console                    1     24,884 K
backgroundTaskHost.exe        4308 Console                    1     61,620 K
RuntimeBroker.exe            25504 Console                    1     20,216 K
Notepad.exe                   5468 Console                    1     15,016 K
svchost.exe                   5020 Services                   0      9,696 K
chrome.exe                   24588 Console                    1    185,224 K
chrome.exe                    7776 Console                    1     88,988 K
chrome.exe                   20328 Console                    1    175,156 K
chrome.exe                   25464 Console                    1    138,684 K
smartscreen.exe              21732 Console                    1     12,504 K
svchost.exe                  25424 Services                   0     33,992 K
powershell.exe                7336 Console                    1     79,776 K
conhost.exe                  24360 Console                    1     21,348 K
chrome.exe                   24308 Console                    1     31,280 K
chrome.exe                   13144 Console                    1     40,768 K
chrome.exe                     364 Console                    1     60,076 K
cmd.exe                      16140 Console                    1      6,680 K
tasklist.exe                  6164 Console                    1     11,484 K
[2025-10-28] --- Кінець списку процесів --- 
[2025-10-28] Спроба завершити процес: xx.exe... 
[2025-10-28] Помилка: Не вдалося завершити процес xx.exe (можливо, він не був запущений). 
[2025-10-28] Видалення файлів *.TMP та temp*.* з C:\IPZ-23-4-(3.1)\KOP\lab_2\baza... 
[2025-10-28] Видалено тимчасових файлів: 0. 
[2025-10-28] Створення архіву файлів з C:\IPZ-23-4-(3.1)\KOP\lab_2\baza... 
[2025-10-28] Архів 2025-10-28_21-05-06.zip успішно створено у тимчасовій папці. 
[2025-10-28] Переміщення архіву до C:\IPZ-23-4-(3.1)\KOP\lab_2\archive... 
[2025-10-28] ПОМИЛКА: Не вдалося перемістити архів до C:\IPZ-23-4-(3.1)\KOP\lab_2\archive. 
[2025-10-28] Перевірка наявності архіву за вчорашній день... 
[2025-10-28] Вчорашня дата: 2025-10-27. 
[2025-10-28] УВАГА: Архів за 2025-10-27 не знайдено. 
[2025-10-28] Надсилання email-сповіщення... 
[2025-10-28] Email-сповіщення надіслано. 
[2025-10-28] Видалення архівів, старших 30 днів, з C:\IPZ-23-4-(3.1)\KOP\lab_2\archive... 
[2025-10-28] Очищення старих архівів завершено. 
[2025-10-28] Перевірка підключення до Internet (ping 8.8.8.8)... 
[2025-10-28] Підключення до Internet є. 
[2025-10-28] Перевірка статусу комп'ютера 192.168.1.2... 
[2025-10-28] Комп'ютер 192.168.1.2 не в мережі (не відповідає на ping). 
[2025-10-28] Отримання списку комп'ютерів в мережі (net view): 
[2025-10-28] --- Початок списку Net View --- 
[2025-10-28] --- Кінець списку Net View --- 
[2025-10-28] Перевірка IP-адрес з файлу ipon.txt... 
[2025-10-28] Перевірка розміру log-файлу... 
[2025-10-28] Поточний розмір C:\IPZ-23-4-(3.1)\KOP\lab_2\logs\lab.log: 21707 байт. Максимальний: 500000 байт. 
[2025-10-28] Розмір log-файлу в межах норми. 
[2025-10-28] Інформація про вільне та загальне місце на локальних дисках: 
[2025-10-28] --- Початок інформації про диски (PowerShell) --- 

DeviceID FreeSpace (GB) Size (GB)
-------- -------------- ---------
C:                   72       465
D:                  475       931


[2025-10-28] --- Кінець інформації про диски (PowerShell) --- 
[2025-10-28] Збереження інформації про систему у файл systeminfo_2025-10-28_21-05-06.txt... 
[2025-10-28] Інформацію про систему збережено. 
[2025-10-28] --- Завершення виконання скрипта --- 
 
[2025-10-28] --- Початок виконання скрипта --- 
[2025-10-28] Файл C:\IPZ-23-4-(3.1)\KOP\lab_2\logs\lab.log відкрито або створено. 
[2025-10-28] Спроба синхронізації часу з NTP-сервером (pool.ntp.org)... 
[2025-10-28] (Для цього потрібні права адміністратора) 
[2025-10-28] Команда синхронізації часу виконана. 
[2025-10-28] Оновлений час: Tue 10/28/2025 21:09:22.40 
[2025-10-28] Список поточних запущених процесів: 
[2025-10-28] --- Початок списку процесів --- 

Image Name                     PID Session Name        Session#    Mem Usage
========================= ======== ================ =========== ============
System Idle Process              0 Services                   0          8 K
System                           4 Services                   0      3,572 K
Registry                       224 Services                   0     34,160 K
smss.exe                       732 Services                   0          8 K
csrss.exe                      668 Services                   0      2,184 K
wininit.exe                   1044 Services                   0        244 K
csrss.exe                     1052 Console                    1      2,700 K
services.exe                  1132 Services                   0      6,856 K
winlogon.exe                  1160 Console                    1      2,644 K
lsass.exe                     1192 Services                   0     12,384 K
svchost.exe                   1356 Services                   0     21,000 K
fontdrvhost.exe               1388 Console                    1      2,456 K
fontdrvhost.exe               1392 Services                   0        160 K
WUDFHost.exe                  1416 Services                   0        324 K
svchost.exe                   1516 Services                   0     13,424 K
svchost.exe                   1572 Services                   0      4,088 K
dwm.exe                       1640 Console                    1     88,876 K
svchost.exe                   1804 Services                   0        976 K
svchost.exe                   1812 Services                   0      2,340 K
svchost.exe                   1828 Services                   0      1,892 K
svchost.exe                   1836 Services                   0      2,024 K
svchost.exe                   1852 Services                   0      6,720 K
svchost.exe                    932 Services                   0      1,624 K
svchost.exe                   1092 Services                   0      6,416 K
svchost.exe                    792 Services                   0      5,428 K
svchost.exe                   1204 Services                   0      6,848 K
svchost.exe                   2128 Services                   0      6,516 K
svchost.exe                   2144 Services                   0      2,132 K
svchost.exe                   2252 Services                   0      3,252 K
svchost.exe                   2384 Services                   0      7,396 K
svchost.exe                   2600 Services                   0      1,528 K
NVDisplay.Container.exe       2620 Services                   0     11,524 K
svchost.exe                   2724 Services                   0      4,808 K
svchost.exe                   2764 Services                   0     11,648 K
svchost.exe                   2772 Services                   0     20,240 K
svchost.exe                   2836 Services                   0      3,956 K
svchost.exe                   2844 Services                   0      1,460 K
svchost.exe                   2852 Services                   0      1,264 K
Memory Compression            2404 Services                   0    760,568 K
svchost.exe                   3080 Services                   0      2,512 K
svchost.exe                   3100 Services                   0        592 K
svchost.exe                   3152 Services                   0      2,732 K
svchost.exe                   3160 Services                   0      3,596 K
svchost.exe                   3256 Services                   0      5,300 K
svchost.exe                   3320 Services                   0     10,140 K
svchost.exe                   3360 Services                   0      3,172 K
svchost.exe                   3404 Services                   0      1,224 K
svchost.exe                   3412 Services                   0      2,444 K
svchost.exe                   3468 Services                   0      1,344 K
spoolsv.exe                   3576 Services                   0        476 K
svchost.exe                   3672 Services                   0      6,020 K
svchost.exe                   3720 Services                   0      2,148 K
svchost.exe                   3996 Services                   0     23,484 K
svchost.exe                   4004 Services                   0      1,988 K
svchost.exe                   4012 Services                   0      4,700 K
svchost.exe                   4024 Services                   0     17,352 K
remoting_host.exe             4036 Services                   0        356 K
svchost.exe                   4048 Services                   0      1,336 K
svchost.exe                   4060 Services                   0      2,636 K
AdGuardHome.exe               4088 Services                   0     36,248 K
OfficeClickToRun.exe          3208 Services                   0      5,176 K
NVDisplay.Container.exe       3356 Console                    1     16,996 K
MpDefenderCoreService.exe     4120 Services                   0      9,952 K
svchost.exe                   4164 Services                   0      2,288 K
plasticd.exe                  4188 Services                   0     21,212 K
nvcontainer.exe               4212 Services                   0     10,504 K
RtkAudUService64.exe          4240 Services                   0      2,188 K
svchost.exe                   4284 Services                   0      1,080 K
svchost.exe                   4324 Services                   0        572 K
RvControlSvc.exe              4360 Services                   0      2,900 K
svchost.exe                   4388 Services                   0     21,364 K
wallpaperservice32.exe        4400 Services                   0        272 K
MsMpEng.exe                   4428 Services                   0    223,540 K
svchost.exe                   4452 Services                   0      3,876 K
svchost.exe                   4468 Services                   0      5,668 K
svchost.exe                   4476 Services                   0      1,252 K
urban-vpn-service.exe         4520 Services                   0      5,012 K
warp-svc.exe                  5696 Services                   0     15,020 K
remoting_host.exe             5100 Services                   0      9,432 K
wallpaper32.exe               7024 Console                    1     36,228 K
WmiPrvSE.exe                  6404 Services                   0     31,520 K
svchost.exe                   7236 Services                   0      1,800 K
svchost.exe                   7344 Services                   0      9,912 K
MSPCManagerService.exe        7460 Services                   0     23,408 K
gamingservices.exe            7484 Services                   0     15,300 K
gamingservicesnet.exe         7492 Services                   0        692 K
AggregatorHost.exe            7736 Services                   0      4,864 K
sihost.exe                    7768 Console                    1     19,020 K
svchost.exe                   7812 Console                    1      7,516 K
svchost.exe                   7872 Console                    1      1,008 K
svchost.exe                   7932 Console                    1     21,596 K
svchost.exe                   8112 Services                   0     12,992 K
taskhostw.exe                 8356 Console                    1      8,644 K
explorer.exe                  8364 Console                    1    242,428 K
svchost.exe                   8420 Services                   0      9,280 K
ShellHost.exe                 8468 Console                    1      6,304 K
svchost.exe                   8708 Services                   0      7,692 K
CrossDeviceResume.exe         8804 Console                    1      4,084 K
svchost.exe                   8988 Console                    1     22,996 K
svchost.exe                   9040 Services                   0      1,340 K
svchost.exe                   9388 Services                   0      2,760 K
svchost.exe                   9480 Services                   0      3,852 K
svchost.exe                   9268 Services                   0        836 K
svchost.exe                   3984 Services                   0      6,688 K
svchost.exe                  10312 Services                   0      3,504 K
svchost.exe                  10428 Services                   0     10,464 K
StartMenuExperienceHost.e    10968 Console                    1     89,624 K
SearchHost.exe               10976 Console                    1     95,124 K
Widgets.exe                  11188 Console                    1     28,220 K
svchost.exe                  11208 Console                    1      2,208 K
WidgetService.exe             9424 Console                    1      2,624 K
RuntimeBroker.exe             9664 Console                    1     46,092 K
svchost.exe                   9840 Console                    1     10,060 K
SearchIndexer.exe            11424 Services                   0     28,300 K
msedgewebview2.exe           12168 Console                    1     68,136 K
msedgewebview2.exe           12228 Console                    1      1,168 K
msedgewebview2.exe           12352 Console                    1     47,836 K
nvcontainer.exe              12372 Console                    1     17,196 K
nvcontainer.exe              12420 Console                    1     47,352 K
msedgewebview2.exe           12456 Console                    1     22,672 K
svchost.exe                  12476 Services                   0     10,944 K
nvcontainer.exe              12524 Console                    1     45,040 K
msedgewebview2.exe           12720 Console                    1      6,024 K
msedgewebview2.exe           12876 Console                    1    114,216 K
ShellExperienceHost.exe      13944 Console                    1     33,420 K
svchost.exe                  13952 Services                   0      7,964 K
nvsphelper64.exe             14636 Console                    1        580 K
NVIDIA Overlay.exe           14656 Console                    1     44,472 K
NVIDIA Overlay.exe           15148 Console                    1      9,288 K
NVIDIA Overlay.exe           15196 Console                    1     14,692 K
NVIDIA Overlay.exe           15340 Console                    1      3,132 K
NVIDIA Overlay.exe            8048 Console                    1     24,892 K
NisSrv.exe                    6560 Services                   0      5,248 K
ctfmon.exe                   15828 Console                    1     16,604 K
PhoneExperienceHost.exe      16092 Console                    1    104,908 K
TextInputHost.exe            16148 Console                    1     46,268 K
Discord.exe                   8816 Console                    1     50,092 K
Discord.exe                  17200 Console                    1      1,012 K
Discord.exe                  17364 Console                    1     88,860 K
Discord.exe                  17388 Console                    1     16,320 K
Discord.exe                  17824 Console                    1    479,160 K
svchost.exe                  18068 Services                   0      9,284 K
Discord.exe                  18344 Console                    1      3,156 K
chrome.exe                   18296 Console                    1    316,492 K
chrome.exe                   17416 Console                    1      2,608 K
chrome.exe                   17780 Console                    1    173,372 K
chrome.exe                   17788 Console                    1     54,524 K
chrome.exe                   17532 Console                    1      9,972 K
chrome.exe                   17968 Console                    1    132,304 K
chrome.exe                   18280 Console                    1     26,256 K
chrome.exe                   18264 Console                    1      6,616 K
chrome.exe                   19444 Console                    1     29,668 K
chrome.exe                   19024 Console                    1     55,956 K
chrome.exe                   19364 Console                    1     52,648 K
chrome.exe                   18272 Console                    1     62,792 K
chrome.exe                   18988 Console                    1     12,352 K
chrome.exe                   19976 Console                    1      7,776 K
chrome.exe                   19984 Console                    1      6,720 K
NVIDIA Broadcast.exe          1172 Console                    1     51,416 K
NVIDIA Broadcast.exe         11704 Console                    1     11,000 K
NVIDIA Broadcast.exe         12236 Console                    1      4,704 K
NVIDIA Broadcast.exe         14840 Console                    1     13,136 K
MSPCManager.exe              21128 Console                    1    139,088 K
RuntimeBroker.exe            20908 Console                    1      8,204 K
svchost.exe                  19508 Services                   0      1,592 K
MSPCManagerCore.exe          12380 Console                    1     59,896 K
RuntimeBroker.exe            16988 Console                    1      2,124 K
svchost.exe                  21532 Services                   0      1,092 K
msedgewebview2.exe           21644 Console                    1     59,636 K
msedgewebview2.exe           21716 Console                    1      1,136 K
msedgewebview2.exe           21980 Console                    1     62,812 K
msedgewebview2.exe           22008 Console                    1     13,480 K
msedgewebview2.exe           22056 Console                    1      5,748 K
msedgewebview2.exe           22220 Console                    1    146,948 K
audiodg.exe                  23240 Services                   0     15,236 K
NVIDIA Broadcast.exe         22360 Console                    1      5,060 K
svchost.exe                   1064 Services                   0        916 K
chrome.exe                   21656 Console                    1      5,632 K
ShareX.exe                   23144 Console                    1    141,816 K
svchost.exe                  22552 Services                   0      2,716 K
svchost.exe                  23220 Services                   0      7,424 K
svchost.exe                  21344 Services                   0      1,412 K
svchost.exe                   2900 Services                   0      3,164 K
svchost.exe                   7176 Services                   0      9,820 K
svchost.exe                   4532 Services                   0      2,636 K
SecurityHealthService.exe    23492 Services                   0      1,872 K
svchost.exe                   8680 Services                   0      1,180 K
svchost.exe                  16884 Services                   0      1,616 K
svchost.exe                   7372 Services                   0      1,476 K
chrome.exe                   16028 Console                    1    144,244 K
Telegram.exe                 19040 Console                    1     85,180 K
chrome.exe                   11440 Console                    1      7,228 K
chrome.exe                    2380 Console                    1    313,764 K
chrome.exe                    3248 Console                    1     41,268 K
chrome.exe                   21028 Console                    1    651,168 K
svchost.exe                   8392 Console                    1      4,968 K
chrome.exe                   22496 Console                    1    230,948 K
chrome.exe                    1752 Console                    1     28,500 K
chrome.exe                    2996 Console                    1     37,744 K
chrome.exe                   13468 Console                    1     41,028 K
chrome.exe                    2992 Console                    1      3,912 K
chrome.exe                   14792 Console                    1    227,616 K
chrome.exe                   20732 Console                    1    160,672 K
chrome.exe                   11024 Console                    1    224,396 K
chrome.exe                   14216 Console                    1    197,800 K
chrome.exe                   22920 Console                    1    112,876 K
chrome.exe                    7720 Console                    1      4,504 K
chrome.exe                   21600 Console                    1    189,864 K
svchost.exe                  15840 Services                   0      1,800 K
XboxPcAppFT.exe              12064 Console                    1      5,448 K
chrome.exe                    2608 Console                    1    410,484 K
chrome.exe                    6036 Console                    1    199,504 K
chrome.exe                    7148 Console                    1     67,060 K
chrome.exe                    3136 Console                    1     17,576 K
ApplicationFrameHost.exe     23432 Console                    1      2,820 K
backgroundTaskHost.exe        3680 Console                    1         20 K
Notepad.exe                  24132 Console                    1     75,684 K
RuntimeBroker.exe            19436 Console                    1      4,372 K
svchost.exe                   4104 Console                    1      1,132 K
chrome.exe                    2236 Console                    1     39,836 K
svchost.exe                   1124 Services                   0      9,616 K
chrome.exe                   25400 Console                    1     46,888 K
taskhostw.exe                19064 Console                    1     24,756 K
backgroundTaskHost.exe        4308 Console                    1     61,628 K
RuntimeBroker.exe            25504 Console                    1     20,216 K
Notepad.exe                   5468 Console                    1     14,956 K
chrome.exe                   24588 Console                    1    183,788 K
chrome.exe                    7776 Console                    1     88,716 K
chrome.exe                   20328 Console                    1    171,532 K
chrome.exe                   25464 Console                    1    137,580 K
smartscreen.exe              21732 Console                    1     12,812 K
powershell.exe                7336 Console                    1     79,976 K
conhost.exe                  24360 Console                    1     21,612 K
chrome.exe                   22284 Console                    1     57,740 K
chrome.exe                   23624 Console                    1     80,712 K
chrome.exe                   20116 Console                    1     31,296 K
chrome.exe                    5404 Console                    1     60,972 K
SearchProtocolHost.exe       16792 Services                   0     17,072 K
backgroundTaskHost.exe       22292 Console                    1     18,424 K
svchost.exe                  18816 Services                   0      9,716 K
cmd.exe                      24060 Console                    1      6,676 K
tasklist.exe                 21684 Console                    1     11,472 K
[2025-10-28] --- Кінець списку процесів --- 
[2025-10-28] Спроба завершити процес: xx.exe... 
[2025-10-28] Помилка: Не вдалося завершити процес xx.exe (можливо, він не був запущений). 
[2025-10-28] Видалення файлів *.TMP та temp*.* з C:\IPZ-23-4-(3.1)\KOP\lab_2\baza... 
[2025-10-28] Видалено тимчасових файлів: 0. 
[2025-10-28] Створення архіву файлів з C:\IPZ-23-4-(3.1)\KOP\lab_2\baza... 
[2025-10-28] --- Початок виконання скрипта --- 
[2025-10-28] Файл C:\IPZ-23-4-(3.1)\KOP\lab_2\logs\lab.log відкрито або створено. 
[2025-10-28] Спроба синхронізації часу з NTP-сервером (pool.ntp.org)... 
[2025-10-28] (Для цього потрібні права адміністратора) 
[2025-10-28] Команда синхронізації часу виконана. 
[2025-10-28] Оновлений час: Tue 10/28/2025 21:12:34.26 
[2025-10-28] Список поточних запущених процесів: 
[2025-10-28] --- Початок списку процесів --- 

Image Name                     PID Session Name        Session#    Mem Usage
========================= ======== ================ =========== ============
System Idle Process              0 Services                   0          8 K
System                           4 Services                   0      3,620 K
Registry                       224 Services                   0     42,344 K
smss.exe                       732 Services                   0          8 K
csrss.exe                      668 Services                   0      2,180 K
wininit.exe                   1044 Services                   0        244 K
csrss.exe                     1052 Console                    1      2,752 K
services.exe                  1132 Services                   0      6,768 K
winlogon.exe                  1160 Console                    1      2,644 K
lsass.exe                     1192 Services                   0     12,388 K
svchost.exe                   1356 Services                   0     20,840 K
fontdrvhost.exe               1388 Console                    1      2,968 K
fontdrvhost.exe               1392 Services                   0        160 K
WUDFHost.exe                  1416 Services                   0        324 K
svchost.exe                   1516 Services                   0     13,172 K
svchost.exe                   1572 Services                   0      3,984 K
dwm.exe                       1640 Console                    1     69,412 K
svchost.exe                   1804 Services                   0        976 K
svchost.exe                   1812 Services                   0      2,348 K
svchost.exe                   1828 Services                   0      1,904 K
svchost.exe                   1836 Services                   0      2,028 K
svchost.exe                   1852 Services                   0      6,716 K
svchost.exe                    932 Services                   0      1,624 K
svchost.exe                   1092 Services                   0      6,200 K
svchost.exe                    792 Services                   0      5,432 K
svchost.exe                   1204 Services                   0      6,728 K
svchost.exe                   2128 Services                   0      6,504 K
svchost.exe                   2144 Services                   0      2,132 K
svchost.exe                   2252 Services                   0      3,388 K
svchost.exe                   2384 Services                   0      8,324 K
svchost.exe                   2600 Services                   0      1,532 K
NVDisplay.Container.exe       2620 Services                   0     13,916 K
svchost.exe                   2724 Services                   0      5,060 K
svchost.exe                   2764 Services                   0     11,616 K
svchost.exe                   2772 Services                   0     20,092 K
svchost.exe                   2836 Services                   0      3,952 K
svchost.exe                   2844 Services                   0      1,468 K
svchost.exe                   2852 Services                   0      1,264 K
Memory Compression            2404 Services                   0    769,284 K
svchost.exe                   3080 Services                   0      2,576 K
svchost.exe                   3100 Services                   0        588 K
svchost.exe                   3152 Services                   0      2,728 K
svchost.exe                   3160 Services                   0      3,624 K
svchost.exe                   3256 Services                   0      5,440 K
svchost.exe                   3320 Services                   0     10,140 K
svchost.exe                   3360 Services                   0      3,164 K
svchost.exe                   3404 Services                   0      1,204 K
svchost.exe                   3412 Services                   0      2,448 K
svchost.exe                   3468 Services                   0      1,340 K
spoolsv.exe                   3576 Services                   0        476 K
svchost.exe                   3672 Services                   0      5,932 K
svchost.exe                   3720 Services                   0      2,216 K
svchost.exe                   3996 Services                   0     22,912 K
svchost.exe                   4004 Services                   0      2,044 K
svchost.exe                   4012 Services                   0      4,712 K
svchost.exe                   4024 Services                   0     18,232 K
remoting_host.exe             4036 Services                   0        356 K
svchost.exe                   4048 Services                   0      1,340 K
svchost.exe                   4060 Services                   0      2,636 K
AdGuardHome.exe               4088 Services                   0     36,008 K
OfficeClickToRun.exe          3208 Services                   0      5,152 K
NVDisplay.Container.exe       3356 Console                    1     17,508 K
MpDefenderCoreService.exe     4120 Services                   0      9,928 K
svchost.exe                   4164 Services                   0      2,288 K
plasticd.exe                  4188 Services                   0     20,404 K
nvcontainer.exe               4212 Services                   0     17,204 K
RtkAudUService64.exe          4240 Services                   0      2,188 K
svchost.exe                   4284 Services                   0      1,080 K
svchost.exe                   4324 Services                   0        572 K
RvControlSvc.exe              4360 Services                   0      2,808 K
svchost.exe                   4388 Services                   0     21,072 K
wallpaperservice32.exe        4400 Services                   0        272 K
MsMpEng.exe                   4428 Services                   0    220,964 K
svchost.exe                   4452 Services                   0      3,880 K
svchost.exe                   4468 Services                   0      5,648 K
svchost.exe                   4476 Services                   0      1,256 K
urban-vpn-service.exe         4520 Services                   0      5,072 K
warp-svc.exe                  5696 Services                   0     15,060 K
remoting_host.exe             5100 Services                   0      9,364 K
wallpaper32.exe               7024 Console                    1     36,296 K
WmiPrvSE.exe                  6404 Services                   0     30,680 K
svchost.exe                   7236 Services                   0      1,796 K
svchost.exe                   7344 Services                   0      9,912 K
MSPCManagerService.exe        7460 Services                   0     21,620 K
gamingservices.exe            7484 Services                   0     15,276 K
gamingservicesnet.exe         7492 Services                   0        692 K
AggregatorHost.exe            7736 Services                   0      4,916 K
sihost.exe                    7768 Console                    1     18,900 K
svchost.exe                   7812 Console                    1      7,484 K
svchost.exe                   7872 Console                    1      1,008 K
svchost.exe                   7932 Console                    1     21,476 K
svchost.exe                   8112 Services                   0     17,632 K
taskhostw.exe                 8356 Console                    1     10,564 K
explorer.exe                  8364 Console                    1    240,428 K
svchost.exe                   8420 Services                   0      9,232 K
ShellHost.exe                 8468 Console                    1      6,336 K
svchost.exe                   8708 Services                   0      7,612 K
CrossDeviceResume.exe         8804 Console                    1      4,084 K
svchost.exe                   8988 Console                    1     23,128 K
svchost.exe                   9040 Services                   0      1,340 K
svchost.exe                   9388 Services                   0      2,760 K
svchost.exe                   9480 Services                   0      3,852 K
svchost.exe                   9268 Services                   0        836 K
svchost.exe                   3984 Services                   0      9,920 K
svchost.exe                  10312 Services                   0      3,504 K
svchost.exe                  10428 Services                   0     10,544 K
StartMenuExperienceHost.e    10968 Console                    1     88,848 K
SearchHost.exe               10976 Console                    1     94,856 K
Widgets.exe                  11188 Console                    1     28,224 K
svchost.exe                  11208 Console                    1      2,180 K
WidgetService.exe             9424 Console                    1      2,608 K
RuntimeBroker.exe             9664 Console                    1     46,092 K
svchost.exe                   9840 Console                    1      9,988 K
SearchIndexer.exe            11424 Services                   0     36,416 K
msedgewebview2.exe           12168 Console                    1     68,212 K
msedgewebview2.exe           12228 Console                    1      1,168 K
msedgewebview2.exe           12352 Console                    1     47,684 K
nvcontainer.exe              12372 Console                    1     17,472 K
nvcontainer.exe              12420 Console                    1     47,804 K
msedgewebview2.exe           12456 Console                    1     22,924 K
svchost.exe                  12476 Services                   0     10,940 K
nvcontainer.exe              12524 Console                    1     48,724 K
msedgewebview2.exe           12720 Console                    1      5,960 K
msedgewebview2.exe           12876 Console                    1    112,096 K
ShellExperienceHost.exe      13944 Console                    1     33,500 K
svchost.exe                  13952 Services                   0      8,028 K
nvsphelper64.exe             14636 Console                    1        580 K
NVIDIA Overlay.exe           14656 Console                    1     45,820 K
NVIDIA Overlay.exe           15148 Console                    1      9,328 K
NVIDIA Overlay.exe           15196 Console                    1     14,692 K
NVIDIA Overlay.exe           15340 Console                    1      3,132 K
NVIDIA Overlay.exe            8048 Console                    1     25,396 K
NisSrv.exe                    6560 Services                   0      5,160 K
ctfmon.exe                   15828 Console                    1     16,636 K
PhoneExperienceHost.exe      16092 Console                    1    104,740 K
TextInputHost.exe            16148 Console                    1     46,808 K
Discord.exe                   8816 Console                    1     50,828 K
Discord.exe                  17200 Console                    1      1,012 K
Discord.exe                  17364 Console                    1     87,608 K
Discord.exe                  17388 Console                    1     16,320 K
Discord.exe                  17824 Console                    1    479,744 K
svchost.exe                  18068 Services                   0      9,284 K
Discord.exe                  18344 Console                    1      3,156 K
chrome.exe                   18296 Console                    1    313,920 K
chrome.exe                   17416 Console                    1      2,632 K
chrome.exe                   17780 Console                    1    172,236 K
chrome.exe                   17788 Console                    1     54,160 K
chrome.exe                   17532 Console                    1     10,040 K
chrome.exe                   17968 Console                    1    126,300 K
chrome.exe                   18280 Console                    1     26,284 K
chrome.exe                   18264 Console                    1      6,616 K
chrome.exe                   19444 Console                    1     29,824 K
chrome.exe                   19364 Console                    1     52,712 K
chrome.exe                   18988 Console                    1     12,296 K
chrome.exe                   19976 Console                    1      7,820 K
chrome.exe                   19984 Console                    1      6,720 K
NVIDIA Broadcast.exe          1172 Console                    1     50,924 K
NVIDIA Broadcast.exe         11704 Console                    1     10,900 K
NVIDIA Broadcast.exe         12236 Console                    1      4,628 K
NVIDIA Broadcast.exe         14840 Console                    1     11,804 K
MSPCManager.exe              21128 Console                    1    129,512 K
RuntimeBroker.exe            20908 Console                    1      8,208 K
svchost.exe                  19508 Services                   0      1,592 K
MSPCManagerCore.exe          12380 Console                    1     49,464 K
RuntimeBroker.exe            16988 Console                    1      2,124 K
svchost.exe                  21532 Services                   0      1,108 K
msedgewebview2.exe           21644 Console                    1     56,916 K
msedgewebview2.exe           21716 Console                    1      1,136 K
msedgewebview2.exe           21980 Console                    1     41,452 K
msedgewebview2.exe           22008 Console                    1     12,932 K
msedgewebview2.exe           22056 Console                    1      5,576 K
msedgewebview2.exe           22220 Console                    1    139,244 K
audiodg.exe                  23240 Services                   0     15,332 K
NVIDIA Broadcast.exe         22360 Console                    1      5,060 K
svchost.exe                   1064 Services                   0        916 K
chrome.exe                   21656 Console                    1      5,632 K
ShareX.exe                   23144 Console                    1    183,744 K
svchost.exe                  22552 Services                   0      2,716 K
svchost.exe                  23220 Services                   0      7,332 K
svchost.exe                  21344 Services                   0      1,408 K
svchost.exe                   2900 Services                   0      3,168 K
svchost.exe                   7176 Services                   0      9,936 K
svchost.exe                   4532 Services                   0      2,572 K
SecurityHealthService.exe    23492 Services                   0      1,880 K
svchost.exe                   8680 Services                   0      1,200 K
svchost.exe                  16884 Services                   0      1,632 K
svchost.exe                   7372 Services                   0      1,468 K
chrome.exe                   16028 Console                    1    142,068 K
Telegram.exe                 19040 Console                    1     80,916 K
chrome.exe                   11440 Console                    1      7,264 K
chrome.exe                    2380 Console                    1    301,436 K
chrome.exe                    3248 Console                    1     40,840 K
chrome.exe                   21028 Console                    1    641,508 K
svchost.exe                   8392 Console                    1      5,004 K
chrome.exe                   22496 Console                    1    227,796 K
chrome.exe                    1752 Console                    1     26,508 K
chrome.exe                    2996 Console                    1     37,748 K
chrome.exe                   13468 Console                    1     41,340 K
chrome.exe                    2992 Console                    1      3,912 K
chrome.exe                   14792 Console                    1    207,820 K
chrome.exe                   20732 Console                    1    174,880 K
chrome.exe                   11024 Console                    1    211,172 K
chrome.exe                   14216 Console                    1    188,936 K
chrome.exe                   22920 Console                    1    121,752 K
chrome.exe                    7720 Console                    1      4,548 K
chrome.exe                   21600 Console                    1    197,584 K
svchost.exe                  15840 Services                   0      1,800 K
XboxPcAppFT.exe              12064 Console                    1      5,436 K
chrome.exe                    2608 Console                    1    408,524 K
chrome.exe                    6036 Console                    1    199,644 K
chrome.exe                    7148 Console                    1     65,088 K
chrome.exe                    3136 Console                    1     19,656 K
ApplicationFrameHost.exe     23432 Console                    1      2,804 K
backgroundTaskHost.exe        3680 Console                    1         20 K
RuntimeBroker.exe            19436 Console                    1      4,380 K
svchost.exe                   4104 Console                    1      1,116 K
chrome.exe                    2236 Console                    1     40,064 K
svchost.exe                   1124 Services                   0      9,624 K
chrome.exe                   25400 Console                    1     47,392 K
taskhostw.exe                19064 Console                    1     24,492 K
backgroundTaskHost.exe        4308 Console                    1     61,008 K
RuntimeBroker.exe            25504 Console                    1     20,236 K
chrome.exe                   24588 Console                    1    183,596 K
chrome.exe                    7776 Console                    1     88,696 K
chrome.exe                   20328 Console                    1    171,464 K
chrome.exe                   25464 Console                    1    136,740 K
smartscreen.exe              21732 Console                    1     12,812 K
powershell.exe                7336 Console                    1     80,124 K
conhost.exe                  24360 Console                    1     21,696 K
chrome.exe                   20116 Console                    1     31,300 K
svchost.exe                  18816 Services                   0      9,664 K
Code.exe                     18888 Console                    1    163,136 K
Code.exe                     23624 Console                    1     32,608 K
Code.exe                     24756 Console                    1    109,236 K
Code.exe                     11624 Console                    1     49,876 K
Code.exe                     10520 Console                    1    236,036 K
Code.exe                      3232 Console                    1    528,644 K
Code.exe                     20992 Console                    1    118,120 K
Code.exe                     10516 Console                    1    108,020 K
chrome.exe                   17520 Console                    1     58,444 K
chrome.exe                   17220 Console                    1     93,516 K
cmd.exe                      24884 Console                    1      6,664 K
tasklist.exe                  4056 Console                    1     11,472 K
[2025-10-28] --- Кінець списку процесів --- 
[2025-10-28] Спроба завершити процес: xx.exe... 
[2025-10-28] Помилка: Не вдалося завершити процес xx.exe (можливо, він не був запущений). 
[2025-10-28] Видалення файлів *.TMP та temp*.* з C:\IPZ-23-4-(3.1)\KOP\lab_2\baza... 
[2025-10-28] Видалено тимчасових файлів: 0. 
[2025-10-28] Створення архіву файлів з C:\IPZ-23-4-(3.1)\KOP\lab_2\baza... 
[2025-10-28] Архів 2025-10-28_21-12-36.zip успішно створено у тимчасовій папці. 
[2025-10-28] Переміщення архіву до C:\IPZ-23-4-(3.1)\KOP\lab_2\archive... 
[2025-10-28] ПОМИЛКА: Не вдалося перемістити архів до C:\IPZ-23-4-(3.1)\KOP\lab_2\archive. 
[2025-10-28] Перевірка наявності архіву за вчорашній день... 
[2025-10-28] --- Початок виконання скрипта --- 
[2025-10-28] Файл C:\IPZ-23-4-(3.1)\KOP\lab_2\logs\lab.log відкрито або створено. 
[2025-10-28] Спроба синхронізації часу з NTP-сервером (pool.ntp.org)... 
[2025-10-28] (Для цього потрібні права адміністратора) 
[2025-10-28] Команда синхронізації часу виконана. 
[2025-10-28] Оновлений час: Tue 10/28/2025 21:12:50.89 
[2025-10-28] Список поточних запущених процесів: 
[2025-10-28] --- Початок списку процесів --- 

Image Name                     PID Session Name        Session#    Mem Usage
========================= ======== ================ =========== ============
System Idle Process              0 Services                   0          8 K
System                           4 Services                   0      3,620 K
Registry                       224 Services                   0     42,556 K
smss.exe                       732 Services                   0          8 K
csrss.exe                      668 Services                   0      2,180 K
wininit.exe                   1044 Services                   0        244 K
csrss.exe                     1052 Console                    1      2,752 K
services.exe                  1132 Services                   0      6,768 K
winlogon.exe                  1160 Console                    1      2,644 K
lsass.exe                     1192 Services                   0     12,388 K
svchost.exe                   1356 Services                   0     20,844 K
fontdrvhost.exe               1388 Console                    1      2,968 K
fontdrvhost.exe               1392 Services                   0        160 K
WUDFHost.exe                  1416 Services                   0        324 K
svchost.exe                   1516 Services                   0     13,356 K
svchost.exe                   1572 Services                   0      3,984 K
dwm.exe                       1640 Console                    1     69,564 K
svchost.exe                   1804 Services                   0        980 K
svchost.exe                   1812 Services                   0      2,348 K
svchost.exe                   1828 Services                   0      1,904 K
svchost.exe                   1836 Services                   0      2,024 K
svchost.exe                   1852 Services                   0      6,712 K
svchost.exe                    932 Services                   0      1,624 K
svchost.exe                   1092 Services                   0      6,200 K
svchost.exe                    792 Services                   0      5,432 K
svchost.exe                   1204 Services                   0      6,728 K
svchost.exe                   2128 Services                   0      6,504 K
svchost.exe                   2144 Services                   0      2,132 K
svchost.exe                   2252 Services                   0      3,384 K
svchost.exe                   2384 Services                   0      8,400 K
svchost.exe                   2600 Services                   0      1,528 K
NVDisplay.Container.exe       2620 Services                   0     13,916 K
svchost.exe                   2724 Services                   0      5,112 K
svchost.exe                   2764 Services                   0     11,620 K
svchost.exe                   2772 Services                   0     20,116 K
svchost.exe                   2836 Services                   0      3,952 K
svchost.exe                   2844 Services                   0      1,468 K
svchost.exe                   2852 Services                   0      1,268 K
Memory Compression            2404 Services                   0    768,320 K
svchost.exe                   3080 Services                   0      2,568 K
svchost.exe                   3100 Services                   0        588 K
svchost.exe                   3152 Services                   0      2,728 K
svchost.exe                   3160 Services                   0      3,624 K
svchost.exe                   3256 Services                   0      5,488 K
svchost.exe                   3320 Services                   0     10,200 K
svchost.exe                   3360 Services                   0      3,164 K
svchost.exe                   3404 Services                   0      1,204 K
svchost.exe                   3412 Services                   0      2,448 K
svchost.exe                   3468 Services                   0      1,340 K
spoolsv.exe                   3576 Services                   0        476 K
svchost.exe                   3672 Services                   0      5,932 K
svchost.exe                   3720 Services                   0      2,216 K
svchost.exe                   3996 Services                   0     22,968 K
svchost.exe                   4004 Services                   0      2,044 K
svchost.exe                   4012 Services                   0      4,712 K
svchost.exe                   4024 Services                   0     18,232 K
remoting_host.exe             4036 Services                   0        356 K
svchost.exe                   4048 Services                   0      1,336 K
svchost.exe                   4060 Services                   0      2,636 K
AdGuardHome.exe               4088 Services                   0     36,008 K
OfficeClickToRun.exe          3208 Services                   0      5,152 K
NVDisplay.Container.exe       3356 Console                    1     17,508 K
MpDefenderCoreService.exe     4120 Services                   0      9,928 K
svchost.exe                   4164 Services                   0      2,288 K
plasticd.exe                  4188 Services                   0     20,428 K
nvcontainer.exe               4212 Services                   0     17,204 K
RtkAudUService64.exe          4240 Services                   0      2,188 K
svchost.exe                   4284 Services                   0      1,080 K
svchost.exe                   4324 Services                   0        572 K
RvControlSvc.exe              4360 Services                   0      2,808 K
svchost.exe                   4388 Services                   0     21,316 K
wallpaperservice32.exe        4400 Services                   0        272 K
MsMpEng.exe                   4428 Services                   0    231,768 K
svchost.exe                   4452 Services                   0      3,880 K
svchost.exe                   4468 Services                   0      5,648 K
svchost.exe                   4476 Services                   0      1,252 K
urban-vpn-service.exe         4520 Services                   0      5,072 K
warp-svc.exe                  5696 Services                   0     15,060 K
remoting_host.exe             5100 Services                   0      9,364 K
wallpaper32.exe               7024 Console                    1     36,296 K
WmiPrvSE.exe                  6404 Services                   0     32,480 K
svchost.exe                   7236 Services                   0      1,796 K
svchost.exe                   7344 Services                   0      9,912 K
MSPCManagerService.exe        7460 Services                   0     21,648 K
gamingservices.exe            7484 Services                   0     15,280 K
gamingservicesnet.exe         7492 Services                   0        696 K
AggregatorHost.exe            7736 Services                   0      4,916 K
sihost.exe                    7768 Console                    1     18,900 K
svchost.exe                   7812 Console                    1      7,484 K
svchost.exe                   7872 Console                    1      1,008 K
svchost.exe                   7932 Console                    1     21,476 K
svchost.exe                   8112 Services                   0     17,636 K
taskhostw.exe                 8356 Console                    1     10,616 K
explorer.exe                  8364 Console                    1    240,472 K
svchost.exe                   8420 Services                   0      9,256 K
ShellHost.exe                 8468 Console                    1      6,336 K
svchost.exe                   8708 Services                   0      7,612 K
CrossDeviceResume.exe         8804 Console                    1      4,084 K
svchost.exe                   8988 Console                    1     23,144 K
svchost.exe                   9040 Services                   0      1,340 K
svchost.exe                   9388 Services                   0      2,760 K
svchost.exe                   9480 Services                   0      3,852 K
svchost.exe                   9268 Services                   0        836 K
svchost.exe                   3984 Services                   0      9,912 K
svchost.exe                  10312 Services                   0      3,500 K
svchost.exe                  10428 Services                   0     10,508 K
StartMenuExperienceHost.e    10968 Console                    1     88,848 K
SearchHost.exe               10976 Console                    1     94,856 K
Widgets.exe                  11188 Console                    1     28,224 K
svchost.exe                  11208 Console                    1      2,184 K
WidgetService.exe             9424 Console                    1      2,608 K
RuntimeBroker.exe             9664 Console                    1     46,088 K
svchost.exe                   9840 Console                    1      9,988 K
SearchIndexer.exe            11424 Services                   0     36,388 K
msedgewebview2.exe           12168 Console                    1     67,568 K
msedgewebview2.exe           12228 Console                    1      1,168 K
msedgewebview2.exe           12352 Console                    1     47,680 K
nvcontainer.exe              12372 Console                    1     17,472 K
nvcontainer.exe              12420 Console                    1     47,872 K
msedgewebview2.exe           12456 Console                    1     22,612 K
svchost.exe                  12476 Services                   0     10,940 K
nvcontainer.exe              12524 Console                    1     48,736 K
msedgewebview2.exe           12720 Console                    1      5,960 K
msedgewebview2.exe           12876 Console                    1    112,096 K
ShellExperienceHost.exe      13944 Console                    1     33,500 K
svchost.exe                  13952 Services                   0      8,024 K
nvsphelper64.exe             14636 Console                    1        580 K
NVIDIA Overlay.exe           14656 Console                    1     45,804 K
NVIDIA Overlay.exe           15148 Console                    1      9,328 K
NVIDIA Overlay.exe           15196 Console                    1     14,692 K
NVIDIA Overlay.exe           15340 Console                    1      3,132 K
NVIDIA Overlay.exe            8048 Console                    1     25,396 K
NisSrv.exe                    6560 Services                   0      5,164 K
ctfmon.exe                   15828 Console                    1     16,652 K
PhoneExperienceHost.exe      16092 Console                    1    104,748 K
TextInputHost.exe            16148 Console                    1     46,844 K
Discord.exe                   8816 Console                    1     50,760 K
Discord.exe                  17200 Console                    1      1,012 K
Discord.exe                  17364 Console                    1     87,652 K
Discord.exe                  17388 Console                    1     16,320 K
Discord.exe                  17824 Console                    1    478,508 K
svchost.exe                  18068 Services                   0      9,284 K
Discord.exe                  18344 Console                    1      3,156 K
chrome.exe                   18296 Console                    1    313,824 K
chrome.exe                   17416 Console                    1      2,632 K
chrome.exe                   17780 Console                    1    173,300 K
chrome.exe                   17788 Console                    1     54,256 K
chrome.exe                   17532 Console                    1     10,040 K
chrome.exe                   17968 Console                    1    127,004 K
chrome.exe                   18280 Console                    1     26,296 K
chrome.exe                   18264 Console                    1      6,620 K
chrome.exe                   19444 Console                    1     29,824 K
chrome.exe                   19364 Console                    1     52,712 K
chrome.exe                   18988 Console                    1     12,296 K
chrome.exe                   19976 Console                    1      7,840 K
chrome.exe                   19984 Console                    1      6,720 K
NVIDIA Broadcast.exe          1172 Console                    1     50,928 K
NVIDIA Broadcast.exe         11704 Console                    1     10,900 K
NVIDIA Broadcast.exe         12236 Console                    1      4,628 K
NVIDIA Broadcast.exe         14840 Console                    1     11,804 K
MSPCManager.exe              21128 Console                    1    129,484 K
RuntimeBroker.exe            20908 Console                    1      8,192 K
svchost.exe                  19508 Services                   0      1,592 K
MSPCManagerCore.exe          12380 Console                    1     49,576 K
RuntimeBroker.exe            16988 Console                    1      2,112 K
svchost.exe                  21532 Services                   0      1,108 K
msedgewebview2.exe           21644 Console                    1     56,916 K
msedgewebview2.exe           21716 Console                    1      1,136 K
msedgewebview2.exe           21980 Console                    1     41,452 K
msedgewebview2.exe           22008 Console                    1     12,932 K
msedgewebview2.exe           22056 Console                    1      5,576 K
msedgewebview2.exe           22220 Console                    1    139,252 K
audiodg.exe                  23240 Services                   0     15,460 K
NVIDIA Broadcast.exe         22360 Console                    1      5,060 K
svchost.exe                   1064 Services                   0        920 K
chrome.exe                   21656 Console                    1      5,632 K
ShareX.exe                   23144 Console                    1    183,744 K
svchost.exe                  22552 Services                   0      2,716 K
svchost.exe                  23220 Services                   0      7,332 K
svchost.exe                  21344 Services                   0      1,408 K
svchost.exe                   2900 Services                   0      3,168 K
svchost.exe                   7176 Services                   0      9,984 K
svchost.exe                   4532 Services                   0      2,572 K
SecurityHealthService.exe    23492 Services                   0      1,880 K
svchost.exe                   8680 Services                   0      1,200 K
svchost.exe                  16884 Services                   0      1,632 K
svchost.exe                   7372 Services                   0      1,468 K
chrome.exe                   16028 Console                    1    143,640 K
Telegram.exe                 19040 Console                    1     80,916 K
chrome.exe                   11440 Console                    1      7,264 K
chrome.exe                    2380 Console                    1    316,852 K
chrome.exe                    3248 Console                    1     40,868 K
chrome.exe                   21028 Console                    1    648,188 K
svchost.exe                   8392 Console                    1      5,004 K
chrome.exe                   22496 Console                    1    244,592 K
chrome.exe                    1752 Console                    1     26,508 K
chrome.exe                    2996 Console                    1     37,748 K
chrome.exe                   13468 Console                    1     41,348 K
chrome.exe                    2992 Console                    1      3,912 K
chrome.exe                   14792 Console                    1    225,600 K
chrome.exe                   20732 Console                    1    182,168 K
chrome.exe                   11024 Console                    1    228,172 K
chrome.exe                   14216 Console                    1    204,824 K
chrome.exe                   22920 Console                    1    124,796 K
chrome.exe                    7720 Console                    1      4,548 K
chrome.exe                   21600 Console                    1    204,876 K
svchost.exe                  15840 Services                   0      1,800 K
XboxPcAppFT.exe              12064 Console                    1      5,432 K
chrome.exe                    2608 Console                    1    408,068 K
chrome.exe                    6036 Console                    1    201,704 K
chrome.exe                    7148 Console                    1     65,352 K
chrome.exe                    3136 Console                    1     19,800 K
ApplicationFrameHost.exe     23432 Console                    1      2,804 K
backgroundTaskHost.exe        3680 Console                    1         20 K
RuntimeBroker.exe            19436 Console                    1      4,380 K
svchost.exe                   4104 Console                    1      1,116 K
chrome.exe                    2236 Console                    1     40,064 K
svchost.exe                   1124 Services                   0      9,624 K
chrome.exe                   25400 Console                    1     46,340 K
taskhostw.exe                19064 Console                    1     24,492 K
backgroundTaskHost.exe        4308 Console                    1     61,008 K
RuntimeBroker.exe            25504 Console                    1     20,236 K
chrome.exe                   24588 Console                    1    183,928 K
chrome.exe                    7776 Console                    1     88,696 K
chrome.exe                   20328 Console                    1    171,472 K
chrome.exe                   25464 Console                    1    136,748 K
smartscreen.exe              21732 Console                    1     12,812 K
powershell.exe                7336 Console                    1     80,196 K
conhost.exe                  24360 Console                    1     21,696 K
chrome.exe                   20116 Console                    1     31,300 K
svchost.exe                  18816 Services                   0      9,664 K
Code.exe                     18888 Console                    1    165,116 K
Code.exe                     23624 Console                    1     32,608 K
Code.exe                     24756 Console                    1    110,636 K
Code.exe                     11624 Console                    1     49,872 K
Code.exe                     10520 Console                    1    239,252 K
Code.exe                      3232 Console                    1    528,732 K
Code.exe                     20992 Console                    1    117,924 K
Code.exe                     10516 Console                    1    108,020 K
chrome.exe                   17520 Console                    1     58,444 K
chrome.exe                   18156 Console                    1     41,104 K
cmd.exe                      23812 Console                    1      6,668 K
tasklist.exe                 14232 Console                    1     11,476 K
[2025-10-28] --- Кінець списку процесів --- 
[2025-10-28] Спроба завершити процес: xx.exe... 
[2025-10-28] Помилка: Не вдалося завершити процес xx.exe (можливо, він не був запущений). 
[2025-10-28] Видалення файлів *.TMP та temp*.* з C:\IPZ-23-4-(3.1)\KOP\lab_2\baza... 
[2025-10-28] Видалено тимчасових файлів: 0. 
[2025-10-28] --- Початок виконання скрипта --- 
[2025-10-28] Файл C:\IPZ-23-4-(3.1)\KOP\lab_2\logs\lab.log відкрито або створено. 
[2025-10-28] Спроба синхронізації часу з NTP-сервером (pool.ntp.org)... 
[2025-10-28] (Для цього потрібні права адміністратора) 
[2025-10-28] Команда синхронізації часу виконана. 
[2025-10-28] Оновлений час: Tue 10/28/2025 21:14:57.98 
[2025-10-28] Список поточних запущених процесів: 
[2025-10-28] --- Початок списку процесів --- 

Image Name                     PID Session Name        Session#    Mem Usage
========================= ======== ================ =========== ============
System Idle Process              0 Services                   0          8 K
System                           4 Services                   0      3,624 K
Registry                       224 Services                   0     34,908 K
smss.exe                       732 Services                   0          8 K
csrss.exe                      668 Services                   0      2,180 K
wininit.exe                   1044 Services                   0        244 K
csrss.exe                     1052 Console                    1      2,780 K
services.exe                  1132 Services                   0      6,844 K
winlogon.exe                  1160 Console                    1      2,644 K
lsass.exe                     1192 Services                   0     12,492 K
svchost.exe                   1356 Services                   0     20,980 K
fontdrvhost.exe               1388 Console                    1      2,968 K
fontdrvhost.exe               1392 Services                   0        160 K
WUDFHost.exe                  1416 Services                   0        324 K
svchost.exe                   1516 Services                   0     13,608 K
svchost.exe                   1572 Services                   0      4,068 K
dwm.exe                       1640 Console                    1     70,208 K
svchost.exe                   1804 Services                   0        996 K
svchost.exe                   1812 Services                   0      2,368 K
svchost.exe                   1828 Services                   0      1,948 K
svchost.exe                   1836 Services                   0      2,096 K
svchost.exe                   1852 Services                   0      6,836 K
svchost.exe                    932 Services                   0      1,672 K
svchost.exe                   1092 Services                   0      6,144 K
svchost.exe                    792 Services                   0      5,456 K
svchost.exe                   1204 Services                   0      6,748 K
svchost.exe                   2128 Services                   0      6,600 K
svchost.exe                   2144 Services                   0      2,156 K
svchost.exe                   2252 Services                   0      3,348 K
svchost.exe                   2384 Services                   0      8,320 K
svchost.exe                   2600 Services                   0      1,572 K
NVDisplay.Container.exe       2620 Services                   0     13,180 K
svchost.exe                   2724 Services                   0      4,872 K
svchost.exe                   2764 Services                   0     11,692 K
svchost.exe                   2772 Services                   0     32,036 K
svchost.exe                   2836 Services                   0      3,996 K
svchost.exe                   2844 Services                   0      1,476 K
svchost.exe                   2852 Services                   0      1,284 K
Memory Compression            2404 Services                   0    747,540 K
svchost.exe                   3080 Services                   0      2,552 K
svchost.exe                   3100 Services                   0        588 K
svchost.exe                   3152 Services                   0      2,748 K
svchost.exe                   3160 Services                   0      3,660 K
svchost.exe                   3256 Services                   0      5,268 K
svchost.exe                   3320 Services                   0     10,148 K
svchost.exe                   3360 Services                   0      3,188 K
svchost.exe                   3404 Services                   0      1,224 K
svchost.exe                   3412 Services                   0      2,484 K
svchost.exe                   3468 Services                   0      1,364 K
spoolsv.exe                   3576 Services                   0        476 K
svchost.exe                   3672 Services                   0      6,040 K
svchost.exe                   3720 Services                   0      2,220 K
svchost.exe                   3996 Services                   0     23,124 K
svchost.exe                   4004 Services                   0      2,044 K
svchost.exe                   4012 Services                   0     10,600 K
svchost.exe                   4024 Services                   0     18,784 K
remoting_host.exe             4036 Services                   0        356 K
svchost.exe                   4048 Services                   0      1,356 K
svchost.exe                   4060 Services                   0      2,636 K
AdGuardHome.exe               4088 Services                   0     36,068 K
OfficeClickToRun.exe          3208 Services                   0      5,200 K
NVDisplay.Container.exe       3356 Console                    1     17,536 K
MpDefenderCoreService.exe     4120 Services                   0     10,000 K
svchost.exe                   4164 Services                   0      2,288 K
plasticd.exe                  4188 Services                   0     21,168 K
nvcontainer.exe               4212 Services                   0     17,248 K
RtkAudUService64.exe          4240 Services                   0      2,188 K
svchost.exe                   4284 Services                   0      1,104 K
svchost.exe                   4324 Services                   0        572 K
RvControlSvc.exe              4360 Services                   0      2,808 K
svchost.exe                   4388 Services                   0     21,132 K
wallpaperservice32.exe        4400 Services                   0        272 K
MsMpEng.exe                   4428 Services                   0    227,600 K
svchost.exe                   4452 Services                   0      3,972 K
svchost.exe                   4468 Services                   0      5,664 K
svchost.exe                   4476 Services                   0      1,272 K
urban-vpn-service.exe         4520 Services                   0      5,044 K
warp-svc.exe                  5696 Services                   0     15,052 K
remoting_host.exe             5100 Services                   0      9,488 K
wallpaper32.exe               7024 Console                    1     36,460 K
WmiPrvSE.exe                  6404 Services                   0     32,956 K
svchost.exe                   7236 Services                   0      1,800 K
svchost.exe                   7344 Services                   0     10,068 K
MSPCManagerService.exe        7460 Services                   0     21,648 K
gamingservices.exe            7484 Services                   0     15,252 K
gamingservicesnet.exe         7492 Services                   0        692 K
AggregatorHost.exe            7736 Services                   0      4,932 K
sihost.exe                    7768 Console                    1     18,872 K
svchost.exe                   7812 Console                    1      7,660 K
svchost.exe                   7872 Console                    1      1,024 K
svchost.exe                   7932 Console                    1     21,288 K
svchost.exe                   8112 Services                   0     17,752 K
taskhostw.exe                 8356 Console                    1     10,612 K
explorer.exe                  8364 Console                    1    240,708 K
svchost.exe                   8420 Services                   0      9,372 K
ShellHost.exe                 8468 Console                    1      6,340 K
svchost.exe                   8708 Services                   0      7,560 K
CrossDeviceResume.exe         8804 Console                    1      4,044 K
svchost.exe                   8988 Console                    1     23,100 K
svchost.exe                   9040 Services                   0      1,396 K
svchost.exe                   9388 Services                   0      2,780 K
svchost.exe                   9480 Services                   0      3,872 K
svchost.exe                   9268 Services                   0        852 K
svchost.exe                   3984 Services                   0     10,036 K
svchost.exe                  10312 Services                   0      3,628 K
svchost.exe                  10428 Services                   0     10,552 K
StartMenuExperienceHost.e    10968 Console                    1     91,564 K
SearchHost.exe               10976 Console                    1     99,604 K
Widgets.exe                  11188 Console                    1     28,228 K
svchost.exe                  11208 Console                    1      2,196 K
WidgetService.exe             9424 Console                    1      2,628 K
RuntimeBroker.exe             9664 Console                    1     50,364 K
svchost.exe                   9840 Console                    1     10,108 K
SearchIndexer.exe            11424 Services                   0     33,836 K
msedgewebview2.exe           12168 Console                    1     70,004 K
msedgewebview2.exe           12228 Console                    1      1,168 K
msedgewebview2.exe           12352 Console                    1     55,892 K
nvcontainer.exe              12372 Console                    1     17,472 K
nvcontainer.exe              12420 Console                    1     48,188 K
msedgewebview2.exe           12456 Console                    1     25,944 K
svchost.exe                  12476 Services                   0     10,968 K
nvcontainer.exe              12524 Console                    1     48,836 K
msedgewebview2.exe           12720 Console                    1      6,088 K
msedgewebview2.exe           12876 Console                    1    156,248 K
ShellExperienceHost.exe      13944 Console                    1     33,504 K
svchost.exe                  13952 Services                   0      8,040 K
nvsphelper64.exe             14636 Console                    1        580 K
NVIDIA Overlay.exe           14656 Console                    1     45,816 K
NVIDIA Overlay.exe           15148 Console                    1      9,268 K
NVIDIA Overlay.exe           15196 Console                    1     14,692 K
NVIDIA Overlay.exe           15340 Console                    1      3,132 K
NVIDIA Overlay.exe            8048 Console                    1     25,396 K
NisSrv.exe                    6560 Services                   0      5,164 K
ctfmon.exe                   15828 Console                    1     16,716 K
PhoneExperienceHost.exe      16092 Console                    1    104,976 K
TextInputHost.exe            16148 Console                    1     47,300 K
Discord.exe                   8816 Console                    1     51,204 K
Discord.exe                  17200 Console                    1      1,012 K
Discord.exe                  17364 Console                    1     90,428 K
Discord.exe                  17388 Console                    1     16,500 K
Discord.exe                  17824 Console                    1    482,896 K
svchost.exe                  18068 Services                   0      9,328 K
Discord.exe                  18344 Console                    1      3,156 K
chrome.exe                   18296 Console                    1    314,108 K
chrome.exe                   17416 Console                    1      2,632 K
chrome.exe                   17780 Console                    1    173,672 K
chrome.exe                   17788 Console                    1     54,648 K
chrome.exe                   17532 Console                    1     10,036 K
chrome.exe                   17968 Console                    1    127,892 K
chrome.exe                   18280 Console                    1     26,332 K
chrome.exe                   18264 Console                    1      6,624 K
chrome.exe                   19444 Console                    1     29,868 K
chrome.exe                   19364 Console                    1     52,720 K
chrome.exe                   18988 Console                    1     12,296 K
chrome.exe                   19976 Console                    1      7,824 K
chrome.exe                   19984 Console                    1      6,720 K
NVIDIA Broadcast.exe          1172 Console                    1     51,004 K
NVIDIA Broadcast.exe         11704 Console                    1     10,992 K
NVIDIA Broadcast.exe         12236 Console                    1      4,628 K
NVIDIA Broadcast.exe         14840 Console                    1     11,804 K
MSPCManager.exe              21128 Console                    1    129,476 K
RuntimeBroker.exe            20908 Console                    1      8,204 K
svchost.exe                  19508 Services                   0      1,612 K
MSPCManagerCore.exe          12380 Console                    1     49,596 K
RuntimeBroker.exe            16988 Console                    1      2,148 K
svchost.exe                  21532 Services                   0      1,132 K
msedgewebview2.exe           21644 Console                    1     56,888 K
msedgewebview2.exe           21716 Console                    1      1,136 K
msedgewebview2.exe           21980 Console                    1     41,440 K
msedgewebview2.exe           22008 Console                    1     12,932 K
msedgewebview2.exe           22056 Console                    1      5,576 K
msedgewebview2.exe           22220 Console                    1    139,280 K
audiodg.exe                  23240 Services                   0     15,400 K
NVIDIA Broadcast.exe         22360 Console                    1      5,060 K
svchost.exe                   1064 Services                   0        916 K
chrome.exe                   21656 Console                    1      5,632 K
ShareX.exe                   23144 Console                    1    183,712 K
svchost.exe                  22552 Services                   0      2,700 K
svchost.exe                  23220 Services                   0      7,360 K
svchost.exe                  21344 Services                   0      1,408 K
svchost.exe                   2900 Services                   0      3,164 K
svchost.exe                   7176 Services                   0      9,732 K
svchost.exe                   4532 Services                   0      2,612 K
SecurityHealthService.exe    23492 Services                   0      1,876 K
svchost.exe                   8680 Services                   0      1,180 K
svchost.exe                  16884 Services                   0      1,616 K
svchost.exe                   7372 Services                   0      1,468 K
chrome.exe                   16028 Console                    1    142,520 K
Telegram.exe                 19040 Console                    1     80,972 K
chrome.exe                   11440 Console                    1      7,264 K
chrome.exe                    2380 Console                    1    317,172 K
chrome.exe                    3248 Console                    1     41,400 K
chrome.exe                   21028 Console                    1    646,316 K
svchost.exe                   8392 Console                    1      5,008 K
chrome.exe                   22496 Console                    1    242,980 K
chrome.exe                    1752 Console                    1     26,508 K
chrome.exe                    2996 Console                    1     37,748 K
chrome.exe                   13468 Console                    1     41,444 K
chrome.exe                    2992 Console                    1      3,912 K
chrome.exe                   14792 Console                    1    226,724 K
chrome.exe                   20732 Console                    1    171,732 K
chrome.exe                   11024 Console                    1    225,884 K
chrome.exe                   14216 Console                    1    205,232 K
chrome.exe                   22920 Console                    1    130,888 K
chrome.exe                    7720 Console                    1      4,548 K
chrome.exe                   21600 Console                    1    191,700 K
svchost.exe                  15840 Services                   0      1,848 K
XboxPcAppFT.exe              12064 Console                    1      5,484 K
chrome.exe                    2608 Console                    1    411,596 K
chrome.exe                    6036 Console                    1    201,812 K
chrome.exe                    7148 Console                    1     66,068 K
chrome.exe                    3136 Console                    1     19,816 K
ApplicationFrameHost.exe     23432 Console                    1      2,840 K
backgroundTaskHost.exe        3680 Console                    1         20 K
RuntimeBroker.exe            19436 Console                    1      4,372 K
svchost.exe                   4104 Console                    1      1,116 K
chrome.exe                    2236 Console                    1     40,100 K
svchost.exe                   1124 Services                   0      9,704 K
chrome.exe                   25400 Console                    1     47,636 K
taskhostw.exe                19064 Console                    1     24,500 K
backgroundTaskHost.exe        4308 Console                    1     61,080 K
RuntimeBroker.exe            25504 Console                    1     20,220 K
chrome.exe                   24588 Console                    1    184,024 K
chrome.exe                    7776 Console                    1     88,696 K
chrome.exe                   20328 Console                    1    171,312 K
chrome.exe                   25464 Console                    1    136,940 K
smartscreen.exe              21732 Console                    1     12,888 K
powershell.exe                7336 Console                    1     80,208 K
conhost.exe                  24360 Console                    1     21,680 K
svchost.exe                  18816 Services                   0      9,772 K
Code.exe                     18888 Console                    1    181,560 K
Code.exe                     23624 Console                    1     32,784 K
Code.exe                     24756 Console                    1    116,368 K
Code.exe                     11624 Console                    1     50,076 K
Code.exe                     10520 Console                    1    336,072 K
Code.exe                      3232 Console                    1    588,160 K
Code.exe                     20992 Console                    1    146,136 K
Code.exe                     10516 Console                    1    108,236 K
chrome.exe                   25020 Console                    1     31,312 K
powershell.exe               17648 Console                    1     74,208 K
conhost.exe                   2424 Console                    1     10,048 K
OpenConsole.exe              19148 Console                    1     18,544 K
WindowsTerminal.exe          23720 Console                    1    116,652 K
svchost.exe                  25964 Services                   0     17,040 K
RuntimeBroker.exe            26036 Console                    1     14,728 K
Code.exe                     25940 Console                    1    103,008 K
chrome.exe                   26060 Console                    1     40,800 K
chrome.exe                   26144 Console                    1     58,348 K
cmd.exe                      13696 Console                    1      6,668 K
tasklist.exe                 24884 Console                    1     11,488 K
[2025-10-28] --- Кінець списку процесів --- 
[2025-10-28] --- Початок виконання скрипта --- 
[2025-10-28] Файл C:\IPZ-23-4-(3.1)\KOP\lab_2\logs\lab.log відкрито або створено. 
[2025-10-28] Спроба синхронізації часу з NTP-сервером (pool.ntp.org)... 
[2025-10-28] (Для цього потрібні права адміністратора) 
[2025-10-28] Команда синхронізації часу виконана. 
[2025-10-28] Оновлений час: Tue 10/28/2025 21:17:17.17 
[2025-10-28] Список поточних запущених процесів: 
[2025-10-28] --- Початок списку процесів --- 

Image Name                     PID Session Name        Session#    Mem Usage
========================= ======== ================ =========== ============
System Idle Process              0 Services                   0          8 K
System                           4 Services                   0      3,624 K
Registry                       224 Services                   0     34,812 K
smss.exe                       732 Services                   0          8 K
csrss.exe                      668 Services                   0      2,196 K
wininit.exe                   1044 Services                   0        244 K
csrss.exe                     1052 Console                    1      2,768 K
services.exe                  1132 Services                   0      6,916 K
winlogon.exe                  1160 Console                    1      2,636 K
lsass.exe                     1192 Services                   0     12,436 K
svchost.exe                   1356 Services                   0     20,908 K
fontdrvhost.exe               1388 Console                    1      2,868 K
fontdrvhost.exe               1392 Services                   0        160 K
WUDFHost.exe                  1416 Services                   0        324 K
svchost.exe                   1516 Services                   0     13,604 K
svchost.exe                   1572 Services                   0      4,064 K
dwm.exe                       1640 Console                    1     92,724 K
svchost.exe                   1804 Services                   0        976 K
svchost.exe                   1812 Services                   0      2,344 K
svchost.exe                   1828 Services                   0      1,900 K
svchost.exe                   1836 Services                   0      2,036 K
svchost.exe                   1852 Services                   0      6,740 K
svchost.exe                    932 Services                   0      1,632 K
svchost.exe                   1092 Services                   0      6,128 K
svchost.exe                    792 Services                   0      5,428 K
svchost.exe                   1204 Services                   0      6,592 K
svchost.exe                   2128 Services                   0      6,588 K
svchost.exe                   2144 Services                   0      2,132 K
svchost.exe                   2252 Services                   0      3,212 K
svchost.exe                   2384 Services                   0      8,320 K
svchost.exe                   2600 Services                   0      1,528 K
NVDisplay.Container.exe       2620 Services                   0     13,864 K
svchost.exe                   2724 Services                   0      4,872 K
svchost.exe                   2764 Services                   0     11,464 K
svchost.exe                   2772 Services                   0     33,584 K
svchost.exe                   2836 Services                   0      3,996 K
svchost.exe                   2844 Services                   0      1,480 K
svchost.exe                   2852 Services                   0      1,264 K
Memory Compression            2404 Services                   0    840,796 K
svchost.exe                   3080 Services                   0      2,560 K
svchost.exe                   3100 Services                   0        588 K
svchost.exe                   3152 Services                   0      2,728 K
svchost.exe                   3160 Services                   0      4,252 K
svchost.exe                   3256 Services                   0      5,264 K
svchost.exe                   3320 Services                   0     10,196 K
svchost.exe                   3360 Services                   0      3,164 K
svchost.exe                   3404 Services                   0      1,204 K
svchost.exe                   3412 Services                   0      2,444 K
svchost.exe                   3468 Services                   0      1,344 K
spoolsv.exe                   3576 Services                   0        476 K
svchost.exe                   3672 Services                   0      5,976 K
svchost.exe                   3720 Services                   0      2,200 K
svchost.exe                   3996 Services                   0     23,464 K
svchost.exe                   4004 Services                   0      2,048 K
svchost.exe                   4012 Services                   0     10,564 K
svchost.exe                   4024 Services                   0     18,304 K
remoting_host.exe             4036 Services                   0        356 K
svchost.exe                   4048 Services                   0      1,340 K
svchost.exe                   4060 Services                   0      2,640 K
AdGuardHome.exe               4088 Services                   0     36,056 K
OfficeClickToRun.exe          3208 Services                   0      4,548 K
NVDisplay.Container.exe       3356 Console                    1     16,952 K
MpDefenderCoreService.exe     4120 Services                   0      9,996 K
svchost.exe                   4164 Services                   0      2,288 K
plasticd.exe                  4188 Services                   0     18,176 K
nvcontainer.exe               4212 Services                   0     17,248 K
RtkAudUService64.exe          4240 Services                   0      2,188 K
svchost.exe                   4284 Services                   0      1,080 K
svchost.exe                   4324 Services                   0        572 K
RvControlSvc.exe              4360 Services                   0      2,540 K
svchost.exe                   4388 Services                   0     21,144 K
wallpaperservice32.exe        4400 Services                   0        272 K
MsMpEng.exe                   4428 Services                   0    223,688 K
svchost.exe                   4452 Services                   0      3,904 K
svchost.exe                   4468 Services                   0      5,636 K
svchost.exe                   4476 Services                   0      1,248 K
urban-vpn-service.exe         4520 Services                   0      5,052 K
warp-svc.exe                  5696 Services                   0     15,300 K
remoting_host.exe             5100 Services                   0      9,416 K
wallpaper32.exe               7024 Console                    1     36,392 K
WmiPrvSE.exe                  6404 Services                   0     30,420 K
svchost.exe                   7236 Services                   0      1,796 K
svchost.exe                   7344 Services                   0     11,804 K
MSPCManagerService.exe        7460 Services                   0     21,004 K
gamingservices.exe            7484 Services                   0     18,496 K
gamingservicesnet.exe         7492 Services                   0        692 K
AggregatorHost.exe            7736 Services                   0      4,928 K
sihost.exe                    7768 Console                    1     18,888 K
svchost.exe                   7812 Console                    1      7,516 K
svchost.exe                   7872 Console                    1      1,008 K
svchost.exe                   7932 Console                    1     21,428 K
svchost.exe                   8112 Services                   0     17,804 K
taskhostw.exe                 8356 Console                    1     10,440 K
explorer.exe                  8364 Console                    1    232,500 K
svchost.exe                   8420 Services                   0      9,316 K
ShellHost.exe                 8468 Console                    1      6,352 K
svchost.exe                   8708 Services                   0      7,536 K
CrossDeviceResume.exe         8804 Console                    1      4,084 K
svchost.exe                   8988 Console                    1     23,204 K
svchost.exe                   9040 Services                   0      1,368 K
svchost.exe                   9388 Services                   0      2,760 K
svchost.exe                   9480 Services                   0      3,856 K
svchost.exe                   9268 Services                   0        840 K
svchost.exe                   3984 Services                   0      9,916 K
svchost.exe                  10312 Services                   0      4,996 K
svchost.exe                  10428 Services                   0     10,500 K
StartMenuExperienceHost.e    10968 Console                    1     91,216 K
SearchHost.exe               10976 Console                    1    100,844 K
Widgets.exe                  11188 Console                    1     28,228 K
svchost.exe                  11208 Console                    1      2,176 K
WidgetService.exe             9424 Console                    1      2,604 K
RuntimeBroker.exe             9664 Console                    1     50,176 K
svchost.exe                   9840 Console                    1     10,180 K
SearchIndexer.exe            11424 Services                   0     35,404 K
msedgewebview2.exe           12168 Console                    1     68,996 K
msedgewebview2.exe           12228 Console                    1      1,168 K
msedgewebview2.exe           12352 Console                    1     58,064 K
nvcontainer.exe              12372 Console                    1     17,264 K
nvcontainer.exe              12420 Console                    1     47,184 K
msedgewebview2.exe           12456 Console                    1     25,788 K
svchost.exe                  12476 Services                   0     10,952 K
nvcontainer.exe              12524 Console                    1     48,792 K
msedgewebview2.exe           12720 Console                    1      6,332 K
msedgewebview2.exe           12876 Console                    1    169,196 K
ShellExperienceHost.exe      13944 Console                    1     33,512 K
svchost.exe                  13952 Services                   0      7,908 K
nvsphelper64.exe             14636 Console                    1        580 K
NVIDIA Overlay.exe           14656 Console                    1     45,812 K
NVIDIA Overlay.exe           15148 Console                    1      9,544 K
NVIDIA Overlay.exe           15196 Console                    1     14,708 K
NVIDIA Overlay.exe           15340 Console                    1      3,132 K
NVIDIA Overlay.exe            8048 Console                    1     25,548 K
NisSrv.exe                    6560 Services                   0      5,136 K
ctfmon.exe                   15828 Console                    1     16,644 K
PhoneExperienceHost.exe      16092 Console                    1    107,920 K
TextInputHost.exe            16148 Console                    1     46,376 K
Discord.exe                   8816 Console                    1     46,436 K
Discord.exe                  17200 Console                    1      1,012 K
Discord.exe                  17364 Console                    1     82,932 K
Discord.exe                  17388 Console                    1     16,368 K
Discord.exe                  17824 Console                    1    473,000 K
svchost.exe                  18068 Services                   0      9,292 K
Discord.exe                  18344 Console                    1      3,156 K
chrome.exe                   18296 Console                    1    320,808 K
chrome.exe                   17416 Console                    1      2,632 K
chrome.exe                   17780 Console                    1    173,508 K
chrome.exe                   17788 Console                    1     54,528 K
chrome.exe                   17532 Console                    1     10,016 K
chrome.exe                   17968 Console                    1    129,424 K
chrome.exe                   18280 Console                    1     21,852 K
chrome.exe                   18264 Console                    1      6,608 K
chrome.exe                   19444 Console                    1     29,868 K
chrome.exe                   19364 Console                    1     52,596 K
chrome.exe                   18988 Console                    1     12,312 K
chrome.exe                   19976 Console                    1      7,848 K
chrome.exe                   19984 Console                    1      6,712 K
NVIDIA Broadcast.exe          1172 Console                    1     50,784 K
NVIDIA Broadcast.exe         11704 Console                    1     10,540 K
NVIDIA Broadcast.exe         12236 Console                    1      4,564 K
NVIDIA Broadcast.exe         14840 Console                    1     10,704 K
MSPCManager.exe              21128 Console                    1     74,600 K
RuntimeBroker.exe            20908 Console                    1      8,172 K
svchost.exe                  19508 Services                   0      1,596 K
MSPCManagerCore.exe          12380 Console                    1     44,664 K
RuntimeBroker.exe            16988 Console                    1      2,128 K
svchost.exe                  21532 Services                   0      1,092 K
msedgewebview2.exe           21644 Console                    1     53,244 K
msedgewebview2.exe           21716 Console                    1      1,136 K
msedgewebview2.exe           21980 Console                    1     32,580 K
msedgewebview2.exe           22008 Console                    1     12,716 K
msedgewebview2.exe           22056 Console                    1      5,316 K
msedgewebview2.exe           22220 Console                    1     59,764 K
audiodg.exe                  23240 Services                   0     15,344 K
NVIDIA Broadcast.exe         22360 Console                    1      5,092 K
svchost.exe                   1064 Services                   0        920 K
chrome.exe                   21656 Console                    1      5,592 K
ShareX.exe                   23144 Console                    1     85,540 K
svchost.exe                  22552 Services                   0      2,712 K
svchost.exe                  23220 Services                   0      7,048 K
svchost.exe                  21344 Services                   0      1,428 K
svchost.exe                   2900 Services                   0      3,192 K
svchost.exe                   7176 Services                   0      9,836 K
svchost.exe                   4532 Services                   0      2,616 K
SecurityHealthService.exe    23492 Services                   0      1,872 K
svchost.exe                   8680 Services                   0      1,180 K
svchost.exe                  16884 Services                   0      1,616 K
svchost.exe                   7372 Services                   0      1,472 K
chrome.exe                   16028 Console                    1    145,164 K
Telegram.exe                 19040 Console                    1     60,348 K
chrome.exe                   11440 Console                    1      7,240 K
chrome.exe                    2380 Console                    1    297,660 K
chrome.exe                    3248 Console                    1     41,264 K
chrome.exe                   21028 Console                    1    612,632 K
svchost.exe                   8392 Console                    1      5,040 K
chrome.exe                   22496 Console                    1    222,928 K
chrome.exe                    1752 Console                    1     22,568 K
chrome.exe                    2996 Console                    1     25,100 K
chrome.exe                   13468 Console                    1     41,232 K
chrome.exe                    2992 Console                    1      3,912 K
chrome.exe                   14792 Console                    1    227,568 K
chrome.exe                   20732 Console                    1    171,108 K
chrome.exe                   11024 Console                    1    224,984 K
chrome.exe                   14216 Console                    1    199,464 K
chrome.exe                   22920 Console                    1    113,652 K
chrome.exe                    7720 Console                    1      4,548 K
chrome.exe                   21600 Console                    1    191,924 K
svchost.exe                  15840 Services                   0      1,848 K
XboxPcAppFT.exe              12064 Console                    1      5,448 K
chrome.exe                    2608 Console                    1    402,104 K
chrome.exe                    6036 Console                    1    201,224 K
chrome.exe                    7148 Console                    1     66,360 K
chrome.exe                    3136 Console                    1     19,920 K
ApplicationFrameHost.exe     23432 Console                    1      2,832 K
backgroundTaskHost.exe        3680 Console                    1         20 K
RuntimeBroker.exe            19436 Console                    1      4,368 K
svchost.exe                   4104 Console                    1      1,116 K
chrome.exe                    2236 Console                    1     40,112 K
svchost.exe                   1124 Services                   0      9,172 K
chrome.exe                   25400 Console                    1     48,296 K
taskhostw.exe                19064 Console                    1     23,616 K
backgroundTaskHost.exe        4308 Console                    1     58,584 K
RuntimeBroker.exe            25504 Console                    1     19,756 K
chrome.exe                   24588 Console                    1    184,024 K
chrome.exe                    7776 Console                    1     88,696 K
chrome.exe                   20328 Console                    1    171,352 K
chrome.exe                   25464 Console                    1    136,984 K
smartscreen.exe              21732 Console                    1     12,864 K
svchost.exe                  18816 Services                   0      9,752 K
Code.exe                     18888 Console                    1    177,680 K
Code.exe                     23624 Console                    1     32,728 K
Code.exe                     24756 Console                    1    111,568 K
Code.exe                     11624 Console                    1     49,944 K
Code.exe                     10520 Console                    1    251,652 K
Code.exe                      3232 Console                    1    588,052 K
Code.exe                     20992 Console                    1    145,476 K
Code.exe                     10516 Console                    1    108,188 K
chrome.exe                   25020 Console                    1     31,312 K
svchost.exe                  25964 Services                   0     17,060 K
RuntimeBroker.exe            26036 Console                    1     13,896 K
Code.exe                     25940 Console                    1    102,944 K
SearchProtocolHost.exe       16800 Services                   0     18,880 K
SearchFilterHost.exe         26432 Services                   0     12,256 K
SearchFilterHost.exe         24436 Services                   0     11,592 K
SearchFilterHost.exe         24612 Services                   0     12,360 K
chrome.exe                   25952 Console                    1     40,764 K
chrome.exe                   18924 Console                    1     58,232 K
chrome.exe                   26308 Console                    1     94,200 K
powershell.exe               26600 Console                    1     76,284 K
conhost.exe                  23600 Console                    1      9,696 K
OpenConsole.exe              17232 Console                    1     18,664 K
WindowsTerminal.exe          26216 Console                    1     98,408 K
cmd.exe                      25588 Console                    1      6,692 K
tasklist.exe                  4272 Console                    1     11,492 K
[2025-10-28] --- Кінець списку процесів --- 
[2025-10-28] Спроба завершити процес: xx.exe... 
[2025-10-28] Помилка: Не вдалося завершити процес xx.exe (можливо, він не був запущений). 
[2025-10-28] Видалення файлів *.TMP та temp*.* з C:\IPZ-23-4-(3.1)\KOP\lab_2\baza... 
[2025-10-28] Видалено тимчасових файлів: 0. 
[2025-10-28] Створення архіву файлів з C:\IPZ-23-4-(3.1)\KOP\lab_2\baza... 
[2025-10-28] Архів 2025-10-28_21-17-19.zip успішно створено у тимчасовій папці. 
[2025-10-28] Переміщення архіву до C:\IPZ-23-4-(3.1)\KOP\lab_2\archive... 
[2025-10-28] ПОМИЛКА: Не вдалося перемістити архів до C:\IPZ-23-4-(3.1)\KOP\lab_2\archive. 
[2025-10-28] Перевірка наявності архіву за вчорашній день... 
[2025-10-28] Вчорашня дата: 2025-10-27. 
[2025-10-28] УВАГА: Архів за 2025-10-27 не знайдено. 
[2025-10-28] Надсилання email-сповіщення... 
[2025-10-28] Email-сповіщення надіслано. 
[2025-10-28] Видалення архівів, старших 30 днів, з C:\IPZ-23-4-(3.1)\KOP\lab_2\archive... 
[2025-10-28] Очищення старих архівів завершено. 
[2025-10-28] Перевірка підключення до Internet (ping 8.8.8.8)... 
[2025-10-28] Підключення до Internet є. 
[2025-10-28] Перевірка статусу комп'ютера 192.168.1.2... 
[2025-10-28] Комп'ютер 192.168.1.2 не в мережі (не відповідає на ping). 
[2025-10-28] Отримання списку комп'ютерів в мережі (net view): 
[2025-10-28] --- Початок списку Net View --- 
[2025-10-28] --- Кінець списку Net View --- 
[2025-10-28] Перевірка IP-адрес з файлу ipon.txt... 
[2025-10-28] Перевірка розміру log-файлу... 
[2025-10-28] Поточний розмір C:\IPZ-23-4-(3.1)\KOP\lab_2\logs\lab.log: 127101 байт. Максимальний: 500000 байт. 
[2025-10-28] Розмір log-файлу в межах норми. 
[2025-10-28] Інформація про вільне та загальне місце на локальних дисках: 
[2025-10-28] --- Початок інформації про диски (PowerShell) --- 

DeviceID FreeSpace (GB) Size (GB)
-------- -------------- ---------
C:                   72       465
D:                  475       931


[2025-10-28] --- Кінець інформації про диски (PowerShell) --- 
[2025-10-28] Збереження інформації про систему у файл systeminfo_2025-10-28_21-17-19.txt... 
[2025-10-28] Інформацію про систему збережено. 
[2025-10-28] --- Завершення виконання скрипта --- 
 
[2025-10-28] --- Початок виконання скрипта --- 
[2025-10-28] Файл C:\IPZ-23-4-(3.1)\KOP\lab_2\logs\lab.log відкрито або створено. 
[2025-10-28] Спроба синхронізації часу з NTP-сервером (pool.ntp.org)... 
[2025-10-28] (Для цього потрібні права адміністратора) 
[2025-10-28] Команда синхронізації часу виконана. 
[2025-10-28] Оновлений час: Tue 10/28/2025 21:25:14.05 
[2025-10-28] Список поточних запущених процесів: 
[2025-10-28] --- Початок списку процесів --- 

Image Name                     PID Session Name        Session#    Mem Usage
========================= ======== ================ =========== ============
System Idle Process              0 Services                   0          8 K
System                           4 Services                   0      3,632 K
Registry                       224 Services                   0     36,168 K
smss.exe                       732 Services                   0        232 K
csrss.exe                      668 Services                   0      2,236 K
wininit.exe                   1044 Services                   0        252 K
csrss.exe                     1052 Console                    1      2,760 K
services.exe                  1132 Services                   0      7,028 K
winlogon.exe                  1160 Console                    1      3,432 K
lsass.exe                     1192 Services                   0     13,536 K
svchost.exe                   1356 Services                   0     21,480 K
fontdrvhost.exe               1388 Console                    1      2,952 K
fontdrvhost.exe               1392 Services                   0        164 K
WUDFHost.exe                  1416 Services                   0        328 K
svchost.exe                   1516 Services                   0     13,604 K
svchost.exe                   1572 Services                   0      4,164 K
dwm.exe                       1640 Console                    1     93,976 K
svchost.exe                   1804 Services                   0      1,004 K
svchost.exe                   1812 Services                   0      2,416 K
svchost.exe                   1828 Services                   0      1,956 K
svchost.exe                   1836 Services                   0      2,108 K
svchost.exe                   1852 Services                   0      7,468 K
svchost.exe                    932 Services                   0      1,684 K
svchost.exe                   1092 Services                   0      6,292 K
svchost.exe                    792 Services                   0      5,564 K
svchost.exe                   1204 Services                   0      9,032 K
svchost.exe                   2128 Services                   0      6,564 K
svchost.exe                   2144 Services                   0      2,152 K
svchost.exe                   2252 Services                   0      3,292 K
svchost.exe                   2384 Services                   0      8,456 K
svchost.exe                   2600 Services                   0      1,576 K
NVDisplay.Container.exe       2620 Services                   0     13,112 K
svchost.exe                   2724 Services                   0      5,428 K
svchost.exe                   2764 Services                   0     13,468 K
svchost.exe                   2772 Services                   0     27,052 K
svchost.exe                   2836 Services                   0      4,036 K
svchost.exe                   2844 Services                   0      1,484 K
svchost.exe                   2852 Services                   0      4,844 K
Memory Compression            2404 Services                   0    827,320 K
svchost.exe                   3080 Services                   0      2,672 K
svchost.exe                   3100 Services                   0        596 K
svchost.exe                   3152 Services                   0      2,756 K
svchost.exe                   3160 Services                   0      4,108 K
svchost.exe                   3256 Services                   0      5,320 K
svchost.exe                   3320 Services                   0     10,384 K
svchost.exe                   3360 Services                   0      3,188 K
svchost.exe                   3404 Services                   0      1,228 K
svchost.exe                   3412 Services                   0      2,480 K
svchost.exe                   3468 Services                   0      1,372 K
spoolsv.exe                   3576 Services                   0        480 K
svchost.exe                   3672 Services                   0      6,132 K
svchost.exe                   3720 Services                   0      2,644 K
svchost.exe                   3996 Services                   0     24,636 K
svchost.exe                   4004 Services                   0      2,076 K
svchost.exe                   4012 Services                   0     10,536 K
svchost.exe                   4024 Services                   0     30,176 K
remoting_host.exe             4036 Services                   0        364 K
svchost.exe                   4048 Services                   0      1,360 K
svchost.exe                   4060 Services                   0      2,668 K
AdGuardHome.exe               4088 Services                   0     36,148 K
OfficeClickToRun.exe          3208 Services                   0      4,808 K
NVDisplay.Container.exe       3356 Console                    1     16,936 K
MpDefenderCoreService.exe     4120 Services                   0     12,160 K
svchost.exe                   4164 Services                   0      2,320 K
plasticd.exe                  4188 Services                   0     18,732 K
nvcontainer.exe               4212 Services                   0     17,196 K
RtkAudUService64.exe          4240 Services                   0      2,192 K
svchost.exe                   4284 Services                   0      1,112 K
svchost.exe                   4324 Services                   0        576 K
RvControlSvc.exe              4360 Services                   0      2,272 K
svchost.exe                   4388 Services                   0     21,488 K
wallpaperservice32.exe        4400 Services                   0        284 K
MsMpEng.exe                   4428 Services                   0    266,596 K
svchost.exe                   4452 Services                   0      3,928 K
svchost.exe                   4468 Services                   0      5,656 K
svchost.exe                   4476 Services                   0      1,264 K
urban-vpn-service.exe         4520 Services                   0     12,556 K
warp-svc.exe                  5696 Services                   0     15,352 K
remoting_host.exe             5100 Services                   0     11,480 K
wallpaper32.exe               7024 Console                    1     37,132 K
WmiPrvSE.exe                  6404 Services                   0     31,760 K
svchost.exe                   7236 Services                   0      1,800 K
svchost.exe                   7344 Services                   0     10,152 K
MSPCManagerService.exe        7460 Services                   0     28,648 K
gamingservices.exe            7484 Services                   0     18,464 K
gamingservicesnet.exe         7492 Services                   0        696 K
AggregatorHost.exe            7736 Services                   0      9,936 K
sihost.exe                    7768 Console                    1     19,040 K
svchost.exe                   7812 Console                    1      7,828 K
svchost.exe                   7872 Console                    1      1,028 K
svchost.exe                   7932 Console                    1     23,596 K
svchost.exe                   8112 Services                   0     17,808 K
taskhostw.exe                 8356 Console                    1     10,288 K
explorer.exe                  8364 Console                    1    236,672 K
svchost.exe                   8420 Services                   0     10,316 K
ShellHost.exe                 8468 Console                    1      6,384 K
svchost.exe                   8708 Services                   0      7,640 K
CrossDeviceResume.exe         8804 Console                    1      4,084 K
svchost.exe                   8988 Console                    1     23,440 K
svchost.exe                   9040 Services                   0      1,416 K
svchost.exe                   9388 Services                   0      2,788 K
svchost.exe                   9480 Services                   0      3,880 K
svchost.exe                   9268 Services                   0        864 K
svchost.exe                   3984 Services                   0     23,316 K
svchost.exe                  10312 Services                   0      5,120 K
svchost.exe                  10428 Services                   0     10,620 K
StartMenuExperienceHost.e    10968 Console                    1     90,300 K
SearchHost.exe               10976 Console                    1     95,224 K
Widgets.exe                  11188 Console                    1     35,940 K
svchost.exe                  11208 Console                    1      2,188 K
WidgetService.exe             9424 Console                    1      2,636 K
RuntimeBroker.exe             9664 Console                    1     45,696 K
svchost.exe                   9840 Console                    1      9,936 K
SearchIndexer.exe            11424 Services                   0     35,072 K
msedgewebview2.exe           12168 Console                    1     69,388 K
msedgewebview2.exe           12228 Console                    1      1,172 K
msedgewebview2.exe           12352 Console                    1     54,516 K
nvcontainer.exe              12372 Console                    1     17,192 K
nvcontainer.exe              12420 Console                    1     47,704 K
msedgewebview2.exe           12456 Console                    1     25,476 K
svchost.exe                  12476 Services                   0     11,172 K
nvcontainer.exe              12524 Console                    1     49,008 K
msedgewebview2.exe           12720 Console                    1      5,996 K
msedgewebview2.exe           12876 Console                    1    120,080 K
ShellExperienceHost.exe      13944 Console                    1     34,364 K
svchost.exe                  13952 Services                   0      7,712 K
nvsphelper64.exe             14636 Console                    1        584 K
NVIDIA Overlay.exe           14656 Console                    1     50,000 K
NVIDIA Overlay.exe           15148 Console                    1      9,460 K
NVIDIA Overlay.exe           15196 Console                    1     15,056 K
NVIDIA Overlay.exe           15340 Console                    1      3,112 K
NVIDIA Overlay.exe            8048 Console                    1     25,636 K
NisSrv.exe                    6560 Services                   0      5,240 K
ctfmon.exe                   15828 Console                    1     16,640 K
PhoneExperienceHost.exe      16092 Console                    1    124,820 K
TextInputHost.exe            16148 Console                    1     61,352 K
Discord.exe                   8816 Console                    1     66,632 K
Discord.exe                  17200 Console                    1      1,016 K
Discord.exe                  17364 Console                    1     86,900 K
Discord.exe                  17388 Console                    1     17,752 K
Discord.exe                  17824 Console                    1    479,784 K
svchost.exe                  18068 Services                   0      9,332 K
Discord.exe                  18344 Console                    1      3,160 K
chrome.exe                   18296 Console                    1    313,360 K
chrome.exe                   17416 Console                    1      2,616 K
chrome.exe                   17780 Console                    1    170,572 K
chrome.exe                   17788 Console                    1     56,176 K
chrome.exe                   17532 Console                    1     10,012 K
chrome.exe                   17968 Console                    1    132,524 K
chrome.exe                   18280 Console                    1     21,772 K
chrome.exe                   18264 Console                    1      6,644 K
chrome.exe                   19444 Console                    1     23,352 K
chrome.exe                   19364 Console                    1     52,804 K
chrome.exe                   18988 Console                    1     12,308 K
chrome.exe                   19976 Console                    1      7,840 K
chrome.exe                   19984 Console                    1      6,684 K
NVIDIA Broadcast.exe          1172 Console                    1     52,088 K
NVIDIA Broadcast.exe         11704 Console                    1     10,596 K
NVIDIA Broadcast.exe         12236 Console                    1      6,736 K
NVIDIA Broadcast.exe         14840 Console                    1     10,108 K
MSPCManager.exe              21128 Console                    1     76,852 K
RuntimeBroker.exe            20908 Console                    1      8,200 K
svchost.exe                  19508 Services                   0      1,620 K
MSPCManagerCore.exe          12380 Console                    1     44,356 K
RuntimeBroker.exe            16988 Console                    1      2,148 K
svchost.exe                  21532 Services                   0      1,216 K
msedgewebview2.exe           21644 Console                    1     58,332 K
msedgewebview2.exe           21716 Console                    1      1,140 K
msedgewebview2.exe           21980 Console                    1     49,416 K
msedgewebview2.exe           22008 Console                    1     13,492 K
msedgewebview2.exe           22056 Console                    1      5,220 K
msedgewebview2.exe           22220 Console                    1     75,716 K
audiodg.exe                  23240 Services                   0     15,352 K
NVIDIA Broadcast.exe         22360 Console                    1      5,312 K
svchost.exe                   1064 Services                   0      1,432 K
chrome.exe                   21656 Console                    1      5,608 K
ShareX.exe                   23144 Console                    1     85,456 K
svchost.exe                  22552 Services                   0      5,404 K
svchost.exe                  23220 Services                   0      7,016 K
svchost.exe                  21344 Services                   0      1,416 K
svchost.exe                   2900 Services                   0      3,168 K
svchost.exe                   7176 Services                   0      9,960 K
svchost.exe                   4532 Services                   0      2,700 K
SecurityHealthService.exe    23492 Services                   0      1,868 K
svchost.exe                   8680 Services                   0      1,184 K
svchost.exe                  16884 Services                   0      1,620 K
svchost.exe                   7372 Services                   0      1,440 K
chrome.exe                   16028 Console                    1    145,444 K
Telegram.exe                 19040 Console                    1     58,408 K
chrome.exe                   11440 Console                    1      7,228 K
chrome.exe                    2380 Console                    1    307,328 K
chrome.exe                    3248 Console                    1     41,636 K
chrome.exe                   21028 Console                    1    592,060 K
svchost.exe                   8392 Console                    1      5,112 K
chrome.exe                   22496 Console                    1    227,492 K
chrome.exe                    1752 Console                    1     22,484 K
chrome.exe                    2996 Console                    1     19,516 K
chrome.exe                   13468 Console                    1     40,568 K
chrome.exe                    2992 Console                    1      3,924 K
chrome.exe                   14792 Console                    1    226,392 K
chrome.exe                   20732 Console                    1    171,644 K
chrome.exe                   11024 Console                    1    224,680 K
chrome.exe                   14216 Console                    1    198,340 K
chrome.exe                   22920 Console                    1    122,700 K
chrome.exe                    7720 Console                    1      4,624 K
chrome.exe                   21600 Console                    1    193,504 K
svchost.exe                  15840 Services                   0      1,852 K
XboxPcAppFT.exe              12064 Console                    1      5,436 K
chrome.exe                    2608 Console                    1    426,632 K
chrome.exe                    6036 Console                    1    201,720 K
chrome.exe                    7148 Console                    1     70,028 K
chrome.exe                    3136 Console                    1     20,060 K
ApplicationFrameHost.exe     23432 Console                    1      2,892 K
backgroundTaskHost.exe        3680 Console                    1         24 K
RuntimeBroker.exe            19436 Console                    1     12,452 K
svchost.exe                   4104 Console                    1      1,120 K
chrome.exe                    2236 Console                    1     39,072 K
svchost.exe                   1124 Services                   0      9,264 K
chrome.exe                   25400 Console                    1     47,912 K
taskhostw.exe                19064 Console                    1     23,516 K
backgroundTaskHost.exe        4308 Console                    1     57,840 K
RuntimeBroker.exe            25504 Console                    1     19,192 K
chrome.exe                   24588 Console                    1    184,356 K
chrome.exe                    7776 Console                    1     88,616 K
chrome.exe                   20328 Console                    1    171,364 K
chrome.exe                   25464 Console                    1    137,200 K
Code.exe                     18888 Console                    1    175,472 K
Code.exe                     23624 Console                    1     32,788 K
Code.exe                     24756 Console                    1    116,100 K
Code.exe                     11624 Console                    1     49,948 K
Code.exe                     10520 Console                    1    248,840 K
Code.exe                      3232 Console                    1    597,072 K
Code.exe                     20992 Console                    1    142,832 K
Code.exe                     10516 Console                    1    108,176 K
Code.exe                     25940 Console                    1    103,128 K
powershell.exe               26600 Console                    1     76,288 K
conhost.exe                  23600 Console                    1      9,696 K
OpenConsole.exe              17232 Console                    1     18,692 K
WindowsTerminal.exe          26216 Console                    1    101,680 K
chrome.exe                   26524 Console                    1     31,296 K
SearchProtocolHost.exe       22896 Services                   0     16,920 K
svchost.exe                  24356 Services                   0     33,520 K
svchost.exe                   3040 Services                   0      9,556 K
Taskmgr.exe                   4380 Console                    1    176,320 K
chrome.exe                    9096 Console                    1     40,776 K
chrome.exe                   15760 Console                    1     60,360 K
svchost.exe                  22324 Services                   0     30,536 K
cmd.exe                      19788 Console                    1      6,696 K
tasklist.exe                 25760 Console                    1     11,504 K
[2025-10-28] --- Кінець списку процесів --- 
[2025-10-28] Спроба завершити процес: MSPCManager.exe... 
[2025-10-28] Процес MSPCManager.exe та його дочірні процеси успішно завершено. 
[2025-10-28] Видалення файлів *.TMP та temp*.* з C:\IPZ-23-4-(3.1)\KOP\lab_2\baza... 
[2025-10-28] Видалено тимчасових файлів: 0. 
[2025-10-28] Створення архіву файлів з C:\IPZ-23-4-(3.1)\KOP\lab_2\baza... 
[2025-10-28] Архів 2025-10-28_21-25-16.zip успішно створено у тимчасовій папці. 
[2025-10-28] Переміщення архіву до C:\IPZ-23-4-(3.1)\KOP\lab_2\archive... 
[2025-10-28] ПОМИЛКА: Не вдалося перемістити архів до C:\IPZ-23-4-(3.1)\KOP\lab_2\archive. 
[2025-10-28] Перевірка наявності архіву за вчорашній день... 
[2025-10-28] Вчорашня дата: 2025-10-27. 
[2025-10-28] УВАГА: Архів за 2025-10-27 не знайдено. 
[2025-10-28] Надсилання email-сповіщення... 
[2025-10-28] Email-сповіщення надіслано. 
[2025-10-28] Видалення архівів, старших 30 днів, з C:\IPZ-23-4-(3.1)\KOP\lab_2\archive... 
[2025-10-28] Очищення старих архівів завершено. 
[2025-10-28] Перевірка підключення до Internet (ping 8.8.8.8)... 
[2025-10-28] Підключення до Internet є. 
[2025-10-28] Перевірка статусу комп'ютера 192.168.1.2... 
[2025-10-28] Комп'ютер 192.168.1.2 не в мережі (не відповідає на ping). 
[2025-10-28] Отримання списку комп'ютерів в мережі (net view): 
[2025-10-28] --- Початок списку Net View --- 
[2025-10-28] --- Кінець списку Net View --- 
[2025-10-28] Перевірка IP-адрес з файлу ipon.txt... 
[2025-10-28] Перевірка розміру log-файлу... 
[2025-10-28] Поточний розмір C:\IPZ-23-4-(3.1)\KOP\lab_2\logs\lab.log: 150450 байт. Максимальний: 500000 байт. 
[2025-10-28] Розмір log-файлу в межах норми. 
[2025-10-28] Інформація про вільне та загальне місце на локальних дисках: 
[2025-10-28] --- Початок інформації про диски (PowerShell) --- 

DeviceID FreeSpace (GB) Size (GB)
-------- -------------- ---------
C:                   72       465
D:                  475       931


[2025-10-28] --- Кінець інформації про диски (PowerShell) --- 
[2025-10-28] Збереження інформації про систему у файл systeminfo_2025-10-28_21-25-16.txt... 
[2025-10-28] Інформацію про систему збережено. 
[2025-10-28] --- Завершення виконання скрипта --- 
 
[2025-10-28] --- Початок виконання скрипта --- 
[2025-10-28] Файл C:\IPZ-23-4-(3.1)\KOP\lab_2\logs\lab.log відкрито або створено. 
[2025-10-28] Спроба синхронізації часу з NTP-сервером (pool.ntp.org)... 
[2025-10-28] (Для цього потрібні права адміністратора) 
[2025-10-28] Команда синхронізації часу виконана. 
[2025-10-28] Оновлений час: Tue 10/28/2025 21:26:14.52 
[2025-10-28] Список поточних запущених процесів: 
[2025-10-28] --- Початок списку процесів --- 

Image Name                     PID Session Name        Session#    Mem Usage
========================= ======== ================ =========== ============
System Idle Process              0 Services                   0          8 K
System                           4 Services                   0      3,632 K
Registry                       224 Services                   0     44,252 K
smss.exe                       732 Services                   0        232 K
csrss.exe                      668 Services                   0      2,248 K
wininit.exe                   1044 Services                   0        252 K
csrss.exe                     1052 Console                    1      2,760 K
services.exe                  1132 Services                   0      7,024 K
winlogon.exe                  1160 Console                    1      3,408 K
lsass.exe                     1192 Services                   0     13,504 K
svchost.exe                   1356 Services                   0     21,196 K
fontdrvhost.exe               1388 Console                    1      2,956 K
fontdrvhost.exe               1392 Services                   0        164 K
WUDFHost.exe                  1416 Services                   0        328 K
svchost.exe                   1516 Services                   0     13,652 K
svchost.exe                   1572 Services                   0      4,172 K
dwm.exe                       1640 Console                    1     93,844 K
svchost.exe                   1804 Services                   0        980 K
svchost.exe                   1812 Services                   0      2,392 K
svchost.exe                   1828 Services                   0      1,920 K
svchost.exe                   1836 Services                   0      2,052 K
svchost.exe                   1852 Services                   0      7,364 K
svchost.exe                    932 Services                   0      1,648 K
svchost.exe                   1092 Services                   0      6,264 K
svchost.exe                    792 Services                   0      5,508 K
svchost.exe                   1204 Services                   0      8,836 K
svchost.exe                   2128 Services                   0      6,564 K
svchost.exe                   2144 Services                   0      2,132 K
svchost.exe                   2252 Services                   0      3,520 K
svchost.exe                   2384 Services                   0      8,704 K
svchost.exe                   2600 Services                   0      1,536 K
NVDisplay.Container.exe       2620 Services                   0     13,816 K
svchost.exe                   2724 Services                   0      5,052 K
svchost.exe                   2764 Services                   0     13,812 K
svchost.exe                   2772 Services                   0     27,064 K
svchost.exe                   2836 Services                   0      4,028 K
svchost.exe                   2844 Services                   0      1,484 K
svchost.exe                   2852 Services                   0      4,780 K
Memory Compression            2404 Services                   0    764,912 K
svchost.exe                   3080 Services                   0      2,576 K
svchost.exe                   3100 Services                   0        592 K
svchost.exe                   3152 Services                   0      2,732 K
svchost.exe                   3160 Services                   0      4,064 K
svchost.exe                   3256 Services                   0      5,328 K
svchost.exe                   3320 Services                   0     10,408 K
svchost.exe                   3360 Services                   0      3,172 K
svchost.exe                   3404 Services                   0      1,208 K
svchost.exe                   3412 Services                   0      2,452 K
svchost.exe                   3468 Services                   0      1,352 K
spoolsv.exe                   3576 Services                   0        480 K
svchost.exe                   3672 Services                   0      6,160 K
svchost.exe                   3720 Services                   0      2,660 K
svchost.exe                   3996 Services                   0     23,512 K
svchost.exe                   4004 Services                   0      2,080 K
svchost.exe                   4012 Services                   0     10,564 K
svchost.exe                   4024 Services                   0     30,492 K
remoting_host.exe             4036 Services                   0        364 K
svchost.exe                   4048 Services                   0      1,340 K
svchost.exe                   4060 Services                   0      2,668 K
AdGuardHome.exe               4088 Services                   0     36,148 K
OfficeClickToRun.exe          3208 Services                   0      4,808 K
NVDisplay.Container.exe       3356 Console                    1     16,936 K
MpDefenderCoreService.exe     4120 Services                   0     12,144 K
svchost.exe                   4164 Services                   0      2,320 K
plasticd.exe                  4188 Services                   0     18,860 K
nvcontainer.exe               4212 Services                   0     17,196 K
RtkAudUService64.exe          4240 Services                   0      2,192 K
svchost.exe                   4284 Services                   0      1,084 K
svchost.exe                   4324 Services                   0        576 K
RvControlSvc.exe              4360 Services                   0      2,272 K
svchost.exe                   4388 Services                   0     19,656 K
wallpaperservice32.exe        4400 Services                   0        284 K
MsMpEng.exe                   4428 Services                   0    253,068 K
svchost.exe                   4452 Services                   0      3,956 K
svchost.exe                   4468 Services                   0      5,636 K
svchost.exe                   4476 Services                   0      1,244 K
urban-vpn-service.exe         4520 Services                   0     12,548 K
warp-svc.exe                  5696 Services                   0     15,372 K
remoting_host.exe             5100 Services                   0     11,448 K
wallpaper32.exe               7024 Console                    1     37,120 K
WmiPrvSE.exe                  6404 Services                   0     33,060 K
svchost.exe                   7236 Services                   0      1,800 K
svchost.exe                   7344 Services                   0     10,148 K
MSPCManagerService.exe        7460 Services                   0     38,564 K
gamingservices.exe            7484 Services                   0     18,296 K
gamingservicesnet.exe         7492 Services                   0        696 K
AggregatorHost.exe            7736 Services                   0      9,964 K
sihost.exe                    7768 Console                    1     19,024 K
svchost.exe                   7812 Console                    1      7,796 K
svchost.exe                   7872 Console                    1      1,028 K
svchost.exe                   7932 Console                    1     23,516 K
svchost.exe                   8112 Services                   0     17,680 K
taskhostw.exe                 8356 Console                    1     10,260 K
explorer.exe                  8364 Console                    1    239,264 K
svchost.exe                   8420 Services                   0     10,284 K
ShellHost.exe                 8468 Console                    1      6,388 K
svchost.exe                   8708 Services                   0      7,620 K
CrossDeviceResume.exe         8804 Console                    1      4,084 K
svchost.exe                   8988 Console                    1     23,328 K
svchost.exe                   9040 Services                   0      1,384 K
svchost.exe                   9388 Services                   0      2,764 K
svchost.exe                   9480 Services                   0      3,860 K
svchost.exe                   9268 Services                   0        840 K
svchost.exe                   3984 Services                   0     23,288 K
svchost.exe                  10312 Services                   0      5,016 K
svchost.exe                  10428 Services                   0     10,640 K
StartMenuExperienceHost.e    10968 Console                    1     90,324 K
SearchHost.exe               10976 Console                    1     95,172 K
Widgets.exe                  11188 Console                    1     35,788 K
svchost.exe                  11208 Console                    1      2,176 K
WidgetService.exe             9424 Console                    1      2,616 K
RuntimeBroker.exe             9664 Console                    1     45,696 K
svchost.exe                   9840 Console                    1      9,916 K
SearchIndexer.exe            11424 Services                   0     35,068 K
msedgewebview2.exe           12168 Console                    1     69,340 K
msedgewebview2.exe           12228 Console                    1      1,172 K
msedgewebview2.exe           12352 Console                    1     54,516 K
nvcontainer.exe              12372 Console                    1     17,192 K
nvcontainer.exe              12420 Console                    1     47,860 K
msedgewebview2.exe           12456 Console                    1     25,188 K
svchost.exe                  12476 Services                   0     11,088 K
nvcontainer.exe              12524 Console                    1     50,988 K
msedgewebview2.exe           12720 Console                    1      5,996 K
msedgewebview2.exe           12876 Console                    1    119,764 K
ShellExperienceHost.exe      13944 Console                    1     34,364 K
svchost.exe                  13952 Services                   0      7,688 K
nvsphelper64.exe             14636 Console                    1        584 K
NVIDIA Overlay.exe           14656 Console                    1     51,952 K
NVIDIA Overlay.exe           15148 Console                    1      9,460 K
NVIDIA Overlay.exe           15196 Console                    1     14,928 K
NVIDIA Overlay.exe           15340 Console                    1      3,112 K
NVIDIA Overlay.exe            8048 Console                    1     25,636 K
NisSrv.exe                    6560 Services                   0      5,196 K
ctfmon.exe                   15828 Console                    1     16,700 K
PhoneExperienceHost.exe      16092 Console                    1    124,888 K
TextInputHost.exe            16148 Console                    1     61,208 K
Discord.exe                   8816 Console                    1     67,736 K
Discord.exe                  17200 Console                    1      1,016 K
Discord.exe                  17364 Console                    1     85,472 K
Discord.exe                  17388 Console                    1     18,148 K
Discord.exe                  17824 Console                    1    477,288 K
svchost.exe                  18068 Services                   0      9,332 K
Discord.exe                  18344 Console                    1      3,160 K
chrome.exe                   18296 Console                    1    312,476 K
chrome.exe                   17416 Console                    1      2,616 K
chrome.exe                   17780 Console                    1    169,852 K
chrome.exe                   17788 Console                    1     56,100 K
chrome.exe                   17532 Console                    1     10,012 K
chrome.exe                   17968 Console                    1    133,236 K
chrome.exe                   18280 Console                    1     21,820 K
chrome.exe                   18264 Console                    1      6,648 K
chrome.exe                   19444 Console                    1     23,444 K
chrome.exe                   19364 Console                    1     52,884 K
chrome.exe                   18988 Console                    1     12,316 K
chrome.exe                   19976 Console                    1      7,840 K
chrome.exe                   19984 Console                    1      6,684 K
NVIDIA Broadcast.exe          1172 Console                    1     52,172 K
NVIDIA Broadcast.exe         11704 Console                    1     10,608 K
NVIDIA Broadcast.exe         12236 Console                    1      6,784 K
NVIDIA Broadcast.exe         14840 Console                    1     10,624 K
svchost.exe                  19508 Services                   0      1,620 K
RuntimeBroker.exe            16988 Console                    1      2,148 K
svchost.exe                  21532 Services                   0      1,212 K
audiodg.exe                  23240 Services                   0     15,288 K
NVIDIA Broadcast.exe         22360 Console                    1      5,312 K
svchost.exe                   1064 Services                   0      1,432 K
chrome.exe                   21656 Console                    1      5,608 K
ShareX.exe                   23144 Console                    1     85,472 K
svchost.exe                  22552 Services                   0      5,548 K
svchost.exe                  23220 Services                   0      7,016 K
svchost.exe                  21344 Services                   0      3,440 K
svchost.exe                   2900 Services                   0      3,192 K
svchost.exe                   7176 Services                   0     10,296 K
svchost.exe                   4532 Services                   0      2,680 K
SecurityHealthService.exe    23492 Services                   0      1,868 K
svchost.exe                   8680 Services                   0      1,184 K
svchost.exe                  16884 Services                   0      1,920 K
svchost.exe                   7372 Services                   0      1,460 K
chrome.exe                   16028 Console                    1    143,580 K
Telegram.exe                 19040 Console                    1     58,600 K
chrome.exe                   11440 Console                    1      7,232 K
chrome.exe                    2380 Console                    1    294,992 K
chrome.exe                    3248 Console                    1     41,708 K
chrome.exe                   21028 Console                    1    592,240 K
svchost.exe                   8392 Console                    1      5,100 K
chrome.exe                   22496 Console                    1    227,708 K
chrome.exe                    1752 Console                    1     22,484 K
chrome.exe                    2996 Console                    1     19,536 K
chrome.exe                   13468 Console                    1     40,684 K
chrome.exe                    2992 Console                    1      3,924 K
chrome.exe                   14792 Console                    1    215,704 K
chrome.exe                   20732 Console                    1    182,364 K
chrome.exe                   11024 Console                    1    213,984 K
chrome.exe                   14216 Console                    1    194,772 K
chrome.exe                   22920 Console                    1    125,828 K
chrome.exe                    7720 Console                    1      4,624 K
chrome.exe                   21600 Console                    1    202,764 K
svchost.exe                  15840 Services                   0      1,856 K
XboxPcAppFT.exe              12064 Console                    1      5,464 K
chrome.exe                    2608 Console                    1    426,628 K
chrome.exe                    6036 Console                    1    201,920 K
chrome.exe                    7148 Console                    1     70,592 K
chrome.exe                    3136 Console                    1     20,080 K
ApplicationFrameHost.exe     23432 Console                    1      2,892 K
backgroundTaskHost.exe        3680 Console                    1         24 K
RuntimeBroker.exe            19436 Console                    1     12,404 K
svchost.exe                   4104 Console                    1      1,120 K
chrome.exe                    2236 Console                    1     39,136 K
svchost.exe                   1124 Services                   0      9,240 K
chrome.exe                   25400 Console                    1     47,920 K
taskhostw.exe                19064 Console                    1     23,516 K
backgroundTaskHost.exe        4308 Console                    1     57,856 K
RuntimeBroker.exe            25504 Console                    1     19,192 K
chrome.exe                   24588 Console                    1    184,424 K
chrome.exe                    7776 Console                    1     88,688 K
chrome.exe                   20328 Console                    1    171,436 K
chrome.exe                   25464 Console                    1    137,308 K
Code.exe                     18888 Console                    1    175,468 K
Code.exe                     23624 Console                    1     32,788 K
Code.exe                     24756 Console                    1    115,316 K
Code.exe                     11624 Console                    1     49,912 K
Code.exe                     10520 Console                    1    235,936 K
Code.exe                      3232 Console                    1    597,004 K
Code.exe                     20992 Console                    1    142,800 K
Code.exe                     10516 Console                    1    108,144 K
Code.exe                     25940 Console                    1    103,096 K
powershell.exe               26600 Console                    1     76,580 K
conhost.exe                  23600 Console                    1      9,696 K
OpenConsole.exe              17232 Console                    1     18,692 K
WindowsTerminal.exe          26216 Console                    1    101,964 K
chrome.exe                   26524 Console                    1     31,440 K
SearchProtocolHost.exe       22896 Services                   0     16,884 K
svchost.exe                  24356 Services                   0     33,348 K
svchost.exe                   3040 Services                   0      9,564 K
Taskmgr.exe                   4380 Console                    1    175,336 K
svchost.exe                  22324 Services                   0     30,784 K
chrome.exe                   17640 Console                    1     58,692 K
chrome.exe                   25052 Console                    1     40,792 K
WmiPrvSE.exe                 21700 Services                   0     12,032 K
TrustedInstaller.exe          7384 Services                   0      9,824 K
TiWorker.exe                 20360 Services                   0     17,580 K
cmd.exe                      26556 Console                    1      6,692 K
tasklist.exe                 22052 Console                    1     11,512 K
[2025-10-28] --- Кінець списку процесів --- 
[2025-10-28] Спроба завершити процес: MSPCManager.exe... 
[2025-10-28] Помилка: Не вдалося завершити процес MSPCManager.exe (можливо, він не був запущений). 
[2025-10-28] Видалення файлів *.TMP та temp*.* з C:\IPZ-23-4-(3.1)\KOP\lab_2\baza... 
[2025-10-28] Видалено тимчасових файлів: 0. 
[2025-10-28] Створення архіву файлів з C:\IPZ-23-4-(3.1)\KOP\lab_2\baza... 
[2025-10-28] Архів 2025-10-28_21-26-16.zip успішно створено у тимчасовій папці. 
[2025-10-28] Переміщення архіву до C:\IPZ-23-4-(3.1)\KOP\lab_2\archive... 
[2025-10-28] Архів успішно переміщено до C:\IPZ-23-4-(3.1)\KOP\lab_2\archive. 
[2025-10-28] Перевірка наявності архіву за вчорашній день... 
[2025-10-28] Вчорашня дата: 2025-10-27. 
[2025-10-28] УВАГА: Архів за 2025-10-27 не знайдено. 
[2025-10-28] Надсилання email-сповіщення... 
[2025-10-28] Email-сповіщення надіслано. 
[2025-10-28] Видалення архівів, старших 30 днів, з C:\IPZ-23-4-(3.1)\KOP\lab_2\archive... 
[2025-10-28] Очищення старих архівів завершено. 
[2025-10-28] Перевірка підключення до Internet (ping 8.8.8.8)... 
[2025-10-28] Підключення до Internet є. 
[2025-10-28] Перевірка статусу комп'ютера 192.168.1.2... 
[2025-10-28] Комп'ютер 192.168.1.2 не в мережі (не відповідає на ping). 
[2025-10-28] Отримання списку комп'ютерів в мережі (net view): 
[2025-10-28] --- Початок списку Net View --- 
[2025-10-28] --- Кінець списку Net View --- 
[2025-10-28] Перевірка IP-адрес з файлу ipon.txt... 
[2025-10-28] Перевірка розміру log-файлу... 
[2025-10-28] Поточний розмір C:\IPZ-23-4-(3.1)\KOP\lab_2\logs\lab.log: 173341 байт. Максимальний: 500000 байт. 
[2025-10-28] Розмір log-файлу в межах норми. 
[2025-10-28] Інформація про вільне та загальне місце на локальних дисках: 
[2025-10-28] --- Початок інформації про диски (PowerShell) --- 

DeviceID FreeSpace (GB) Size (GB)
-------- -------------- ---------
C:                   72       465
D:                  475       931


[2025-10-28] --- Кінець інформації про диски (PowerShell) --- 
[2025-10-28] Збереження інформації про систему у файл systeminfo_2025-10-28_21-26-16.txt... 
[2025-10-28] Інформацію про систему збережено. 
[2025-10-28] --- Завершення виконання скрипта --- 
 
[2025-10-28] --- Початок виконання скрипта --- 
[2025-10-28] --- Початок виконання скрипта --- 
[2025-10-28] --- Початок виконання скрипта --- 
[2025-10-28] Файл "C:\IPZ-23-4\KOP\lab_2\logs\lab.log" відкрито або створено. 
[2025-10-28] Спроба синхронізації часу з NTP-сервером (pool.ntp.org)... 
[2025-10-28] (Для цього потрібні права адміністратора) 
[2025-10-28] Команда синхронізації часу виконана. 
[2025-10-28] Оновлений час: Tue 10/28/2025 21:32:58.77 
[2025-10-28] Список поточних запущених процесів: 
[2025-10-28] --- Початок списку процесів --- 

Image Name                     PID Session Name        Session#    Mem Usage
========================= ======== ================ =========== ============
System Idle Process              0 Services                   0          8 K
System                           4 Services                   0      3,636 K
Registry                       224 Services                   0     44,900 K
smss.exe                       732 Services                   0        232 K
csrss.exe                      668 Services                   0      2,692 K
wininit.exe                   1044 Services                   0        252 K
csrss.exe                     1052 Console                    1      3,240 K
services.exe                  1132 Services                   0      7,052 K
winlogon.exe                  1160 Console                    1      3,444 K
lsass.exe                     1192 Services                   0     14,576 K
svchost.exe                   1356 Services                   0     21,332 K
fontdrvhost.exe               1388 Console                    1      3,372 K
fontdrvhost.exe               1392 Services                   0        164 K
WUDFHost.exe                  1416 Services                   0        328 K
svchost.exe                   1516 Services                   0     13,700 K
svchost.exe                   1572 Services                   0      4,220 K
dwm.exe                       1640 Console                    1     73,676 K
svchost.exe                   1804 Services                   0        980 K
svchost.exe                   1812 Services                   0      2,412 K
svchost.exe                   1828 Services                   0      1,900 K
svchost.exe                   1836 Services                   0      2,056 K
svchost.exe                   1852 Services                   0      7,368 K
svchost.exe                    932 Services                   0      1,620 K
svchost.exe                   1092 Services                   0      6,228 K
svchost.exe                    792 Services                   0      5,516 K
svchost.exe                   1204 Services                   0      9,084 K
svchost.exe                   2128 Services                   0      6,680 K
svchost.exe                   2144 Services                   0      2,172 K
svchost.exe                   2252 Services                   0      3,612 K
svchost.exe                   2384 Services                   0      8,644 K
svchost.exe                   2600 Services                   0      1,532 K
NVDisplay.Container.exe       2620 Services                   0     13,348 K
svchost.exe                   2724 Services                   0      4,940 K
svchost.exe                   2764 Services                   0     13,768 K
svchost.exe                   2772 Services                   0     31,712 K
svchost.exe                   2836 Services                   0      4,032 K
svchost.exe                   2844 Services                   0      1,484 K
svchost.exe                   2852 Services                   0      4,980 K
Memory Compression            2404 Services                   0    856,432 K
svchost.exe                   3080 Services                   0      2,632 K
svchost.exe                   3100 Services                   0        596 K
svchost.exe                   3152 Services                   0      2,740 K
svchost.exe                   3160 Services                   0      3,968 K
svchost.exe                   3256 Services                   0      5,364 K
svchost.exe                   3320 Services                   0     11,048 K
svchost.exe                   3360 Services                   0      3,168 K
svchost.exe                   3404 Services                   0      2,240 K
svchost.exe                   3412 Services                   0      3,116 K
svchost.exe                   3468 Services                   0      1,348 K
spoolsv.exe                   3576 Services                   0        480 K
svchost.exe                   3672 Services                   0      6,260 K
svchost.exe                   3720 Services                   0      2,612 K
svchost.exe                   3996 Services                   0     23,520 K
svchost.exe                   4004 Services                   0      2,084 K
svchost.exe                   4012 Services                   0     11,420 K
svchost.exe                   4024 Services                   0     31,508 K
remoting_host.exe             4036 Services                   0        364 K
svchost.exe                   4048 Services                   0      1,360 K
svchost.exe                   4060 Services                   0      2,460 K
AdGuardHome.exe               4088 Services                   0     35,652 K
OfficeClickToRun.exe          3208 Services                   0      4,888 K
NVDisplay.Container.exe       3356 Console                    1     17,620 K
MpDefenderCoreService.exe     4120 Services                   0     11,796 K
svchost.exe                   4164 Services                   0      2,276 K
plasticd.exe                  4188 Services                   0     23,000 K
nvcontainer.exe               4212 Services                   0     18,244 K
RtkAudUService64.exe          4240 Services                   0      2,240 K
svchost.exe                   4284 Services                   0      1,084 K
svchost.exe                   4324 Services                   0        576 K
RvControlSvc.exe              4360 Services                   0      2,760 K
svchost.exe                   4388 Services                   0     22,620 K
wallpaperservice32.exe        4400 Services                   0        284 K
MsMpEng.exe                   4428 Services                   0    305,048 K
svchost.exe                   4452 Services                   0      3,940 K
svchost.exe                   4468 Services                   0      8,928 K
svchost.exe                   4476 Services                   0      1,248 K
urban-vpn-service.exe         4520 Services                   0     12,236 K
warp-svc.exe                  5696 Services                   0     15,272 K
remoting_host.exe             5100 Services                   0     11,664 K
wallpaper32.exe               7024 Console                    1     37,208 K
WmiPrvSE.exe                  6404 Services                   0     34,040 K
svchost.exe                   7236 Services                   0      1,804 K
svchost.exe                   7344 Services                   0     10,840 K
MSPCManagerService.exe        7460 Services                   0     43,540 K
gamingservices.exe            7484 Services                   0     18,340 K
gamingservicesnet.exe         7492 Services                   0        696 K
AggregatorHost.exe            7736 Services                   0      9,972 K
sihost.exe                    7768 Console                    1     19,436 K
svchost.exe                   7812 Console                    1      7,784 K
svchost.exe                   7872 Console                    1      1,012 K
svchost.exe                   7932 Console                    1     24,176 K
svchost.exe                   8112 Services                   0     17,820 K
taskhostw.exe                 8356 Console                    1     11,052 K
explorer.exe                  8364 Console                    1    253,904 K
svchost.exe                   8420 Services                   0     10,272 K
ShellHost.exe                 8468 Console                    1      6,456 K
svchost.exe                   8708 Services                   0      8,936 K
CrossDeviceResume.exe         8804 Console                    1      4,092 K
svchost.exe                   8988 Console                    1     35,124 K
svchost.exe                   9040 Services                   0      1,368 K
svchost.exe                   9388 Services                   0      2,788 K
svchost.exe                   9480 Services                   0      3,692 K
svchost.exe                   9268 Services                   0        840 K
svchost.exe                   3984 Services                   0     23,580 K
svchost.exe                  10312 Services                   0      5,012 K
svchost.exe                  10428 Services                   0     10,604 K
StartMenuExperienceHost.e    10968 Console                    1     96,844 K
SearchHost.exe               10976 Console                    1     97,964 K
Widgets.exe                  11188 Console                    1     35,512 K
svchost.exe                  11208 Console                    1      2,212 K
WidgetService.exe             9424 Console                    1      2,612 K
RuntimeBroker.exe             9664 Console                    1     48,064 K
svchost.exe                   9840 Console                    1     14,120 K
SearchIndexer.exe            11424 Services                   0     35,484 K
msedgewebview2.exe           12168 Console                    1     69,636 K
msedgewebview2.exe           12228 Console                    1      1,172 K
msedgewebview2.exe           12352 Console                    1     59,620 K
nvcontainer.exe              12372 Console                    1     17,700 K
nvcontainer.exe              12420 Console                    1     47,724 K
msedgewebview2.exe           12456 Console                    1     25,812 K
svchost.exe                  12476 Services                   0     11,064 K
nvcontainer.exe              12524 Console                    1     51,356 K
msedgewebview2.exe           12720 Console                    1      6,004 K
msedgewebview2.exe           12876 Console                    1    143,460 K
ShellExperienceHost.exe      13944 Console                    1     34,128 K
svchost.exe                  13952 Services                   0      8,596 K
nvsphelper64.exe             14636 Console                    1        644 K
NVIDIA Overlay.exe           14656 Console                    1     53,468 K
NVIDIA Overlay.exe           15148 Console                    1      9,488 K
NVIDIA Overlay.exe           15196 Console                    1     15,044 K
NVIDIA Overlay.exe           15340 Console                    1      3,104 K
NVIDIA Overlay.exe            8048 Console                    1     24,576 K
NisSrv.exe                    6560 Services                   0      5,284 K
ctfmon.exe                   15828 Console                    1     16,840 K
PhoneExperienceHost.exe      16092 Console                    1    116,544 K
TextInputHost.exe            16148 Console                    1    170,356 K
Discord.exe                   8816 Console                    1     68,100 K
Discord.exe                  17200 Console                    1        996 K
Discord.exe                  17364 Console                    1     86,084 K
Discord.exe                  17388 Console                    1     18,184 K
Discord.exe                  17824 Console                    1    477,100 K
svchost.exe                  18068 Services                   0      9,336 K
Discord.exe                  18344 Console                    1      3,180 K
chrome.exe                   18296 Console                    1    293,656 K
chrome.exe                   17416 Console                    1      2,652 K
chrome.exe                   17780 Console                    1    125,804 K
chrome.exe                   17788 Console                    1     55,312 K
chrome.exe                   17532 Console                    1      9,264 K
chrome.exe                   17968 Console                    1    135,916 K
chrome.exe                   18280 Console                    1     21,172 K
chrome.exe                   18264 Console                    1      6,548 K
chrome.exe                   19444 Console                    1     22,052 K
chrome.exe                   19364 Console                    1     52,036 K
chrome.exe                   18988 Console                    1     12,248 K
chrome.exe                   19976 Console                    1      7,872 K
chrome.exe                   19984 Console                    1      6,684 K
NVIDIA Broadcast.exe          1172 Console                    1     52,856 K
NVIDIA Broadcast.exe         11704 Console                    1     10,488 K
NVIDIA Broadcast.exe         12236 Console                    1      6,784 K
NVIDIA Broadcast.exe         14840 Console                    1     10,600 K
svchost.exe                  19508 Services                   0      1,588 K
RuntimeBroker.exe            16988 Console                    1      2,128 K
svchost.exe                  21532 Services                   0      1,188 K
audiodg.exe                  23240 Services                   0     15,404 K
NVIDIA Broadcast.exe         22360 Console                    1      5,324 K
svchost.exe                   1064 Services                   0      1,436 K
chrome.exe                   21656 Console                    1      5,404 K
ShareX.exe                   23144 Console                    1     84,256 K
svchost.exe                  22552 Services                   0      5,568 K
svchost.exe                  23220 Services                   0      7,028 K
svchost.exe                  21344 Services                   0      3,368 K
svchost.exe                   2900 Services                   0      3,164 K
svchost.exe                   7176 Services                   0     10,548 K
svchost.exe                   4532 Services                   0      2,784 K
SecurityHealthService.exe    23492 Services                   0      1,836 K
svchost.exe                   8680 Services                   0      1,200 K
svchost.exe                  16884 Services                   0      2,372 K
svchost.exe                   7372 Services                   0      1,496 K
chrome.exe                   16028 Console                    1    145,272 K
Telegram.exe                 19040 Console                    1     57,764 K
chrome.exe                   11440 Console                    1      7,028 K
chrome.exe                    2380 Console                    1    310,324 K
chrome.exe                    3248 Console                    1     39,000 K
chrome.exe                   21028 Console                    1    615,992 K
svchost.exe                   8392 Console                    1      5,092 K
chrome.exe                   22496 Console                    1    225,516 K
chrome.exe                    1752 Console                    1     22,384 K
chrome.exe                    2996 Console                    1     19,664 K
chrome.exe                   13468 Console                    1     43,912 K
chrome.exe                    2992 Console                    1      3,896 K
chrome.exe                   14792 Console                    1    215,236 K
chrome.exe                   20732 Console                    1    171,576 K
chrome.exe                   11024 Console                    1    226,948 K
chrome.exe                   14216 Console                    1    206,216 K
chrome.exe                   22920 Console                    1    120,332 K
chrome.exe                    7720 Console                    1      4,520 K
chrome.exe                   21600 Console                    1    191,580 K
svchost.exe                  15840 Services                   0      1,856 K
XboxPcAppFT.exe              12064 Console                    1      5,484 K
chrome.exe                    2608 Console                    1    424,208 K
chrome.exe                    6036 Console                    1    174,400 K
chrome.exe                    7148 Console                    1     69,984 K
chrome.exe                    3136 Console                    1     19,924 K
ApplicationFrameHost.exe     23432 Console                    1      2,920 K
backgroundTaskHost.exe        3680 Console                    1         24 K
RuntimeBroker.exe            19436 Console                    1     12,416 K
svchost.exe                   4104 Console                    1      1,120 K
chrome.exe                    2236 Console                    1     39,964 K
svchost.exe                   1124 Services                   0      9,328 K
chrome.exe                   25400 Console                    1     47,468 K
taskhostw.exe                19064 Console                    1     23,432 K
backgroundTaskHost.exe        4308 Console                    1     59,532 K
RuntimeBroker.exe            25504 Console                    1     18,976 K
chrome.exe                   24588 Console                    1    151,348 K
chrome.exe                    7776 Console                    1     65,608 K
chrome.exe                   20328 Console                    1    139,424 K
chrome.exe                   25464 Console                    1    117,368 K
svchost.exe                   3040 Services                   0      9,704 K
Taskmgr.exe                   4380 Console                    1    180,024 K
MSPCManager.exe              21972 Console                    1    213,068 K
RuntimeBroker.exe            21968 Console                    1     14,296 K
MSPCManagerCore.exe          22096 Console                    1    109,188 K
msedgewebview2.exe           22504 Console                    1    115,700 K
msedgewebview2.exe           20984 Console                    1     10,688 K
svchost.exe                  21780 Services                   0     34,260 K
msedgewebview2.exe           25656 Console                    1     95,536 K
msedgewebview2.exe           20352 Console                    1     40,436 K
msedgewebview2.exe           22252 Console                    1     19,764 K
msedgewebview2.exe           19632 Console                    1     93,860 K
chrome.exe                    4668 Console                    1     31,348 K
smartscreen.exe              26440 Console                    1     12,824 K
SearchProtocolHost.exe       26004 Services                   0     18,432 K
SearchFilterHost.exe          2888 Services                   0     12,280 K
Code.exe                     25404 Console                    1    152,828 K
Code.exe                     23068 Console                    1     32,612 K
Code.exe                     10560 Console                    1    100,296 K
Code.exe                     12364 Console                    1     50,936 K
Code.exe                     23064 Console                    1    217,616 K
Code.exe                     24496 Console                    1    168,044 K
Code.exe                     18448 Console                    1    188,100 K
Code.exe                     23860 Console                    1    105,708 K
cmd.exe                       1608 Console                    1      6,904 K
conhost.exe                  19748 Console                    1      9,676 K
OpenConsole.exe              24804 Console                    1     14,740 K
WindowsTerminal.exe          24872 Console                    1     98,636 K
Copilot.exe                  25984 Console                    1    337,672 K
svchost.exe                  13008 Services                   0     12,132 K
RuntimeBroker.exe            25616 Console                    1     28,144 K
chrome.exe                   23992 Console                    1     40,888 K
chrome.exe                   23116 Console                    1     58,860 K
tasklist.exe                 25452 Console                    1     11,540 K
[2025-10-28] --- Кінець списку процесів --- 
[2025-10-28] Спроба завершити процес: "MSPCManager.exe"... 
[2025-10-28] Процес "MSPCManager.exe" та його дочірні процеси успішно завершено. 
[2025-10-28] Видалення файлів *.TMP та temp*.* з "C:\IPZ-23-4\KOP\lab_2\baza"... 
[2025-10-28] Видалено тимчасових файлів: 0. 
[2025-10-28] Створення архіву файлів з "C:\IPZ-23-4\KOP\lab_2\baza"... 
[2025-10-28] Архів 2025-10-28_21-33-01.zip успішно створено у тимчасовій папці. 
[2025-10-28] Переміщення архіву до "C:\IPZ-23-4\KOP\lab_2\archive"... 
[2025-10-28] Архів успішно переміщено до "C:\IPZ-23-4\KOP\lab_2\archive". 
[2025-10-28] Перевірка наявності архіву за вчорашній день... 
[2025-10-28] Вчорашня дата: 2025-10-27. 
[2025-10-28] УВАГА: Архів за 2025-10-27 не знайдено. 
[2025-10-28] Надсилання email-сповіщення... 
[2025-10-28] --- Початок виконання скрипта --- 
[2025-10-28] Файл "C:\IPZ-23-4\KOP\lab_2\logs\lab.log" відкрито або створено. 
[2025-10-28] Спроба синхронізації часу з NTP-сервером (pool.ntp.org)... 
[2025-10-28] (Для цього потрібні права адміністратора) 
[2025-10-28] Команда синхронізації часу виконана. 
[2025-10-28] Оновлений час: Tue 10/28/2025 21:33:49.25 
[2025-10-28] Список поточних запущених процесів: 
[2025-10-28] --- Початок списку процесів --- 

Image Name                     PID Session Name        Session#    Mem Usage
========================= ======== ================ =========== ============
System Idle Process              0 Services                   0          8 K
System                           4 Services                   0      3,640 K
Registry                       224 Services                   0     46,332 K
smss.exe                       732 Services                   0        232 K
csrss.exe                      668 Services                   0      2,696 K
wininit.exe                   1044 Services                   0        252 K
csrss.exe                     1052 Console                    1      3,200 K
services.exe                  1132 Services                   0      6,988 K
winlogon.exe                  1160 Console                    1      3,492 K
lsass.exe                     1192 Services                   0     14,840 K
svchost.exe                   1356 Services                   0     21,172 K
fontdrvhost.exe               1388 Console                    1      3,372 K
fontdrvhost.exe               1392 Services                   0        164 K
WUDFHost.exe                  1416 Services                   0        328 K
svchost.exe                   1516 Services                   0     13,708 K
svchost.exe                   1572 Services                   0      4,244 K
dwm.exe                       1640 Console                    1     73,708 K
svchost.exe                   1804 Services                   0        980 K
svchost.exe                   1812 Services                   0      2,424 K
svchost.exe                   1828 Services                   0      1,900 K
svchost.exe                   1836 Services                   0      2,056 K
svchost.exe                   1852 Services                   0      7,368 K
svchost.exe                    932 Services                   0      1,620 K
svchost.exe                   1092 Services                   0      6,192 K
svchost.exe                    792 Services                   0      5,592 K
svchost.exe                   1204 Services                   0      8,972 K
svchost.exe                   2128 Services                   0      6,748 K
svchost.exe                   2144 Services                   0      2,168 K
svchost.exe                   2252 Services                   0      3,636 K
svchost.exe                   2384 Services                   0      8,752 K
svchost.exe                   2600 Services                   0      1,532 K
NVDisplay.Container.exe       2620 Services                   0     14,232 K
svchost.exe                   2724 Services                   0      5,300 K
svchost.exe                   2764 Services                   0     13,796 K
svchost.exe                   2772 Services                   0     31,716 K
svchost.exe                   2836 Services                   0      4,032 K
svchost.exe                   2844 Services                   0      1,484 K
svchost.exe                   2852 Services                   0      4,984 K
Memory Compression            2404 Services                   0    802,616 K
svchost.exe                   3080 Services                   0      2,624 K
svchost.exe                   3100 Services                   0        592 K
svchost.exe                   3152 Services                   0      2,740 K
svchost.exe                   3160 Services                   0      3,860 K
svchost.exe                   3256 Services                   0      5,820 K
svchost.exe                   3320 Services                   0     11,168 K
svchost.exe                   3360 Services                   0      3,220 K
svchost.exe                   3404 Services                   0      2,256 K
svchost.exe                   3412 Services                   0      3,064 K
svchost.exe                   3468 Services                   0      1,348 K
spoolsv.exe                   3576 Services                   0        480 K
svchost.exe                   3672 Services                   0      6,268 K
svchost.exe                   3720 Services                   0      2,584 K
svchost.exe                   3996 Services                   0     23,512 K
svchost.exe                   4004 Services                   0      2,084 K
svchost.exe                   4012 Services                   0     11,376 K
svchost.exe                   4024 Services                   0     31,708 K
remoting_host.exe             4036 Services                   0        364 K
svchost.exe                   4048 Services                   0      1,340 K
svchost.exe                   4060 Services                   0      2,464 K
AdGuardHome.exe               4088 Services                   0     35,652 K
OfficeClickToRun.exe          3208 Services                   0      4,888 K
NVDisplay.Container.exe       3356 Console                    1     17,936 K
MpDefenderCoreService.exe     4120 Services                   0     11,796 K
svchost.exe                   4164 Services                   0      2,276 K
plasticd.exe                  4188 Services                   0     23,000 K
nvcontainer.exe               4212 Services                   0     18,236 K
RtkAudUService64.exe          4240 Services                   0      2,240 K
svchost.exe                   4284 Services                   0      1,084 K
svchost.exe                   4324 Services                   0        576 K
RvControlSvc.exe              4360 Services                   0      2,760 K
svchost.exe                   4388 Services                   0     23,128 K
wallpaperservice32.exe        4400 Services                   0        284 K
MsMpEng.exe                   4428 Services                   0    284,168 K
svchost.exe                   4452 Services                   0      3,956 K
svchost.exe                   4468 Services                   0      8,932 K
svchost.exe                   4476 Services                   0      1,244 K
urban-vpn-service.exe         4520 Services                   0     12,208 K
warp-svc.exe                  5696 Services                   0     15,296 K
remoting_host.exe             5100 Services                   0     11,596 K
wallpaper32.exe               7024 Console                    1     36,664 K
WmiPrvSE.exe                  6404 Services                   0     32,912 K
svchost.exe                   7236 Services                   0      1,804 K
svchost.exe                   7344 Services                   0     10,820 K
MSPCManagerService.exe        7460 Services                   0     43,540 K
gamingservices.exe            7484 Services                   0     18,328 K
gamingservicesnet.exe         7492 Services                   0        700 K
AggregatorHost.exe            7736 Services                   0      9,972 K
sihost.exe                    7768 Console                    1     19,352 K
svchost.exe                   7812 Console                    1      7,788 K
svchost.exe                   7872 Console                    1      1,012 K
svchost.exe                   7932 Console                    1     24,032 K
svchost.exe                   8112 Services                   0     17,960 K
taskhostw.exe                 8356 Console                    1     11,016 K
explorer.exe                  8364 Console                    1    253,616 K
svchost.exe                   8420 Services                   0     10,272 K
ShellHost.exe                 8468 Console                    1      6,456 K
svchost.exe                   8708 Services                   0      8,900 K
CrossDeviceResume.exe         8804 Console                    1      4,092 K
svchost.exe                   8988 Console                    1     35,336 K
svchost.exe                   9040 Services                   0      1,368 K
svchost.exe                   9388 Services                   0      2,784 K
svchost.exe                   9480 Services                   0      3,696 K
svchost.exe                   9268 Services                   0        840 K
svchost.exe                   3984 Services                   0     23,832 K
svchost.exe                  10312 Services                   0      5,008 K
svchost.exe                  10428 Services                   0     10,600 K
StartMenuExperienceHost.e    10968 Console                    1     98,708 K
SearchHost.exe               10976 Console                    1     99,856 K
Widgets.exe                  11188 Console                    1     35,508 K
svchost.exe                  11208 Console                    1      2,208 K
WidgetService.exe             9424 Console                    1      2,608 K
RuntimeBroker.exe             9664 Console                    1     48,752 K
svchost.exe                   9840 Console                    1     14,152 K
SearchIndexer.exe            11424 Services                   0     35,504 K
msedgewebview2.exe           12168 Console                    1     70,088 K
msedgewebview2.exe           12228 Console                    1      1,168 K
msedgewebview2.exe           12352 Console                    1     59,880 K
nvcontainer.exe              12372 Console                    1     18,012 K
nvcontainer.exe              12420 Console                    1     48,324 K
msedgewebview2.exe           12456 Console                    1     25,468 K
svchost.exe                  12476 Services                   0     11,064 K
nvcontainer.exe              12524 Console                    1     51,360 K
msedgewebview2.exe           12720 Console                    1      6,176 K
msedgewebview2.exe           12876 Console                    1    144,788 K
ShellExperienceHost.exe      13944 Console                    1     34,128 K
svchost.exe                  13952 Services                   0      8,564 K
nvsphelper64.exe             14636 Console                    1        644 K
NVIDIA Overlay.exe           14656 Console                    1     52,312 K
NVIDIA Overlay.exe           15148 Console                    1      9,488 K
NVIDIA Overlay.exe           15196 Console                    1     15,016 K
NVIDIA Overlay.exe           15340 Console                    1      3,104 K
NVIDIA Overlay.exe            8048 Console                    1     24,576 K
NisSrv.exe                    6560 Services                   0      5,168 K
ctfmon.exe                   15828 Console                    1     16,872 K
PhoneExperienceHost.exe      16092 Console                    1    116,548 K
TextInputHost.exe            16148 Console                    1    196,108 K
Discord.exe                   8816 Console                    1     68,032 K
Discord.exe                  17200 Console                    1        996 K
Discord.exe                  17364 Console                    1     86,712 K
Discord.exe                  17388 Console                    1     18,224 K
Discord.exe                  17824 Console                    1    477,748 K
svchost.exe                  18068 Services                   0      9,332 K
Discord.exe                  18344 Console                    1      3,180 K
chrome.exe                   18296 Console                    1    305,700 K
chrome.exe                   17416 Console                    1      2,652 K
chrome.exe                   17780 Console                    1    125,064 K
chrome.exe                   17788 Console                    1     55,764 K
chrome.exe                   17532 Console                    1      9,796 K
chrome.exe                   17968 Console                    1    143,948 K
chrome.exe                   18280 Console                    1     23,740 K
chrome.exe                   18264 Console                    1      8,704 K
chrome.exe                   19444 Console                    1     23,348 K
chrome.exe                   19364 Console                    1     53,684 K
chrome.exe                   18988 Console                    1     14,360 K
chrome.exe                   19976 Console                    1      8,344 K
chrome.exe                   19984 Console                    1      7,036 K
NVIDIA Broadcast.exe          1172 Console                    1     52,860 K
NVIDIA Broadcast.exe         11704 Console                    1     10,488 K
NVIDIA Broadcast.exe         12236 Console                    1      6,784 K
NVIDIA Broadcast.exe         14840 Console                    1     10,600 K
svchost.exe                  19508 Services                   0      1,592 K
RuntimeBroker.exe            16988 Console                    1      2,128 K
svchost.exe                  21532 Services                   0      1,188 K
audiodg.exe                  23240 Services                   0     15,364 K
NVIDIA Broadcast.exe         22360 Console                    1      5,324 K
svchost.exe                   1064 Services                   0      1,432 K
chrome.exe                   21656 Console                    1      9,768 K
ShareX.exe                   23144 Console                    1     84,256 K
svchost.exe                  22552 Services                   0      5,564 K
svchost.exe                  23220 Services                   0      7,036 K
svchost.exe                  21344 Services                   0      3,368 K
svchost.exe                   2900 Services                   0      3,164 K
svchost.exe                   7176 Services                   0     10,728 K
svchost.exe                   4532 Services                   0      2,804 K
SecurityHealthService.exe    23492 Services                   0      1,836 K
svchost.exe                   8680 Services                   0      1,204 K
svchost.exe                  16884 Services                   0      2,372 K
svchost.exe                   7372 Services                   0      1,496 K
chrome.exe                   16028 Console                    1    145,100 K
Telegram.exe                 19040 Console                    1     57,892 K
chrome.exe                   11440 Console                    1      9,004 K
chrome.exe                    2380 Console                    1    330,800 K
chrome.exe                    3248 Console                    1     49,828 K
chrome.exe                   21028 Console                    1    625,952 K
svchost.exe                   8392 Console                    1      5,104 K
chrome.exe                   22496 Console                    1    244,108 K
chrome.exe                    1752 Console                    1     24,308 K
chrome.exe                    2996 Console                    1     22,436 K
chrome.exe                   13468 Console                    1     44,100 K
chrome.exe                    2992 Console                    1      6,500 K
chrome.exe                   14792 Console                    1    234,300 K
chrome.exe                   20732 Console                    1    187,308 K
chrome.exe                   11024 Console                    1    231,916 K
chrome.exe                   14216 Console                    1    207,364 K
chrome.exe                   22920 Console                    1    127,960 K
chrome.exe                    7720 Console                    1      6,716 K
chrome.exe                   21600 Console                    1    205,316 K
svchost.exe                  15840 Services                   0      1,852 K
XboxPcAppFT.exe              12064 Console                    1      5,484 K
chrome.exe                    2608 Console                    1    464,196 K
chrome.exe                    6036 Console                    1    179,484 K
chrome.exe                    7148 Console                    1     74,288 K
chrome.exe                    3136 Console                    1     22,444 K
ApplicationFrameHost.exe     23432 Console                    1      2,920 K
backgroundTaskHost.exe        3680 Console                    1         24 K
RuntimeBroker.exe            19436 Console                    1     12,400 K
svchost.exe                   4104 Console                    1      1,120 K
chrome.exe                    2236 Console                    1     46,824 K
svchost.exe                   1124 Services                   0      9,308 K
chrome.exe                   25400 Console                    1     48,868 K
taskhostw.exe                19064 Console                    1     23,432 K
backgroundTaskHost.exe        4308 Console                    1     59,552 K
RuntimeBroker.exe            25504 Console                    1     18,972 K
chrome.exe                   24588 Console                    1    151,540 K
chrome.exe                    7776 Console                    1     67,096 K
chrome.exe                   20328 Console                    1    139,464 K
chrome.exe                   25464 Console                    1    117,580 K
svchost.exe                   3040 Services                   0      9,704 K
Taskmgr.exe                   4380 Console                    1    180,024 K
svchost.exe                  21780 Services                   0     34,316 K
smartscreen.exe              26440 Console                    1     12,944 K
SearchProtocolHost.exe       26004 Services                   0     18,432 K
SearchFilterHost.exe          2888 Services                   0     12,280 K
Code.exe                     25404 Console                    1    150,692 K
Code.exe                     23068 Console                    1     32,612 K
Code.exe                     10560 Console                    1     99,476 K
Code.exe                     12364 Console                    1     50,076 K
Code.exe                     23064 Console                    1    206,888 K
Code.exe                     24496 Console                    1    166,408 K
Code.exe                     18448 Console                    1    118,780 K
Code.exe                     23860 Console                    1    104,976 K
Copilot.exe                  25984 Console                    1    337,336 K
svchost.exe                  13008 Services                   0     12,204 K
RuntimeBroker.exe            25616 Console                    1     28,192 K
cmd.exe                      21712 Console                    1      6,968 K
conhost.exe                  23644 Console                    1     20,980 K
chrome.exe                     372 Console                    1     62,344 K
chrome.exe                    4112 Console                    1     88,704 K
chrome.exe                    9972 Console                    1     34,296 K
chrome.exe                   21776 Console                    1     57,912 K
svchost.exe                  21004 Services                   0     11,188 K
chrome.exe                    5092 Console                    1     43,796 K
tasklist.exe                 19288 Console                    1     11,508 K
[2025-10-28] --- Кінець списку процесів --- 
[2025-10-28] Спроба завершити процес: "MSPCManager.exe"... 
[2025-10-28] Помилка: Не вдалося завершити процес "MSPCManager.exe" (можливо, він не був запущений). 
[2025-10-28] Видалення файлів *.TMP та temp*.* з "C:\IPZ-23-4\KOP\lab_2\baza"... 
[2025-10-28] Видалено тимчасових файлів: 0. 
[2025-10-28] Створення архіву файлів з "C:\IPZ-23-4\KOP\lab_2\baza"... 
[2025-10-28] Архів 2025-10-28_21-33-51.zip успішно створено у тимчасовій папці. 
[2025-10-28] Переміщення архіву до "C:\IPZ-23-4\KOP\lab_2\archive"... 
[2025-10-28] Архів успішно переміщено до "C:\IPZ-23-4\KOP\lab_2\archive". 
[2025-10-28] Перевірка наявності архіву за вчорашній день... 
[2025-10-28] Вчорашня дата: 2025-10-27. 
[2025-10-28] УВАГА: Архів за 2025-10-27 не знайдено. 
[2025-10-28] Надсилання email-сповіщення... 
[2025-10-28] Email-сповіщення надіслано. 
[2025-10-28] Видалення архівів, старших 30 днів, з "C:\IPZ-23-4\KOP\lab_2\archive"... 
[2025-10-28] Очищення старих архівів завершено. 
[2025-10-28] Перевірка підключення до Internet (ping 8.8.8.8)... 
[2025-10-28] Підключення до Internet є. 
[2025-10-28] Перевірка статусу комп'ютера "192.168.1.2"... 
[2025-10-28] Комп'ютер "192.168.1.2" не в мережі (не відповідає на ping). 
[2025-10-28] Отримання списку комп'ютерів в мережі (net view): 
[2025-10-28] --- Початок списку Net View --- 
[2025-10-28] --- Кінець списку Net View --- 
[2025-10-28] Перевірка IP-адрес з файлу ipon.txt... 
[2025-10-28] Перевірка розміру log-файлу... 
[2025-10-28] Поточний розмір "C:\IPZ-23-4\KOP\lab_2\logs\lab.log":  байт. Максимальний: 500000 байт. 
[2025-10-28] --- Початок виконання скрипта --- 
[2025-10-28] Файл C:\IPZ-23-4\KOP\lab_2\logs\lab.log відкрито або створено. 
[2025-10-28] Спроба синхронізації часу з NTP-сервером (pool.ntp.org)... 
[2025-10-28] (Для цього потрібні права адміністратора) 
[2025-10-28] Команда синхронізації часу виконана. 
[2025-10-28] Оновлений час: Tue 10/28/2025 21:38:29.91 
[2025-10-28] Список поточних запущених процесів: 
[2025-10-28] --- Початок списку процесів --- 

Image Name                     PID Session Name        Session#    Mem Usage
========================= ======== ================ =========== ============
System Idle Process              0 Services                   0          8 K
System                           4 Services                   0      3,640 K
Registry                       224 Services                   0     38,280 K
smss.exe                       732 Services                   0        232 K
csrss.exe                      668 Services                   0      2,712 K
wininit.exe                   1044 Services                   0        252 K
csrss.exe                     1052 Console                    1      3,228 K
services.exe                  1132 Services                   0      7,212 K
winlogon.exe                  1160 Console                    1      3,512 K
lsass.exe                     1192 Services                   0     14,560 K
svchost.exe                   1356 Services                   0     21,268 K
fontdrvhost.exe               1388 Console                    1      3,372 K
fontdrvhost.exe               1392 Services                   0        164 K
WUDFHost.exe                  1416 Services                   0        328 K
svchost.exe                   1516 Services                   0     13,632 K
svchost.exe                   1572 Services                   0      4,236 K
dwm.exe                       1640 Console                    1     73,228 K
svchost.exe                   1804 Services                   0        980 K
svchost.exe                   1812 Services                   0      2,420 K
svchost.exe                   1828 Services                   0      1,904 K
svchost.exe                   1836 Services                   0      2,056 K
svchost.exe                   1852 Services                   0      7,388 K
svchost.exe                    932 Services                   0      1,632 K
svchost.exe                   1092 Services                   0      6,364 K
svchost.exe                    792 Services                   0      5,608 K
svchost.exe                   1204 Services                   0      9,724 K
svchost.exe                   2128 Services                   0      6,736 K
svchost.exe                   2144 Services                   0      2,176 K
svchost.exe                   2252 Services                   0      3,576 K
svchost.exe                   2384 Services                   0      8,700 K
svchost.exe                   2600 Services                   0      1,540 K
NVDisplay.Container.exe       2620 Services                   0     14,288 K
svchost.exe                   2724 Services                   0      4,984 K
svchost.exe                   2764 Services                   0     13,672 K
svchost.exe                   2772 Services                   0     30,500 K
svchost.exe                   2836 Services                   0      4,028 K
svchost.exe                   2844 Services                   0      1,484 K
svchost.exe                   2852 Services                   0      4,916 K
Memory Compression            2404 Services                   0    863,204 K
svchost.exe                   3080 Services                   0      2,600 K
svchost.exe                   3100 Services                   0        596 K
svchost.exe                   3152 Services                   0      2,740 K
svchost.exe                   3160 Services                   0      3,836 K
svchost.exe                   3256 Services                   0      5,332 K
svchost.exe                   3320 Services                   0     11,076 K
svchost.exe                   3360 Services                   0      3,192 K
svchost.exe                   3404 Services                   0      2,192 K
svchost.exe                   3412 Services                   0      3,380 K
svchost.exe                   3468 Services                   0      1,348 K
spoolsv.exe                   3576 Services                   0        480 K
svchost.exe                   3672 Services                   0      6,188 K
svchost.exe                   3720 Services                   0      2,544 K
svchost.exe                   3996 Services                   0     23,284 K
svchost.exe                   4004 Services                   0      2,100 K
svchost.exe                   4012 Services                   0     11,352 K
svchost.exe                   4024 Services                   0     32,852 K
remoting_host.exe             4036 Services                   0        364 K
svchost.exe                   4048 Services                   0      1,340 K
svchost.exe                   4060 Services                   0      2,460 K
AdGuardHome.exe               4088 Services                   0     35,616 K
OfficeClickToRun.exe          3208 Services                   0      4,900 K
NVDisplay.Container.exe       3356 Console                    1     18,096 K
MpDefenderCoreService.exe     4120 Services                   0     12,484 K
svchost.exe                   4164 Services                   0      2,276 K
plasticd.exe                  4188 Services                   0     23,116 K
nvcontainer.exe               4212 Services                   0     18,404 K
RtkAudUService64.exe          4240 Services                   0      2,240 K
svchost.exe                   4284 Services                   0      1,084 K
svchost.exe                   4324 Services                   0        576 K
RvControlSvc.exe              4360 Services                   0      2,760 K
svchost.exe                   4388 Services                   0     18,444 K
wallpaperservice32.exe        4400 Services                   0        284 K
MsMpEng.exe                   4428 Services                   0    288,616 K
svchost.exe                   4452 Services                   0      3,936 K
svchost.exe                   4468 Services                   0      8,824 K
svchost.exe                   4476 Services                   0      1,244 K
urban-vpn-service.exe         4520 Services                   0     12,280 K
warp-svc.exe                  5696 Services                   0     15,408 K
remoting_host.exe             5100 Services                   0     11,628 K
wallpaper32.exe               7024 Console                    1     36,624 K
WmiPrvSE.exe                  6404 Services                   0     31,728 K
svchost.exe                   7236 Services                   0      1,804 K
svchost.exe                   7344 Services                   0     10,988 K
MSPCManagerService.exe        7460 Services                   0     43,476 K
gamingservices.exe            7484 Services                   0     18,388 K
gamingservicesnet.exe         7492 Services                   0        696 K
AggregatorHost.exe            7736 Services                   0      9,972 K
sihost.exe                    7768 Console                    1     19,348 K
svchost.exe                   7812 Console                    1      7,860 K
svchost.exe                   7872 Console                    1      1,012 K
svchost.exe                   7932 Console                    1     23,416 K
svchost.exe                   8112 Services                   0     17,940 K
taskhostw.exe                 8356 Console                    1     11,620 K
explorer.exe                  8364 Console                    1    245,008 K
svchost.exe                   8420 Services                   0     10,304 K
ShellHost.exe                 8468 Console                    1      6,412 K
svchost.exe                   8708 Services                   0      8,948 K
CrossDeviceResume.exe         8804 Console                    1      4,092 K
svchost.exe                   8988 Console                    1     35,428 K
svchost.exe                   9040 Services                   0      1,368 K
svchost.exe                   9388 Services                   0      2,596 K
svchost.exe                   9480 Services                   0      3,460 K
svchost.exe                   9268 Services                   0        840 K
svchost.exe                   3984 Services                   0     23,760 K
svchost.exe                  10312 Services                   0      5,176 K
svchost.exe                  10428 Services                   0     10,400 K
StartMenuExperienceHost.e    10968 Console                    1     99,364 K
SearchHost.exe               10976 Console                    1    102,060 K
Widgets.exe                  11188 Console                    1     28,436 K
svchost.exe                  11208 Console                    1      2,212 K
WidgetService.exe             9424 Console                    1      2,612 K
RuntimeBroker.exe             9664 Console                    1     48,952 K
svchost.exe                   9840 Console                    1     14,260 K
SearchIndexer.exe            11424 Services                   0     35,768 K
msedgewebview2.exe           12168 Console                    1     70,324 K
msedgewebview2.exe           12228 Console                    1      1,196 K
msedgewebview2.exe           12352 Console                    1     60,060 K
nvcontainer.exe              12372 Console                    1     18,096 K
nvcontainer.exe              12420 Console                    1     47,952 K
msedgewebview2.exe           12456 Console                    1     25,528 K
svchost.exe                  12476 Services                   0     10,996 K
nvcontainer.exe              12524 Console                    1     52,456 K
msedgewebview2.exe           12720 Console                    1      6,084 K
msedgewebview2.exe           12876 Console                    1    147,716 K
ShellExperienceHost.exe      13944 Console                    1     33,988 K
svchost.exe                  13952 Services                   0      8,452 K
nvsphelper64.exe             14636 Console                    1        644 K
NVIDIA Overlay.exe           14656 Console                    1     46,684 K
NVIDIA Overlay.exe           15148 Console                    1      9,464 K
NVIDIA Overlay.exe           15196 Console                    1     14,948 K
NVIDIA Overlay.exe           15340 Console                    1      3,104 K
NVIDIA Overlay.exe            8048 Console                    1     24,676 K
NisSrv.exe                    6560 Services                   0      5,228 K
ctfmon.exe                   15828 Console                    1     16,952 K
PhoneExperienceHost.exe      16092 Console                    1    108,932 K
TextInputHost.exe            16148 Console                    1    193,892 K
Discord.exe                   8816 Console                    1     74,092 K
Discord.exe                  17200 Console                    1      1,044 K
Discord.exe                  17364 Console                    1     88,560 K
Discord.exe                  17388 Console                    1     18,576 K
Discord.exe                  17824 Console                    1    488,872 K
svchost.exe                  18068 Services                   0      9,396 K
Discord.exe                  18344 Console                    1      3,544 K
chrome.exe                   18296 Console                    1    296,032 K
chrome.exe                   17416 Console                    1      2,544 K
chrome.exe                   17780 Console                    1    112,848 K
chrome.exe                   17788 Console                    1     55,260 K
chrome.exe                   17532 Console                    1      9,792 K
chrome.exe                   17968 Console                    1    143,944 K
chrome.exe                   18280 Console                    1     23,564 K
chrome.exe                   18264 Console                    1      8,688 K
chrome.exe                   19444 Console                    1     23,296 K
chrome.exe                   19364 Console                    1     54,044 K
chrome.exe                   18988 Console                    1     14,432 K
chrome.exe                   19976 Console                    1      8,340 K
chrome.exe                   19984 Console                    1      7,032 K
NVIDIA Broadcast.exe          1172 Console                    1     52,752 K
NVIDIA Broadcast.exe         11704 Console                    1     10,472 K
NVIDIA Broadcast.exe         12236 Console                    1      6,784 K
NVIDIA Broadcast.exe         14840 Console                    1     10,604 K
svchost.exe                  19508 Services                   0      1,600 K
RuntimeBroker.exe            16988 Console                    1      2,120 K
svchost.exe                  21532 Services                   0      1,192 K
audiodg.exe                  23240 Services                   0     15,460 K
NVIDIA Broadcast.exe         22360 Console                    1      5,324 K
svchost.exe                   1064 Services                   0      1,436 K
chrome.exe                   21656 Console                    1      9,784 K
ShareX.exe                   23144 Console                    1     84,124 K
svchost.exe                  22552 Services                   0      5,560 K
svchost.exe                  23220 Services                   0      7,004 K
svchost.exe                  21344 Services                   0      3,372 K
svchost.exe                   2900 Services                   0      3,160 K
svchost.exe                   7176 Services                   0     10,664 K
svchost.exe                   4532 Services                   0      2,800 K
SecurityHealthService.exe    23492 Services                   0      1,724 K
svchost.exe                   8680 Services                   0      1,184 K
svchost.exe                  16884 Services                   0      2,348 K
svchost.exe                   7372 Services                   0      1,500 K
chrome.exe                   16028 Console                    1    144,768 K
Telegram.exe                 19040 Console                    1     55,252 K
chrome.exe                   11440 Console                    1      9,048 K
chrome.exe                    2380 Console                    1    326,064 K
chrome.exe                    3248 Console                    1     47,860 K
chrome.exe                   21028 Console                    1    622,524 K
svchost.exe                   8392 Console                    1      5,160 K
chrome.exe                   22496 Console                    1    229,016 K
chrome.exe                    1752 Console                    1     24,336 K
chrome.exe                    2996 Console                    1     22,284 K
chrome.exe                   13468 Console                    1     42,584 K
chrome.exe                    2992 Console                    1      6,416 K
chrome.exe                   14792 Console                    1    231,768 K
chrome.exe                   20732 Console                    1    183,112 K
chrome.exe                   11024 Console                    1    216,612 K
chrome.exe                   14216 Console                    1    191,780 K
chrome.exe                   22920 Console                    1    128,072 K
chrome.exe                    7720 Console                    1      6,724 K
chrome.exe                   21600 Console                    1    199,388 K
svchost.exe                  15840 Services                   0      1,852 K
XboxPcAppFT.exe              12064 Console                    1      5,504 K
chrome.exe                    2608 Console                    1    428,000 K
chrome.exe                    6036 Console                    1    127,172 K
chrome.exe                    7148 Console                    1    129,972 K
chrome.exe                    3136 Console                    1     21,972 K
ApplicationFrameHost.exe     23432 Console                    1      2,976 K
backgroundTaskHost.exe        3680 Console                    1         24 K
RuntimeBroker.exe            19436 Console                    1     12,400 K
svchost.exe                   4104 Console                    1      1,136 K
chrome.exe                    2236 Console                    1     47,048 K
svchost.exe                   1124 Services                   0      9,252 K
chrome.exe                   25400 Console                    1     49,556 K
taskhostw.exe                19064 Console                    1     23,432 K
backgroundTaskHost.exe        4308 Console                    1     58,756 K
RuntimeBroker.exe            25504 Console                    1     18,972 K
chrome.exe                   24588 Console                    1    121,016 K
chrome.exe                    7776 Console                    1     62,520 K
chrome.exe                   20328 Console                    1    109,428 K
chrome.exe                   25464 Console                    1    116,448 K
Taskmgr.exe                   4380 Console                    1    180,868 K
smartscreen.exe              26440 Console                    1     12,928 K
Code.exe                     25404 Console                    1    137,684 K
Code.exe                     23068 Console                    1     32,836 K
Code.exe                     10560 Console                    1    107,416 K
Code.exe                     12364 Console                    1     49,944 K
Code.exe                     23064 Console                    1    243,340 K
Code.exe                     24496 Console                    1    146,320 K
Code.exe                     18448 Console                    1    137,088 K
Code.exe                     23860 Console                    1    105,168 K
Copilot.exe                  25984 Console                    1    337,368 K
RuntimeBroker.exe            25616 Console                    1     20,544 K
cmd.exe                      21712 Console                    1      6,872 K
conhost.exe                  23644 Console                    1     21,132 K
svchost.exe                  21004 Services                   0     11,136 K
powershell.exe               23868 Console                    1     75,992 K
conhost.exe                  11048 Console                    1     21,436 K
svchost.exe                  10736 Services                   0     17,216 K
chrome.exe                   24920 Console                    1     63,852 K
chrome.exe                   22068 Console                    1     69,728 K
chrome.exe                   23088 Console                    1     31,772 K
cmd.exe                      21868 Console                    1      6,700 K
chrome.exe                   20368 Console                    1     61,540 K
tasklist.exe                 10332 Console                    1     11,496 K
[2025-10-28] --- Кінець списку процесів --- 
[2025-10-28] Спроба завершити процес: MSPCManager.exe... 
[2025-10-28] Помилка: Не вдалося завершити процес MSPCManager.exe (можливо, він не був запущений). 
[2025-10-28] Видалення файлів *.TMP та temp*.* з C:\IPZ-23-4\KOP\lab_2\baza... 
[2025-10-28] Видалено тимчасових файлів: 0. 
[2025-10-28] Створення архіву файлів з C:\IPZ-23-4\KOP\lab_2\baza... 
[2025-10-28] Архів 2025-10-28_21-38-32.zip успішно створено у тимчасовій папці. 
[2025-10-28] Переміщення архіву до C:\IPZ-23-4\KOP\lab_2\archive... 
[2025-10-28] Архів успішно переміщено до C:\IPZ-23-4\KOP\lab_2\archive. 
[2025-10-28] Перевірка наявності архіву за вчорашній день... 
[2025-10-28] Вчорашня дата: 2025-10-27. 
[2025-10-28] УВАГА: Архів за 2025-10-27 не знайдено. 
[2025-10-28] Надсилання email-сповіщення... 
[2025-10-28] Email-сповіщення надіслано. 
[2025-10-28] Видалення архівів, старших 30 днів, з C:\IPZ-23-4\KOP\lab_2\archive... 
[2025-10-28] Очищення старих архівів завершено. 
[2025-10-28] Перевірка підключення до Internet (ping 8.8.8.8)... 
[2025-10-28] Підключення до Internet є. 
[2025-10-28] Перевірка статусу комп'ютера 192.168.1.2... 
[2025-10-28] Комп'ютер 192.168.1.2 не в мережі (не відповідає на ping). 
[2025-10-28] Отримання списку комп'ютерів в мережі (net view): 
[2025-10-28] --- Початок списку Net View --- 
[2025-10-28] --- Кінець списку Net View --- 
[2025-10-28] Перевірка IP-адрес з файлу ipon.txt... 
[2025-10-28] Перевірка розміру log-файлу... 
[2025-10-28] Поточний розмір C:\IPZ-23-4\KOP\lab_2\logs\lab.log: 239800 байт. Максимальний: 500000 байт. 
[2025-10-28] Розмір log-файлу в межах норми. 
[2025-10-28] Інформація про вільне та загальне місце на локальних дисках: 
[2025-10-28] --- Початок інформації про диски (PowerShell) --- 

DeviceID FreeSpace (GB) Size (GB)
-------- -------------- ---------
C:                   72       465
D:                  475       931


[2025-10-28] --- Кінець інформації про диски (PowerShell) --- 
[2025-10-28] Збереження інформації про систему у файл systeminfo_2025-10-28_21-38-32.txt... 
[2025-10-28] Інформацію про систему збережено. 
[2025-10-28] --- Завершення виконання скрипта --- 
 
[2025-10-28] --- Script Start --- 
[2025-10-28] Log file C:\IPZ-23-4\KOP\lab_2\logs\lab.log opened. 
[2025-10-28] Attempting time sync with NTP-server (pool.ntp.org)... 
[2025-10-28] (Admin rights required) 
[2025-10-28] Time sync command executed. 
[2025-10-28] Updated time: Tue 10/28/2025 21:39:43.17 
[2025-10-28] List of running processes: 
[2025-10-28] --- Processes List Start --- 

Image Name                     PID Session Name        Session#    Mem Usage
========================= ======== ================ =========== ============
System Idle Process              0 Services                   0          8 K
System                           4 Services                   0      3,640 K
Registry                       224 Services                   0     46,700 K
smss.exe                       732 Services                   0        232 K
csrss.exe                      668 Services                   0      2,732 K
wininit.exe                   1044 Services                   0        252 K
csrss.exe                     1052 Console                    1      3,224 K
services.exe                  1132 Services                   0      7,304 K
winlogon.exe                  1160 Console                    1      3,472 K
lsass.exe                     1192 Services                   0     14,580 K
svchost.exe                   1356 Services                   0     21,260 K
fontdrvhost.exe               1388 Console                    1      3,372 K
fontdrvhost.exe               1392 Services                   0        164 K
WUDFHost.exe                  1416 Services                   0        328 K
svchost.exe                   1516 Services                   0     13,840 K
svchost.exe                   1572 Services                   0      4,216 K
dwm.exe                       1640 Console                    1     73,584 K
svchost.exe                   1804 Services                   0        980 K
svchost.exe                   1812 Services                   0      2,416 K
svchost.exe                   1828 Services                   0      1,928 K
svchost.exe                   1836 Services                   0      2,056 K
svchost.exe                   1852 Services                   0      7,388 K
svchost.exe                    932 Services                   0      1,632 K
svchost.exe                   1092 Services                   0      6,440 K
svchost.exe                    792 Services                   0      5,520 K
svchost.exe                   1204 Services                   0      9,616 K
svchost.exe                   2128 Services                   0      6,664 K
svchost.exe                   2144 Services                   0      2,172 K
svchost.exe                   2252 Services                   0      3,652 K
svchost.exe                   2384 Services                   0      8,684 K
svchost.exe                   2600 Services                   0      1,544 K
NVDisplay.Container.exe       2620 Services                   0     14,212 K
svchost.exe                   2724 Services                   0      4,956 K
svchost.exe                   2764 Services                   0     13,540 K
svchost.exe                   2772 Services                   0     30,508 K
svchost.exe                   2836 Services                   0      4,064 K
svchost.exe                   2844 Services                   0      1,484 K
svchost.exe                   2852 Services                   0      4,916 K
Memory Compression            2404 Services                   0    810,340 K
svchost.exe                   3080 Services                   0      2,572 K
svchost.exe                   3100 Services                   0        592 K
svchost.exe                   3152 Services                   0      2,740 K
svchost.exe                   3160 Services                   0      3,720 K
svchost.exe                   3256 Services                   0      5,320 K
svchost.exe                   3320 Services                   0     11,100 K
svchost.exe                   3360 Services                   0      3,212 K
svchost.exe                   3404 Services                   0      2,212 K
svchost.exe                   3412 Services                   0      3,440 K
svchost.exe                   3468 Services                   0      1,352 K
spoolsv.exe                   3576 Services                   0        480 K
svchost.exe                   3672 Services                   0      6,184 K
svchost.exe                   3720 Services                   0      2,644 K
svchost.exe                   3996 Services                   0     24,012 K
svchost.exe                   4004 Services                   0      2,080 K
svchost.exe                   4012 Services                   0     11,412 K
svchost.exe                   4024 Services                   0     32,536 K
remoting_host.exe             4036 Services                   0        364 K
svchost.exe                   4048 Services                   0      1,340 K
svchost.exe                   4060 Services                   0      2,460 K
AdGuardHome.exe               4088 Services                   0     35,616 K
OfficeClickToRun.exe          3208 Services                   0      4,888 K
NVDisplay.Container.exe       3356 Console                    1     18,028 K
MpDefenderCoreService.exe     4120 Services                   0     11,832 K
svchost.exe                   4164 Services                   0      2,276 K
plasticd.exe                  4188 Services                   0     23,252 K
nvcontainer.exe               4212 Services                   0     18,288 K
RtkAudUService64.exe          4240 Services                   0      2,240 K
svchost.exe                   4284 Services                   0      1,088 K
svchost.exe                   4324 Services                   0        576 K
RvControlSvc.exe              4360 Services                   0      2,760 K
svchost.exe                   4388 Services                   0     19,680 K
wallpaperservice32.exe        4400 Services                   0        284 K
MsMpEng.exe                   4428 Services                   0    292,308 K
svchost.exe                   4452 Services                   0      3,960 K
svchost.exe                   4468 Services                   0      8,840 K
svchost.exe                   4476 Services                   0      1,244 K
urban-vpn-service.exe         4520 Services                   0     12,220 K
warp-svc.exe                  5696 Services                   0     15,408 K
remoting_host.exe             5100 Services                   0     11,656 K
wallpaper32.exe               7024 Console                    1     36,844 K
WmiPrvSE.exe                  6404 Services                   0     35,196 K
svchost.exe                   7236 Services                   0      1,804 K
svchost.exe                   7344 Services                   0     10,828 K
MSPCManagerService.exe        7460 Services                   0     43,492 K
gamingservices.exe            7484 Services                   0     18,372 K
gamingservicesnet.exe         7492 Services                   0        700 K
AggregatorHost.exe            7736 Services                   0      9,972 K
sihost.exe                    7768 Console                    1     19,328 K
svchost.exe                   7812 Console                    1      7,856 K
svchost.exe                   7872 Console                    1      1,012 K
svchost.exe                   7932 Console                    1     23,364 K
svchost.exe                   8112 Services                   0     17,840 K
taskhostw.exe                 8356 Console                    1     11,636 K
explorer.exe                  8364 Console                    1    247,568 K
svchost.exe                   8420 Services                   0     10,324 K
ShellHost.exe                 8468 Console                    1      6,412 K
svchost.exe                   8708 Services                   0      8,884 K
CrossDeviceResume.exe         8804 Console                    1      4,092 K
svchost.exe                   8988 Console                    1     35,696 K
svchost.exe                   9040 Services                   0      1,368 K
svchost.exe                   9388 Services                   0      2,600 K
svchost.exe                   9480 Services                   0      3,460 K
svchost.exe                   9268 Services                   0        840 K
svchost.exe                   3984 Services                   0     23,240 K
svchost.exe                  10312 Services                   0      5,180 K
svchost.exe                  10428 Services                   0     10,428 K
StartMenuExperienceHost.e    10968 Console                    1     99,204 K
SearchHost.exe               10976 Console                    1     98,592 K
Widgets.exe                  11188 Console                    1     28,440 K
svchost.exe                  11208 Console                    1      2,196 K
WidgetService.exe             9424 Console                    1      2,616 K
RuntimeBroker.exe             9664 Console                    1     47,920 K
svchost.exe                   9840 Console                    1     14,236 K
SearchIndexer.exe            11424 Services                   0     35,536 K
msedgewebview2.exe           12168 Console                    1     69,468 K
msedgewebview2.exe           12228 Console                    1      1,180 K
msedgewebview2.exe           12352 Console                    1     59,408 K
nvcontainer.exe              12372 Console                    1     18,020 K
nvcontainer.exe              12420 Console                    1     48,152 K
msedgewebview2.exe           12456 Console                    1     25,620 K
svchost.exe                  12476 Services                   0     11,000 K
nvcontainer.exe              12524 Console                    1     52,972 K
msedgewebview2.exe           12720 Console                    1      5,988 K
msedgewebview2.exe           12876 Console                    1    137,060 K
ShellExperienceHost.exe      13944 Console                    1     33,988 K
svchost.exe                  13952 Services                   0      8,516 K
nvsphelper64.exe             14636 Console                    1        644 K
NVIDIA Overlay.exe           14656 Console                    1     46,716 K
NVIDIA Overlay.exe           15148 Console                    1      9,464 K
NVIDIA Overlay.exe           15196 Console                    1     14,956 K
NVIDIA Overlay.exe           15340 Console                    1      3,104 K
NVIDIA Overlay.exe            8048 Console                    1     24,680 K
NisSrv.exe                    6560 Services                   0      5,248 K
ctfmon.exe                   15828 Console                    1     18,196 K
PhoneExperienceHost.exe      16092 Console                    1    213,416 K
TextInputHost.exe            16148 Console                    1    194,084 K
Discord.exe                   8816 Console                    1     74,000 K
Discord.exe                  17200 Console                    1      1,044 K
Discord.exe                  17364 Console                    1     88,544 K
Discord.exe                  17388 Console                    1     18,508 K
Discord.exe                  17824 Console                    1    496,980 K
svchost.exe                  18068 Services                   0      9,440 K
Discord.exe                  18344 Console                    1      3,544 K
chrome.exe                   18296 Console                    1    295,700 K
chrome.exe                   17416 Console                    1      2,544 K
chrome.exe                   17780 Console                    1    113,924 K
chrome.exe                   17788 Console                    1     55,848 K
chrome.exe                   17532 Console                    1      9,776 K
chrome.exe                   17968 Console                    1    143,956 K
chrome.exe                   18280 Console                    1     23,820 K
chrome.exe                   18264 Console                    1      8,688 K
chrome.exe                   19444 Console                    1     23,372 K
chrome.exe                   19364 Console                    1     54,136 K
chrome.exe                   18988 Console                    1     14,432 K
chrome.exe                   19976 Console                    1      8,352 K
chrome.exe                   19984 Console                    1      7,032 K
NVIDIA Broadcast.exe          1172 Console                    1     52,892 K
NVIDIA Broadcast.exe         11704 Console                    1     10,500 K
NVIDIA Broadcast.exe         12236 Console                    1      6,784 K
NVIDIA Broadcast.exe         14840 Console                    1     10,604 K
svchost.exe                  19508 Services                   0      1,592 K
RuntimeBroker.exe            16988 Console                    1      2,144 K
svchost.exe                  21532 Services                   0      1,192 K
audiodg.exe                  23240 Services                   0     15,344 K
NVIDIA Broadcast.exe         22360 Console                    1      5,324 K
svchost.exe                   1064 Services                   0      1,432 K
chrome.exe                   21656 Console                    1      9,784 K
ShareX.exe                   23144 Console                    1     84,124 K
svchost.exe                  22552 Services                   0      5,560 K
svchost.exe                  23220 Services                   0      7,000 K
svchost.exe                  21344 Services                   0      3,372 K
svchost.exe                   2900 Services                   0      3,160 K
svchost.exe                   7176 Services                   0     10,508 K
svchost.exe                   4532 Services                   0      2,800 K
SecurityHealthService.exe    23492 Services                   0      1,728 K
svchost.exe                   8680 Services                   0      1,184 K
svchost.exe                  16884 Services                   0      2,348 K
svchost.exe                   7372 Services                   0      1,496 K
chrome.exe                   16028 Console                    1    145,624 K
Telegram.exe                 19040 Console                    1     55,300 K
chrome.exe                   11440 Console                    1      9,048 K
chrome.exe                    2380 Console                    1    316,360 K
chrome.exe                    3248 Console                    1     49,656 K
chrome.exe                   21028 Console                    1    636,160 K
svchost.exe                   8392 Console                    1      5,180 K
chrome.exe                   22496 Console                    1    229,396 K
chrome.exe                    1752 Console                    1     24,340 K
chrome.exe                    2996 Console                    1     22,300 K
chrome.exe                   13468 Console                    1     42,640 K
chrome.exe                    2992 Console                    1      6,416 K
chrome.exe                   14792 Console                    1    212,480 K
chrome.exe                   20732 Console                    1    164,544 K
chrome.exe                   11024 Console                    1    227,420 K
chrome.exe                   14216 Console                    1    203,876 K
chrome.exe                   22920 Console                    1    131,176 K
chrome.exe                    7720 Console                    1      6,724 K
chrome.exe                   21600 Console                    1    191,180 K
svchost.exe                  15840 Services                   0      1,852 K
XboxPcAppFT.exe              12064 Console                    1      5,520 K
chrome.exe                    2608 Console                    1    430,136 K
chrome.exe                    6036 Console                    1    127,308 K
chrome.exe                    7148 Console                    1    129,228 K
chrome.exe                    3136 Console                    1     21,988 K
ApplicationFrameHost.exe     23432 Console                    1      2,976 K
backgroundTaskHost.exe        3680 Console                    1         24 K
RuntimeBroker.exe            19436 Console                    1     12,400 K
svchost.exe                   4104 Console                    1      1,132 K
chrome.exe                    2236 Console                    1     47,056 K
svchost.exe                   1124 Services                   0      9,304 K
chrome.exe                   25400 Console                    1     50,012 K
taskhostw.exe                19064 Console                    1     23,432 K
backgroundTaskHost.exe        4308 Console                    1     58,684 K
RuntimeBroker.exe            25504 Console                    1     18,956 K
chrome.exe                   24588 Console                    1    121,172 K
chrome.exe                    7776 Console                    1     62,520 K
chrome.exe                   20328 Console                    1    109,448 K
chrome.exe                   25464 Console                    1    116,436 K
Taskmgr.exe                   4380 Console                    1    181,076 K
smartscreen.exe              26440 Console                    1     12,952 K
Code.exe                     25404 Console                    1    138,204 K
Code.exe                     23068 Console                    1     32,784 K
Code.exe                     10560 Console                    1    110,624 K
Code.exe                     12364 Console                    1     49,932 K
Code.exe                     23064 Console                    1    246,976 K
Code.exe                     24496 Console                    1    146,428 K
Code.exe                     18448 Console                    1    137,140 K
Code.exe                     23860 Console                    1    105,156 K
Copilot.exe                  25984 Console                    1    336,880 K
RuntimeBroker.exe            25616 Console                    1     20,484 K
svchost.exe                  21004 Services                   0     11,256 K
powershell.exe               23868 Console                    1     75,604 K
conhost.exe                  11048 Console                    1     21,472 K
svchost.exe                  10736 Services                   0     17,076 K
chrome.exe                   23088 Console                    1     31,296 K
SearchProtocolHost.exe       11176 Services                   0     17,788 K
backgroundTaskHost.exe       22428 Console                    1     18,424 K
svchost.exe                  19612 Services                   0      9,648 K
chrome.exe                   23632 Console                    1     57,676 K
WmiPrvSE.exe                 21368 Services                   0     12,072 K
TrustedInstaller.exe         19076 Services                   0      9,844 K
TiWorker.exe                 23984 Services                   0     16,948 K
cmd.exe                       4204 Console                    1      6,748 K
tasklist.exe                 19748 Console                    1     11,488 K
[2025-10-28] --- Processes List End --- 
[2025-10-28] Attempting to terminate process: MSPCManager.exe... 
[2025-10-28] Error: Failed to terminate process MSPCManager.exe (maybe not running). 
[2025-10-28] Deleting files *.TMP and temp*.* from C:\IPZ-23-4\KOP\lab_2\baza... 
[2025-10-28] Deleted temporary files: 0. 
[2025-10-28] Creating archive from C:\IPZ-23-4\KOP\lab_2\baza... 
[2025-10-28] Archive 2025-10-28_21-39-45.zip successfully created in temp folder. 
[2025-10-28] Moving archive to C:\IPZ-23-4\KOP\lab_2\archive... 
[2025-10-28] Archive successfully moved to C:\IPZ-23-4\KOP\lab_2\archive. 
[2025-10-28] Checking for yesterday's archive... 
[2025-10-28] Yesterday's date: 2025-10-27. 
[2025-10-28] WARNING: Archive for 2025-10-27 not found. 
[2025-10-28] Sending email notification... 
[2025-10-28] Email notification sent. 
[2025-10-28] Deleting archives older than 30 days from C:\IPZ-23-4\KOP\lab_2\archive... 
[2025-10-28] Old archives cleanup finished. 
[2025-10-28] Checking Internet connection (ping 8.8.8.8)... 
[2025-10-28] Internet connection is OK. 
[2025-10-28] Checking remote PC status 192.168.1.2... 
[2025-10-28] PC 192.168.1.2 is OFFLINE (no ping response). 
[2025-10-28] Getting network computers list (net view): 
[2025-10-28] --- Net View List Start --- 
[2025-10-28] --- Net View List End --- 
[2025-10-28] Checking IP addresses from ipon.txt... 
[2025-10-28] Checking log file size... 
[2025-10-28] Current C:\IPZ-23-4\KOP\lab_2\logs\lab.log size: 261706 bytes. Max: 500000 bytes. 
[2025-10-28] Log file size is within limits. 
[2025-10-28] Free and total disk space info on local drives: 
[2025-10-28] --- Disk Info (PowerShell) Start --- 

DeviceID FreeSpace (GB) Size (GB)
-------- -------------- ---------
C:                   72       465
D:                  475       931


[2025-10-28] --- Disk Info (PowerShell) End --- 
[2025-10-28] Saving system information to systeminfo_2025-10-28_21-39-45.txt... 
[2025-10-28] System information saved. 
[2025-10-28] --- Script Finished --- 
 
[2025-10-28] --- Script Start --- 
[2025-10-28] Log file C:\IPZ-23-4\KOP\lab_2\logs\lab.log opened. 
[2025-10-28] Attempting time sync with NTP-server (pool.ntp.org)... 
[2025-10-28] (Admin rights required) 
[2025-10-28] Time sync command executed. 
[2025-10-28] Updated time: Tue 10/28/2025 22:07:30.84 
[2025-10-28] List of running processes: 
[2025-10-28] --- Processes List Start --- 

Image Name                     PID Session Name        Session#    Mem Usage
========================= ======== ================ =========== ============
System Idle Process              0 Services                   0          8 K
System                           4 Services                   0      2,880 K
Registry                       224 Services                   0     47,476 K
smss.exe                       744 Services                   0      1,508 K
csrss.exe                      880 Services                   0      4,304 K
wininit.exe                   1076 Services                   0      4,624 K
services.exe                  1164 Services                   0     11,916 K
lsass.exe                     1224 Services                   0     23,972 K
svchost.exe                   1396 Services                   0     22,848 K
WUDFHost.exe                  1428 Services                   0      8,572 K
fontdrvhost.exe               1448 Services                   0      1,864 K
svchost.exe                   1564 Services                   0     15,268 K
svchost.exe                   1616 Services                   0      9,980 K
svchost.exe                   1824 Services                   0      4,684 K
svchost.exe                   1844 Services                   0      3,952 K
svchost.exe                   1868 Services                   0     12,600 K
svchost.exe                   1876 Services                   0     10,888 K
svchost.exe                   1892 Services                   0      9,984 K
svchost.exe                    712 Services                   0      8,596 K
svchost.exe                    804 Services                   0      8,992 K
svchost.exe                    724 Services                   0     11,880 K
svchost.exe                    924 Services                   0     11,160 K
svchost.exe                   2136 Services                   0     11,712 K
svchost.exe                   2156 Services                   0      3,576 K
svchost.exe                   2256 Services                   0      8,648 K
svchost.exe                   2388 Services                   0     18,996 K
svchost.exe                   2600 Services                   0      7,328 K
svchost.exe                   2700 Services                   0      9,180 K
svchost.exe                   2740 Services                   0     23,580 K
NVDisplay.Container.exe       2792 Services                   0     21,488 K
svchost.exe                   2984 Services                   0      6,420 K
svchost.exe                   3032 Services                   0     16,444 K
svchost.exe                   2344 Services                   0     18,220 K
svchost.exe                   2440 Services                   0      3,420 K
svchost.exe                   2448 Services                   0      6,416 K
svchost.exe                   3136 Services                   0      8,184 K
Memory Compression            3220 Services                   0  1,463,404 K
svchost.exe                   3260 Services                   0      5,776 K
svchost.exe                   3312 Services                   0      9,728 K
svchost.exe                   3320 Services                   0      7,392 K
svchost.exe                   3404 Services                   0     15,536 K
svchost.exe                   3436 Services                   0      6,468 K
svchost.exe                   3476 Services                   0      8,156 K
svchost.exe                   3484 Services                   0      6,968 K
svchost.exe                   3544 Services                   0      8,256 K
spoolsv.exe                   3672 Services                   0      7,736 K
svchost.exe                   3736 Services                   0     14,276 K
svchost.exe                   3784 Services                   0      4,880 K
svchost.exe                   4052 Services                   0      8,152 K
remoting_host.exe             4060 Services                   0      6,328 K
svchost.exe                   4084 Services                   0      5,548 K
svchost.exe                   4092 Services                   0     23,404 K
svchost.exe                   2060 Services                   0     31,744 K
AdGuardHome.exe               3828 Services                   0     34,100 K
plasticd.exe                   860 Services                   0     38,616 K
svchost.exe                   4100 Services                   0      5,064 K
RtkAudUService64.exe          4112 Services                   0     10,852 K
svchost.exe                   4132 Services                   0     10,612 K
nvcontainer.exe               4140 Services                   0     25,412 K
RvControlSvc.exe              4152 Services                   0      8,528 K
MpDefenderCoreService.exe     4160 Services                   0     14,516 K
OfficeClickToRun.exe          4172 Services                   0     17,224 K
svchost.exe                   4188 Services                   0      3,072 K
MsMpEng.exe                   4252 Services                   0    366,460 K
svchost.exe                   4260 Services                   0     21,196 K
svchost.exe                   4268 Services                   0     19,420 K
wallpaperservice32.exe        4296 Services                   0      3,140 K
urban-vpn-service.exe         4304 Services                   0     10,608 K
svchost.exe                   4332 Services                   0      4,212 K
svchost.exe                   4344 Services                   0     10,432 K
audiodg.exe                   4368 Services                   0     18,540 K
svchost.exe                   4480 Services                   0      6,168 K
svchost.exe                   4560 Services                   0      5,980 K
warp-svc.exe                  5828 Services                   0     32,884 K
remoting_host.exe             6136 Services                   0     15,848 K
WmiPrvSE.exe                  6648 Services                   0     30,452 K
svchost.exe                   6900 Services                   0      9,264 K
svchost.exe                   7428 Services                   0     14,892 K
svchost.exe                   7436 Services                   0     32,904 K
gamingservicesnet.exe         7524 Services                   0      5,596 K
gamingservices.exe            7528 Services                   0     24,992 K
MSPCManagerService.exe        7568 Services                   0     71,368 K
AggregatorHost.exe            8076 Services                   0      6,316 K
svchost.exe                   8312 Services                   0     16,992 K
svchost.exe                   8876 Services                   0     17,532 K
svchost.exe                   9164 Services                   0     10,708 K
svchost.exe                   9308 Services                   0      6,948 K
svchost.exe                   9480 Services                   0      4,284 K
svchost.exe                   9544 Services                   0      2,472 K
svchost.exe                   9704 Services                   0      6,376 K
svchost.exe                   9752 Services                   0      6,344 K
svchost.exe                   9404 Services                   0      5,960 K
svchost.exe                   1980 Services                   0     17,400 K
svchost.exe                   2380 Services                   0     10,528 K
svchost.exe                  10332 Services                   0     22,256 K
SearchIndexer.exe            11396 Services                   0     34,608 K
WmiPrvSE.exe                 13076 Services                   0      9,428 K
svchost.exe                  14016 Services                   0     24,616 K
svchost.exe                  14444 Services                   0     11,828 K
NisSrv.exe                   16292 Services                   0      7,048 K
svchost.exe                   9276 Services                   0      4,636 K
csrss.exe                     6532 Console                    2      4,684 K
winlogon.exe                 16736 Console                    2      6,560 K
fontdrvhost.exe               6012 Console                    2     12,204 K
dwm.exe                       5840 Console                    2    100,660 K
NVDisplay.Container.exe      16344 Console                    2     24,932 K
nvcontainer.exe              17060 Console                    2     23,636 K
svchost.exe                  15616 Services                   0     10,740 K
svchost.exe                  13580 Services                   0      3,280 K
nvcontainer.exe              13568 Console                    2     14,788 K
sihost.exe                   13820 Console                    2      2,620 K
nvcontainer.exe               2548 Console                    2        280 K
svchost.exe                  13916 Console                    2        220 K
svchost.exe                   7304 Console                    2         12 K
svchost.exe                  11020 Console                    2      1,388 K
taskhostw.exe                10420 Console                    2         16 K
explorer.exe                 16964 Console                    2     41,856 K
ShellHost.exe                15108 Console                    2      4,656 K
CrossDeviceResume.exe        15408 Console                    2         92 K
svchost.exe                  15904 Console                    2         12 K
wallpaper32.exe              17960 Console                    2     21,084 K
svchost.exe                  14980 Console                    2        896 K
nvsphelper64.exe              8520 Console                    2      6,024 K
NVIDIA Overlay.exe           12404 Console                    2      7,388 K
StartMenuExperienceHost.e    14436 Console                    2      3,304 K
SearchHost.exe               16508 Console                    2      3,340 K
Widgets.exe                  10596 Console                    2         16 K
UserOOBEBroker.exe           17328 Console                    2         16 K
RuntimeBroker.exe            12744 Console                    2      1,516 K
svchost.exe                  12960 Console                    2         12 K
WidgetService.exe            15748 Console                    2        496 K
NVIDIA Overlay.exe           17248 Console                    2      1,444 K
NVIDIA Overlay.exe           17376 Console                    2      2,020 K
NVIDIA Overlay.exe            9156 Console                    2      1,060 K
msedgewebview2.exe           12480 Console                    2     10,288 K
ShellExperienceHost.exe      12504 Console                    2      5,596 K
msedgewebview2.exe           14312 Console                    2         16 K
NVIDIA Overlay.exe            7252 Console                    2      7,724 K
msedgewebview2.exe            7248 Console                    2        104 K
msedgewebview2.exe           17792 Console                    2      7,124 K
msedgewebview2.exe           16848 Console                    2      1,280 K
msedgewebview2.exe            4544 Console                    2      9,036 K
PhoneExperienceHost.exe      13272 Console                    2     38,572 K
ctfmon.exe                    5116 Console                    2     40,536 K
ApplicationFrameHost.exe     18236 Console                    2         88 K
svchost.exe                   4276 Console                    2      1,908 K
taskhostw.exe                17416 Console                    2     17,580 K
svchost.exe                  17460 Services                   0      9,568 K
svchost.exe                  15864 Services                   0      3,748 K
TextInputHost.exe            15852 Console                    2     20,048 K
svchost.exe                  12180 Console                    2         12 K
smartscreen.exe              18384 Console                    2         12 K
svchost.exe                  12536 Services                   0      9,528 K
Discord.exe                  13992 Console                    2     16,948 K
Discord.exe                  16972 Console                    2         20 K
Discord.exe                  15304 Console                    2     49,600 K
Discord.exe                  17904 Console                    2      6,648 K
Discord.exe                   3744 Console                    2     46,000 K
chrome.exe                    9772 Console                    2     62,988 K
svchost.exe                  13028 Services                   0      8,344 K
chrome.exe                    6872 Console                    2         68 K
chrome.exe                   18584 Console                    2     38,368 K
chrome.exe                   18592 Console                    2     26,036 K
chrome.exe                   18644 Console                    2        980 K
chrome.exe                   18884 Console                    2      5,884 K
chrome.exe                   18900 Console                    2      8,328 K
chrome.exe                   18908 Console                    2      9,308 K
chrome.exe                   18912 Console                    2      4,976 K
chrome.exe                   18924 Console                    2         80 K
chrome.exe                   19952 Console                    2    183,300 K
chrome.exe                   20392 Console                    2      3,940 K
chrome.exe                   19104 Console                    2      6,552 K
chrome.exe                   18240 Console                    2      1,812 K
chrome.exe                    1724 Console                    2      9,956 K
Discord.exe                  18944 Console                    2        684 K
chrome.exe                   21392 Console                    2     27,888 K
chrome.exe                   21040 Console                    2        308 K
chrome.exe                   20740 Console                    2      4,156 K
chrome.exe                   21288 Console                    2        928 K
chrome.exe                    9652 Console                    2      6,468 K
Telegram.exe                 13240 Console                    2     23,616 K
chrome.exe                   20560 Console                    2     21,380 K
chrome.exe                   21172 Console                    2      2,440 K
chrome.exe                   22280 Console                    2     26,216 K
chrome.exe                    3424 Console                    2     30,908 K
chrome.exe                    1904 Console                    2      2,428 K
chrome.exe                   18032 Console                    2      7,080 K
NVIDIA Broadcast.exe         16912 Console                    2     15,428 K
chrome.exe                    7300 Console                    2     10,420 K
NVIDIA Broadcast.exe          8796 Console                    2      1,760 K
NVIDIA Broadcast.exe         18196 Console                    2      1,192 K
NVIDIA Broadcast.exe          9440 Console                    2         20 K
chrome.exe                   21596 Console                    2        308 K
chrome.exe                   22732 Console                    2     10,520 K
chrome.exe                   23232 Console                    2      1,824 K
chrome.exe                   23372 Console                    2     50,416 K
chrome.exe                   15520 Console                    2      4,888 K
chrome.exe                   23340 Console                    2      1,536 K
chrome.exe                   23196 Console                    2         80 K
chrome.exe                   19892 Console                    2      3,832 K
chrome.exe                    1216 Console                    2      7,496 K
chrome.exe                   10276 Console                    2     29,808 K
NVIDIA Broadcast.exe         24172 Console                    2      2,252 K
chrome.exe                   24276 Console                    2     33,324 K
chrome.exe                   24372 Console                    2     29,076 K
chrome.exe                   23656 Console                    2        308 K
VirtualBox.exe               23916 Console                    2      5,488 K
VBoxSVC.exe                  11528 Console                    2      2,312 K
VBoxSDS.exe                  23992 Services                   0     12,576 K
chrome.exe                   13688 Console                    2         76 K
chrome.exe                   24396 Console                    2        304 K
MSPCManager.exe              24492 Console                    2     28,936 K
RuntimeBroker.exe            23168 Console                    2         12 K
VirtualBoxVM.exe             22936 Console                    2         16 K
MSPCManagerCore.exe          11984 Console                    2    112,308 K
VirtualBoxVM.exe              1464 Console                    2      5,036 K
msedgewebview2.exe           16740 Console                    2     14,620 K
msedgewebview2.exe           20700 Console                    2         16 K
msedgewebview2.exe           24232 Console                    2     50,612 K
msedgewebview2.exe           24352 Console                    2      5,920 K
msedgewebview2.exe            3084 Console                    2         28 K
msedgewebview2.exe           23736 Console                    2     69,376 K
VirtualBoxVM.exe             24680 Console                    2    102,216 K
svchost.exe                  25428 Services                   0     12,872 K
RuntimeBroker.exe            25516 Console                    2         12 K
SystemSettings.exe           25248 Console                    2         12 K
svchost.exe                  26004 Services                   0     16,464 K
svchost.exe                  26124 Services                   0      8,448 K
svchost.exe                  26260 Services                   0     21,632 K
svchost.exe                  26352 Services                   0     13,484 K
Copilot.exe                  26516 Console                    2      9,676 K
RuntimeBroker.exe            26116 Console                    2        772 K
RvRvpnGui.exe                26788 Console                    2        904 K
ShareX.exe                   20312 Console                    2         20 K
backgroundTaskHost.exe        3912 Console                    2         12 K
RuntimeBroker.exe             3660 Console                    2        832 K
Notepad.exe                  22140 Console                    2      5,680 K
chrome.exe                    9372 Console                    2        288 K
SecurityHealthService.exe     1180 Services                   0     20,008 K
chrome.exe                   14256 Console                    2      3,720 K
chrome.exe                   11348 Console                    2     22,768 K
svchost.exe                  27360 Services                   0     34,484 K
chrome.exe                    4832 Console                    2         76 K
SearchProtocolHost.exe       20152 Services                   0     15,388 K
powershell.exe               26700 Console                    2     74,528 K
conhost.exe                   6120 Console                    2     21,284 K
cmd.exe                       5748 Console                    2      6,096 K
chrome.exe                    2936 Console                    2      8,252 K
svchost.exe                  20308 Services                   0     10,420 K
chrome.exe                   16500 Console                    2         84 K
chrome.exe                   13632 Console                    2      2,388 K
chrome.exe                    2340 Console                    2      2,352 K
chrome.exe                    2980 Console                    2      2,384 K
chrome.exe                    7144 Console                    2      2,548 K
tasklist.exe                  7620 Console                    2     11,736 K
[2025-10-28] --- Processes List End --- 
[2025-10-28] Attempting to terminate process: MSPCManager.exe... 
[2025-10-28] Process MSPCManager.exe and its children successfully terminated. 
[2025-10-28] Deleting files *.TMP and temp*.* from C:\IPZ-23-4\KOP\lab_2\baza... 
[2025-10-28] Deleted temporary files: 0. 
[2025-10-28] Creating archive from C:\IPZ-23-4\KOP\lab_2\baza... 
[2025-10-28] Archive 2025-10-28_22-07-33.zip successfully created in temp folder. 
[2025-10-28] Moving archive to C:\IPZ-23-4\KOP\lab_2\archive... 
[2025-10-28] Archive successfully moved to C:\IPZ-23-4\KOP\lab_2\archive. 
[2025-10-28] Checking for yesterday's archive... 
[2025-10-28] Yesterday's date: 2025-10-27. 
[2025-10-28] WARNING: Archive for 2025-10-27 not found. 
[2025-10-28] Sending email notification... 
[2025-10-28] ERROR: Failed to send email. 
[2025-10-28] Deleting archives older than 30 days from C:\IPZ-23-4\KOP\lab_2\archive... 
[2025-10-28] Old archives cleanup finished. 
[2025-10-28] Checking Internet connection (ping 8.8.8.8)... 
[2025-10-28] Internet connection is MISSING. 
[2025-10-28] Checking remote PC status 199.66.9.4... 
[2025-10-28] PC 199.66.9.4 is OFFLINE (no ping response). 
[2025-10-28] Getting network computers list (net view): 
[2025-10-28] --- Net View List Start --- 
[2025-10-28] --- Net View List End --- 
[2025-10-28] Checking IP addresses from ipon.txt... 
[2025-10-28] IP address 192.168.1.100 from ipon.txt is ONLINE. 
[2025-10-28] WARNING: IP address 192.168.1.106 from ipon.txt is OFFLINE. 
[2025-10-28] WARNING: IP address 1.1.1.1 from ipon.txt is OFFLINE. 
[2025-10-28] WARNING: IP address 8.8.8.8 from ipon.txt is OFFLINE. 
[2025-10-28] Sending email notification about OFFLINE IPs... 
[2025-10-28] ERROR: Failed to send email about OFFLINE IPs. 
[2025-10-28] Checking log file size... 
[2025-10-28] Current C:\IPZ-23-4\KOP\lab_2\logs\lab.log size: 284623 bytes. Max: 500000 bytes. 
[2025-10-28] Log file size is within limits. 
[2025-10-28] Free and total disk space info on local drives: 
[2025-10-28] --- Disk Info (PowerShell) Start --- 

DeviceID FreeSpace (GB) Size (GB)
-------- -------------- ---------
C:                   89       465
D:                  475       931


[2025-10-28] --- Disk Info (PowerShell) End --- 
[2025-10-28] Saving system information to systeminfo_2025-10-28_22-07-33.txt... 
[2025-10-28] System information saved. 
[2025-10-28] --- Script Finished --- 
 
[2025-10-28] --- Script Start --- 
[2025-10-28] Log file C:\IPZ-23-4\KOP\lab_2\logs\lab.log opened. 
[2025-10-28] Attempting time sync with NTP-server (pool.ntp.org)... 
[2025-10-28] (Admin rights required) 
[2025-10-28] Time sync command executed. 
[2025-10-28] Updated time: Tue 10/28/2025 22:10:45.77 
[2025-10-28] List of running processes: 
[2025-10-28] --- Processes List Start --- 

Image Name                     PID Session Name        Session#    Mem Usage
========================= ======== ================ =========== ============
System Idle Process              0 Services                   0          8 K
System                           4 Services                   0      2,952 K
Registry                       224 Services                   0     46,488 K
smss.exe                       744 Services                   0      1,508 K
csrss.exe                      880 Services                   0      4,396 K
wininit.exe                   1076 Services                   0      4,644 K
services.exe                  1164 Services                   0     12,456 K
lsass.exe                     1224 Services                   0     24,304 K
svchost.exe                   1396 Services                   0     23,420 K
WUDFHost.exe                  1428 Services                   0      8,572 K
fontdrvhost.exe               1448 Services                   0      1,876 K
svchost.exe                   1564 Services                   0     15,640 K
svchost.exe                   1616 Services                   0     10,020 K
svchost.exe                   1824 Services                   0      4,788 K
svchost.exe                   1844 Services                   0      4,060 K
svchost.exe                   1868 Services                   0     12,780 K
svchost.exe                   1876 Services                   0     10,896 K
svchost.exe                   1892 Services                   0     10,068 K
svchost.exe                    712 Services                   0      8,668 K
svchost.exe                    804 Services                   0      9,244 K
svchost.exe                    724 Services                   0     12,012 K
svchost.exe                    924 Services                   0     11,672 K
svchost.exe                   2136 Services                   0     11,908 K
svchost.exe                   2156 Services                   0      3,724 K
svchost.exe                   2256 Services                   0      8,868 K
svchost.exe                   2388 Services                   0     19,600 K
svchost.exe                   2600 Services                   0      7,400 K
svchost.exe                   2700 Services                   0      8,524 K
svchost.exe                   2740 Services                   0     23,532 K
NVDisplay.Container.exe       2792 Services                   0     21,628 K
svchost.exe                   2984 Services                   0      6,356 K
svchost.exe                   3032 Services                   0     17,260 K
svchost.exe                   2344 Services                   0     18,380 K
svchost.exe                   2440 Services                   0      3,512 K
svchost.exe                   2448 Services                   0      6,600 K
svchost.exe                   3136 Services                   0      8,540 K
Memory Compression            3220 Services                   0  1,880,652 K
svchost.exe                   3260 Services                   0      6,112 K
svchost.exe                   3312 Services                   0      9,812 K
svchost.exe                   3320 Services                   0      7,320 K
svchost.exe                   3404 Services                   0     15,648 K
svchost.exe                   3436 Services                   0      6,540 K
svchost.exe                   3476 Services                   0      8,264 K
svchost.exe                   3484 Services                   0      7,292 K
svchost.exe                   3544 Services                   0      8,512 K
spoolsv.exe                   3672 Services                   0      8,624 K
svchost.exe                   3736 Services                   0     15,196 K
svchost.exe                   3784 Services                   0      5,004 K
svchost.exe                   4052 Services                   0      8,892 K
remoting_host.exe             4060 Services                   0      6,408 K
svchost.exe                   4084 Services                   0      5,648 K
svchost.exe                   4092 Services                   0     24,660 K
svchost.exe                   2060 Services                   0     34,464 K
AdGuardHome.exe               3828 Services                   0     35,436 K
plasticd.exe                   860 Services                   0     40,064 K
svchost.exe                   4100 Services                   0      5,212 K
RtkAudUService64.exe          4112 Services                   0     11,080 K
svchost.exe                   4132 Services                   0     18,580 K
nvcontainer.exe               4140 Services                   0     25,588 K
RvControlSvc.exe              4152 Services                   0      9,428 K
MpDefenderCoreService.exe     4160 Services                   0     15,728 K
OfficeClickToRun.exe          4172 Services                   0     18,744 K
svchost.exe                   4188 Services                   0      3,156 K
MsMpEng.exe                   4252 Services                   0    300,920 K
svchost.exe                   4260 Services                   0     26,216 K
svchost.exe                   4268 Services                   0     23,860 K
wallpaperservice32.exe        4296 Services                   0      3,204 K
urban-vpn-service.exe         4304 Services                   0     11,092 K
svchost.exe                   4332 Services                   0      4,640 K
svchost.exe                   4344 Services                   0     10,372 K
audiodg.exe                   4368 Services                   0     18,492 K
svchost.exe                   4480 Services                   0      6,256 K
svchost.exe                   4560 Services                   0      6,084 K
warp-svc.exe                  5828 Services                   0     33,100 K
remoting_host.exe             6136 Services                   0     16,500 K
WmiPrvSE.exe                  6648 Services                   0     30,684 K
svchost.exe                   6900 Services                   0      9,520 K
svchost.exe                   7428 Services                   0     15,100 K
svchost.exe                   7436 Services                   0     30,088 K
gamingservicesnet.exe         7524 Services                   0      5,780 K
gamingservices.exe            7528 Services                   0     26,308 K
MSPCManagerService.exe        7568 Services                   0     74,372 K
AggregatorHost.exe            8076 Services                   0      6,528 K
svchost.exe                   8312 Services                   0     17,276 K
svchost.exe                   8876 Services                   0     17,804 K
svchost.exe                   9164 Services                   0     10,828 K
svchost.exe                   9308 Services                   0      7,124 K
svchost.exe                   9480 Services                   0      4,372 K
svchost.exe                   9544 Services                   0      2,572 K
svchost.exe                   9704 Services                   0      6,444 K
svchost.exe                   9752 Services                   0      6,464 K
svchost.exe                   9404 Services                   0      7,828 K
svchost.exe                   1980 Services                   0     18,020 K
svchost.exe                  10332 Services                   0     39,552 K
SearchIndexer.exe            11396 Services                   0     35,356 K
WmiPrvSE.exe                 13076 Services                   0      8,996 K
svchost.exe                  14016 Services                   0     24,728 K
svchost.exe                  14444 Services                   0     15,172 K
NisSrv.exe                   16292 Services                   0      7,240 K
svchost.exe                   9276 Services                   0      4,728 K
csrss.exe                     6532 Console                    2      4,664 K
winlogon.exe                 16736 Console                    2      6,596 K
fontdrvhost.exe               6012 Console                    2     11,740 K
dwm.exe                       5840 Console                    2     98,776 K
NVDisplay.Container.exe      16344 Console                    2     24,960 K
nvcontainer.exe              17060 Console                    2     23,640 K
svchost.exe                  15616 Services                   0     10,812 K
svchost.exe                  13580 Services                   0      3,340 K
nvcontainer.exe              13568 Console                    2     20,416 K
sihost.exe                   13820 Console                    2     11,164 K
nvcontainer.exe               2548 Console                    2     13,888 K
svchost.exe                  13916 Console                    2      5,832 K
svchost.exe                   7304 Console                    2        136 K
svchost.exe                  11020 Console                    2      6,316 K
taskhostw.exe                10420 Console                    2      4,420 K
explorer.exe                 16964 Console                    2    110,212 K
ShellHost.exe                15108 Console                    2      2,476 K
CrossDeviceResume.exe        15408 Console                    2      1,580 K
svchost.exe                  15904 Console                    2      1,336 K
wallpaper32.exe              17960 Console                    2     36,148 K
svchost.exe                  14980 Console                    2      8,516 K
nvsphelper64.exe              8520 Console                    2      6,080 K
NVIDIA Overlay.exe           12404 Console                    2      9,920 K
StartMenuExperienceHost.e    14436 Console                    2     70,232 K
SearchHost.exe               16508 Console                    2     48,332 K
Widgets.exe                  10596 Console                    2      2,744 K
UserOOBEBroker.exe           17328 Console                    2      1,516 K
RuntimeBroker.exe            12744 Console                    2      7,864 K
svchost.exe                  12960 Console                    2      4,416 K
WidgetService.exe            15748 Console                    2      1,152 K
NVIDIA Overlay.exe           17248 Console                    2      1,604 K
NVIDIA Overlay.exe           17376 Console                    2      3,804 K
NVIDIA Overlay.exe            9156 Console                    2      1,128 K
msedgewebview2.exe           12480 Console                    2     17,576 K
ShellExperienceHost.exe      12504 Console                    2      3,468 K
msedgewebview2.exe           14312 Console                    2        376 K
NVIDIA Overlay.exe            7252 Console                    2      8,012 K
msedgewebview2.exe            7248 Console                    2      2,156 K
msedgewebview2.exe           17792 Console                    2     18,968 K
msedgewebview2.exe           16848 Console                    2      2,368 K
msedgewebview2.exe            4544 Console                    2     55,380 K
PhoneExperienceHost.exe      13272 Console                    2     36,796 K
ctfmon.exe                    5116 Console                    2     41,068 K
ApplicationFrameHost.exe     18236 Console                    2      3,476 K
svchost.exe                   4276 Console                    2      3,188 K
taskhostw.exe                17416 Console                    2     19,932 K
svchost.exe                  17460 Services                   0     14,264 K
svchost.exe                  15864 Services                   0      3,844 K
TextInputHost.exe            15852 Console                    2     26,044 K
svchost.exe                  12180 Console                    2      1,856 K
smartscreen.exe              18384 Console                    2      3,996 K
svchost.exe                  12536 Services                   0      9,792 K
Discord.exe                  13992 Console                    2     33,868 K
Discord.exe                  16972 Console                    2      2,312 K
Discord.exe                  15304 Console                    2     42,276 K
Discord.exe                  17904 Console                    2     16,984 K
Discord.exe                   3744 Console                    2    226,824 K
chrome.exe                    9772 Console                    2    192,212 K
svchost.exe                  13028 Services                   0      8,496 K
chrome.exe                    6872 Console                    2      2,924 K
chrome.exe                   18584 Console                    2     85,012 K
chrome.exe                   18592 Console                    2     45,272 K
chrome.exe                   18644 Console                    2      8,912 K
chrome.exe                   18884 Console                    2     11,744 K
chrome.exe                   18900 Console                    2     40,184 K
chrome.exe                   18908 Console                    2     29,580 K
chrome.exe                   18912 Console                    2      8,892 K
chrome.exe                   18924 Console                    2     12,024 K
chrome.exe                   19952 Console                    2     59,120 K
chrome.exe                   19104 Console                    2    307,024 K
chrome.exe                   18240 Console                    2    177,176 K
chrome.exe                    1724 Console                    2     16,992 K
Discord.exe                  18944 Console                    2      3,064 K
chrome.exe                   21392 Console                    2     37,708 K
chrome.exe                   21040 Console                    2     15,852 K
chrome.exe                   20740 Console                    2      4,132 K
chrome.exe                   21288 Console                    2      6,796 K
chrome.exe                    9652 Console                    2     28,276 K
Telegram.exe                 13240 Console                    2     21,004 K
chrome.exe                   20560 Console                    2    158,656 K
chrome.exe                   21172 Console                    2    166,368 K
chrome.exe                   22280 Console                    2     51,876 K
chrome.exe                    3424 Console                    2     46,736 K
chrome.exe                    1904 Console                    2     12,736 K
chrome.exe                   18032 Console                    2     13,932 K
NVIDIA Broadcast.exe         16912 Console                    2     38,156 K
chrome.exe                    7300 Console                    2     11,492 K
NVIDIA Broadcast.exe          8796 Console                    2      5,996 K
NVIDIA Broadcast.exe         18196 Console                    2      4,456 K
NVIDIA Broadcast.exe          9440 Console                    2     11,388 K
chrome.exe                   21596 Console                    2      9,460 K
chrome.exe                   22732 Console                    2     20,100 K
chrome.exe                   23232 Console                    2    153,468 K
chrome.exe                   23372 Console                    2     57,236 K
chrome.exe                   15520 Console                    2     11,716 K
chrome.exe                   23340 Console                    2      8,592 K
chrome.exe                   23196 Console                    2      4,140 K
chrome.exe                   19892 Console                    2     12,360 K
chrome.exe                    1216 Console                    2      8,556 K
chrome.exe                   10276 Console                    2     35,112 K
NVIDIA Broadcast.exe         24172 Console                    2        968 K
chrome.exe                   24276 Console                    2     63,988 K
chrome.exe                   24372 Console                    2     23,816 K
chrome.exe                   23656 Console                    2      3,032 K
VirtualBox.exe               23916 Console                    2      8,264 K
VBoxSVC.exe                  11528 Console                    2      3,616 K
VBoxSDS.exe                  23992 Services                   0     12,768 K
chrome.exe                   13688 Console                    2      2,876 K
chrome.exe                   24396 Console                    2      3,036 K
VirtualBoxVM.exe             22936 Console                    2         16 K
VirtualBoxVM.exe              1464 Console                    2      5,016 K
VirtualBoxVM.exe             24680 Console                    2    100,060 K
svchost.exe                  25428 Services                   0     12,940 K
RuntimeBroker.exe            25516 Console                    2      1,448 K
SystemSettings.exe           25248 Console                    2         20 K
svchost.exe                  26004 Services                   0     23,344 K
svchost.exe                  26124 Services                   0      8,432 K
svchost.exe                  26260 Services                   0     21,740 K
svchost.exe                  26352 Services                   0     13,692 K
Copilot.exe                  26516 Console                    2     43,800 K
RuntimeBroker.exe            26116 Console                    2      1,232 K
RvRvpnGui.exe                26788 Console                    2      3,792 K
ShareX.exe                   20312 Console                    2      6,240 K
Notepad.exe                  22140 Console                    2      3,308 K
SecurityHealthService.exe     1180 Services                   0     20,564 K
chrome.exe                   11348 Console                    2     43,300 K
svchost.exe                  27360 Services                   0     34,524 K
SearchProtocolHost.exe       20152 Services                   0     16,508 K
powershell.exe               26700 Console                    2     75,520 K
conhost.exe                   6120 Console                    2     21,384 K
svchost.exe                  20308 Services                   0     10,652 K
MSPCManager.exe               1172 Console                    2     46,268 K
RuntimeBroker.exe            27348 Console                    2      7,612 K
MSPCManagerCore.exe           9104 Console                    2    107,276 K
msedgewebview2.exe            2772 Console                    2     38,100 K
msedgewebview2.exe           26944 Console                    2        532 K
msedgewebview2.exe            4820 Console                    2     40,580 K
msedgewebview2.exe            6644 Console                    2     15,324 K
msedgewebview2.exe           25116 Console                    2      2,564 K
msedgewebview2.exe           26800 Console                    2     97,300 K
chrome.exe                   24528 Console                    2      6,984 K
svchost.exe                  18760 Services                   0     10,772 K
WmiPrvSE.exe                 16092 Services                   0     15,408 K
svchost.exe                  24852 Services                   0      8,892 K
chrome.exe                   23964 Console                    2     62,976 K
chrome.exe                    2624 Console                    2     67,960 K
chrome.exe                    2920 Console                    2     93,004 K
chrome.exe                    2372 Console                    2     95,628 K
chrome.exe                   22056 Console                    2     93,568 K
chrome.exe                    3824 Console                    2     31,956 K
cmd.exe                      25324 Console                    2      6,988 K
tasklist.exe                 27024 Console                    2     11,744 K
[2025-10-28] --- Processes List End --- 
[2025-10-28] Attempting to terminate process: MSPCManager.exe... 
[2025-10-28] Process MSPCManager.exe and its children successfully terminated. 
[2025-10-28] Deleting files *.TMP and temp*.* from C:\IPZ-23-4\KOP\lab_2\baza... 
[2025-10-28] Deleted temporary files: 0. 
[2025-10-28] Creating archive from C:\IPZ-23-4\KOP\lab_2\baza... 
[2025-10-28] Archive 2025-10-28_22-10-48.zip successfully created in temp folder. 
[2025-10-28] Moving archive to C:\IPZ-23-4\KOP\lab_2\archive... 
[2025-10-28] Archive successfully moved to C:\IPZ-23-4\KOP\lab_2\archive. 
[2025-10-28] Checking for yesterday's archive... 
[2025-10-28] Yesterday's date: 2025-10-27. 
[2025-10-28] WARNING: Archive for 2025-10-27 not found. 
[2025-10-28] Sending email notification... 
[2025-10-28] Email notification sent. 
[2025-10-28] Deleting archives older than 30 days from C:\IPZ-23-4\KOP\lab_2\archive... 
[2025-10-28] Old archives cleanup finished. 
[2025-10-28] Checking Internet connection (ping 8.8.8.8)... 
[2025-10-28] Internet connection is OK. 
[2025-10-28] Checking remote PC status 199.66.9.4... 
[2025-10-28] PC 199.66.9.4 is OFFLINE (no ping response). 
[2025-10-28] Getting network computers list (net view): 
[2025-10-28] --- Net View List Start --- 
[2025-10-28] --- Net View List End --- 
[2025-10-28] Checking IP addresses from ipon.txt... 
[2025-10-28] IP address 192.168.1.100 from ipon.txt is ONLINE. 
[2025-10-28] IP address 192.168.1.106 from ipon.txt is ONLINE. 
[2025-10-28] IP address 1.1.1.1 from ipon.txt is ONLINE. 
[2025-10-28] IP address 8.8.8.8 from ipon.txt is ONLINE. 
[2025-10-28] Checking log file size... 
[2025-10-28] Current C:\IPZ-23-4\KOP\lab_2\logs\lab.log size: 307142 bytes. Max: 500000 bytes. 
[2025-10-28] Log file size is within limits. 
[2025-10-28] Free and total disk space info on local drives: 
[2025-10-28] --- Disk Info (PowerShell) Start --- 

DeviceID FreeSpace (GB) Size (GB)
-------- -------------- ---------
C:                   88       465
D:                  475       931


[2025-10-28] --- Disk Info (PowerShell) End --- 
[2025-10-28] Saving system information to systeminfo_2025-10-28_22-10-48.txt... 
[2025-10-28] System information saved. 
[2025-10-28] --- Script Finished --- 
 
[2025-10-28] --- Script Start --- 
[2025-10-28] Log file C:\IPZ-23-4\KOP\lab_2\logs\lab.log opened. 
[2025-10-28] Attempting time sync with NTP-server (pool.ntp.org)... 
[2025-10-28] (Admin rights required) 
[2025-10-28] Time sync command executed. 
[2025-10-28] Updated time: Tue 10/28/2025 22:13:32.94 
[2025-10-28] List of running processes: 
[2025-10-28] --- Processes List Start --- 

Image Name                     PID Session Name        Session#    Mem Usage
========================= ======== ================ =========== ============
System Idle Process              0 Services                   0          8 K
System                           4 Services                   0      2,968 K
Registry                       224 Services                   0     46,524 K
smss.exe                       744 Services                   0      1,508 K
csrss.exe                      880 Services                   0      4,396 K
wininit.exe                   1076 Services                   0      4,640 K
services.exe                  1164 Services                   0     12,516 K
lsass.exe                     1224 Services                   0     23,888 K
svchost.exe                   1396 Services                   0     23,544 K
WUDFHost.exe                  1428 Services                   0      8,572 K
fontdrvhost.exe               1448 Services                   0      1,876 K
svchost.exe                   1564 Services                   0     15,508 K
svchost.exe                   1616 Services                   0     10,036 K
svchost.exe                   1824 Services                   0      4,820 K
svchost.exe                   1844 Services                   0      4,060 K
svchost.exe                   1868 Services                   0     12,764 K
svchost.exe                   1876 Services                   0     11,252 K
svchost.exe                   1892 Services                   0     10,044 K
svchost.exe                    712 Services                   0      8,520 K
svchost.exe                    804 Services                   0      9,184 K
svchost.exe                    724 Services                   0     12,000 K
svchost.exe                    924 Services                   0     11,624 K
svchost.exe                   2136 Services                   0     11,828 K
svchost.exe                   2156 Services                   0      3,724 K
svchost.exe                   2256 Services                   0      8,680 K
svchost.exe                   2388 Services                   0     18,228 K
svchost.exe                   2600 Services                   0      7,404 K
svchost.exe                   2700 Services                   0      8,932 K
svchost.exe                   2740 Services                   0     23,412 K
NVDisplay.Container.exe       2792 Services                   0     21,532 K
svchost.exe                   2984 Services                   0      6,416 K
svchost.exe                   3032 Services                   0     16,992 K
svchost.exe                   2344 Services                   0     18,548 K
svchost.exe                   2440 Services                   0      3,508 K
svchost.exe                   2448 Services                   0      6,548 K
svchost.exe                   3136 Services                   0      8,256 K
Memory Compression            3220 Services                   0  1,302,320 K
svchost.exe                   3260 Services                   0      6,088 K
svchost.exe                   3312 Services                   0      9,804 K
svchost.exe                   3320 Services                   0      7,540 K
svchost.exe                   3404 Services                   0     15,636 K
svchost.exe                   3436 Services                   0      6,508 K
svchost.exe                   3476 Services                   0      8,292 K
svchost.exe                   3484 Services                   0      7,188 K
svchost.exe                   3544 Services                   0      8,452 K
spoolsv.exe                   3672 Services                   0      8,576 K
svchost.exe                   3736 Services                   0     15,144 K
svchost.exe                   3784 Services                   0      5,012 K
svchost.exe                   4052 Services                   0      8,880 K
remoting_host.exe             4060 Services                   0      6,408 K
svchost.exe                   4084 Services                   0      5,600 K
svchost.exe                   4092 Services                   0     25,516 K
svchost.exe                   2060 Services                   0     34,360 K
AdGuardHome.exe               3828 Services                   0     35,468 K
plasticd.exe                   860 Services                   0     40,840 K
svchost.exe                   4100 Services                   0      5,128 K
RtkAudUService64.exe          4112 Services                   0     11,024 K
svchost.exe                   4132 Services                   0     18,096 K
nvcontainer.exe               4140 Services                   0     26,136 K
RvControlSvc.exe              4152 Services                   0      9,432 K
MpDefenderCoreService.exe     4160 Services                   0     15,704 K
OfficeClickToRun.exe          4172 Services                   0     18,676 K
svchost.exe                   4188 Services                   0      3,156 K
MsMpEng.exe                   4252 Services                   0    286,140 K
svchost.exe                   4260 Services                   0     22,156 K
svchost.exe                   4268 Services                   0     23,640 K
wallpaperservice32.exe        4296 Services                   0      3,204 K
urban-vpn-service.exe         4304 Services                   0     11,184 K
svchost.exe                   4332 Services                   0      4,592 K
svchost.exe                   4344 Services                   0     10,368 K
audiodg.exe                   4368 Services                   0     18,696 K
svchost.exe                   4480 Services                   0      6,252 K
svchost.exe                   4560 Services                   0      6,040 K
warp-svc.exe                  5828 Services                   0     33,124 K
remoting_host.exe             6136 Services                   0     16,440 K
WmiPrvSE.exe                  6648 Services                   0     29,728 K
svchost.exe                   6900 Services                   0      9,476 K
svchost.exe                   7428 Services                   0     15,240 K
svchost.exe                   7436 Services                   0     30,016 K
gamingservicesnet.exe         7524 Services                   0      5,724 K
gamingservices.exe            7528 Services                   0     25,624 K
MSPCManagerService.exe        7568 Services                   0     74,248 K
AggregatorHost.exe            8076 Services                   0      6,508 K
svchost.exe                   8312 Services                   0     17,260 K
svchost.exe                   8876 Services                   0     17,560 K
svchost.exe                   9164 Services                   0     10,784 K
svchost.exe                   9308 Services                   0      7,068 K
svchost.exe                   9480 Services                   0      4,368 K
svchost.exe                   9544 Services                   0      2,572 K
svchost.exe                   9704 Services                   0      6,424 K
svchost.exe                   9752 Services                   0      6,440 K
svchost.exe                   9404 Services                   0      7,784 K
svchost.exe                   1980 Services                   0     17,976 K
svchost.exe                  10332 Services                   0     35,884 K
SearchIndexer.exe            11396 Services                   0     35,396 K
WmiPrvSE.exe                 13076 Services                   0      8,276 K
svchost.exe                  14016 Services                   0     24,580 K
svchost.exe                  14444 Services                   0     15,088 K
NisSrv.exe                   16292 Services                   0      7,288 K
svchost.exe                   9276 Services                   0      4,728 K
csrss.exe                     6532 Console                    2      4,608 K
winlogon.exe                 16736 Console                    2      6,544 K
fontdrvhost.exe               6012 Console                    2     11,732 K
dwm.exe                       5840 Console                    2     99,124 K
NVDisplay.Container.exe      16344 Console                    2     24,924 K
nvcontainer.exe              17060 Console                    2     23,604 K
svchost.exe                  15616 Services                   0     10,796 K
svchost.exe                  13580 Services                   0      3,300 K
nvcontainer.exe              13568 Console                    2     24,648 K
sihost.exe                   13820 Console                    2     14,124 K
nvcontainer.exe               2548 Console                    2     29,524 K
svchost.exe                  13916 Console                    2      7,788 K
svchost.exe                   7304 Console                    2        916 K
svchost.exe                  11020 Console                    2     11,696 K
taskhostw.exe                10420 Console                    2      5,176 K
explorer.exe                 16964 Console                    2    129,432 K
ShellHost.exe                15108 Console                    2      5,932 K
CrossDeviceResume.exe        15408 Console                    2      4,668 K
svchost.exe                  15904 Console                    2      2,740 K
wallpaper32.exe              17960 Console                    2     37,472 K
svchost.exe                  14980 Console                    2     15,896 K
nvsphelper64.exe              8520 Console                    2      6,056 K
NVIDIA Overlay.exe           12404 Console                    2     24,608 K
StartMenuExperienceHost.e    14436 Console                    2     80,880 K
SearchHost.exe               16508 Console                    2     50,028 K
Widgets.exe                  10596 Console                    2      4,736 K
UserOOBEBroker.exe           17328 Console                    2      1,668 K
RuntimeBroker.exe            12744 Console                    2      9,332 K
svchost.exe                  12960 Console                    2      5,624 K
WidgetService.exe            15748 Console                    2      2,512 K
NVIDIA Overlay.exe           17248 Console                    2      5,688 K
NVIDIA Overlay.exe           17376 Console                    2     13,488 K
NVIDIA Overlay.exe            9156 Console                    2      3,312 K
msedgewebview2.exe           12480 Console                    2     24,024 K
ShellExperienceHost.exe      12504 Console                    2      7,628 K
msedgewebview2.exe           14312 Console                    2      1,388 K
NVIDIA Overlay.exe            7252 Console                    2     15,580 K
msedgewebview2.exe            7248 Console                    2      6,088 K
msedgewebview2.exe           17792 Console                    2     20,564 K
msedgewebview2.exe           16848 Console                    2      3,460 K
msedgewebview2.exe            4544 Console                    2     59,832 K
PhoneExperienceHost.exe      13272 Console                    2    108,676 K
ctfmon.exe                    5116 Console                    2     41,124 K
ApplicationFrameHost.exe     18236 Console                    2     19,268 K
svchost.exe                   4276 Console                    2     11,120 K
taskhostw.exe                17416 Console                    2     19,804 K
svchost.exe                  17460 Services                   0     14,072 K
svchost.exe                  15864 Services                   0      3,824 K
TextInputHost.exe            15852 Console                    2     27,324 K
svchost.exe                  12180 Console                    2      1,920 K
smartscreen.exe              18384 Console                    2      5,284 K
svchost.exe                  12536 Services                   0      9,724 K
Discord.exe                  13992 Console                    2     36,612 K
Discord.exe                  16972 Console                    2      2,456 K
Discord.exe                  15304 Console                    2     49,168 K
Discord.exe                  17904 Console                    2     16,828 K
Discord.exe                   3744 Console                    2    239,408 K
chrome.exe                    9772 Console                    2    210,640 K
svchost.exe                  13028 Services                   0     11,256 K
chrome.exe                    6872 Console                    2      3,024 K
chrome.exe                   18584 Console                    2     88,800 K
chrome.exe                   18592 Console                    2     47,268 K
chrome.exe                   18644 Console                    2      9,652 K
chrome.exe                   18884 Console                    2     13,560 K
chrome.exe                   18900 Console                    2     48,704 K
chrome.exe                   18908 Console                    2     32,560 K
chrome.exe                   18912 Console                    2     12,620 K
chrome.exe                   18924 Console                    2     12,232 K
chrome.exe                   19952 Console                    2    530,044 K
chrome.exe                   19104 Console                    2    308,720 K
chrome.exe                   18240 Console                    2    187,100 K
chrome.exe                    1724 Console                    2     17,528 K
Discord.exe                  18944 Console                    2      3,352 K
chrome.exe                   21392 Console                    2    187,388 K
chrome.exe                   21040 Console                    2     16,224 K
chrome.exe                   20740 Console                    2     10,412 K
chrome.exe                   21288 Console                    2      7,420 K
chrome.exe                    9652 Console                    2     34,404 K
Telegram.exe                 13240 Console                    2     45,056 K
chrome.exe                   20560 Console                    2    160,072 K
chrome.exe                   21172 Console                    2    184,748 K
chrome.exe                   22280 Console                    2     49,548 K
chrome.exe                    3424 Console                    2    182,932 K
chrome.exe                    1904 Console                    2     13,100 K
chrome.exe                   18032 Console                    2     20,296 K
NVIDIA Broadcast.exe         16912 Console                    2     39,916 K
chrome.exe                    7300 Console                    2     22,328 K
NVIDIA Broadcast.exe          8796 Console                    2      6,708 K
NVIDIA Broadcast.exe         18196 Console                    2      4,660 K
NVIDIA Broadcast.exe          9440 Console                    2     11,524 K
chrome.exe                   21596 Console                    2      9,632 K
chrome.exe                   22732 Console                    2     27,828 K
chrome.exe                   23232 Console                    2    161,492 K
chrome.exe                   23372 Console                    2    175,012 K
chrome.exe                   15520 Console                    2     16,004 K
chrome.exe                   23340 Console                    2     27,528 K
chrome.exe                   23196 Console                    2      5,072 K
chrome.exe                   19892 Console                    2     13,476 K
chrome.exe                    1216 Console                    2     20,536 K
chrome.exe                   10276 Console                    2    187,236 K
NVIDIA Broadcast.exe         24172 Console                    2      3,344 K
chrome.exe                   24276 Console                    2    175,680 K
chrome.exe                   24372 Console                    2    201,184 K
chrome.exe                   23656 Console                    2      6,572 K
VirtualBox.exe               23916 Console                    2     55,628 K
VBoxSVC.exe                  11528 Console                    2     11,760 K
VBoxSDS.exe                  23992 Services                   0     12,716 K
chrome.exe                   13688 Console                    2     10,964 K
chrome.exe                   24396 Console                    2     11,312 K
VirtualBoxVM.exe             22936 Console                    2        460 K
VirtualBoxVM.exe              1464 Console                    2      5,016 K
VirtualBoxVM.exe             24680 Console                    2    103,396 K
svchost.exe                  25428 Services                   0     12,900 K
RuntimeBroker.exe            25516 Console                    2      3,080 K
SystemSettings.exe           25248 Console                    2     83,224 K
svchost.exe                  26004 Services                   0     22,796 K
svchost.exe                  26124 Services                   0      8,440 K
svchost.exe                  26260 Services                   0     21,928 K
svchost.exe                  26352 Services                   0     13,824 K
Copilot.exe                  26516 Console                    2     51,416 K
RuntimeBroker.exe            26116 Console                    2      2,600 K
RvRvpnGui.exe                26788 Console                    2      5,080 K
ShareX.exe                   20312 Console                    2      8,540 K
Notepad.exe                  22140 Console                    2      9,880 K
SecurityHealthService.exe     1180 Services                   0     25,052 K
chrome.exe                   11348 Console                    2     45,776 K
SearchProtocolHost.exe       20152 Services                   0     16,236 K
powershell.exe               26700 Console                    2     76,292 K
conhost.exe                   6120 Console                    2     21,592 K
svchost.exe                  20308 Services                   0     10,772 K
svchost.exe                  18760 Services                   0     10,636 K
chrome.exe                    2624 Console                    2     67,296 K
chrome.exe                    2920 Console                    2     90,328 K
chrome.exe                   22056 Console                    2     85,876 K
chrome.exe                    3824 Console                    2     31,600 K
TrustedInstaller.exe         27420 Services                   0     10,032 K
TiWorker.exe                 25696 Services                   0     17,084 K
chrome.exe                    6824 Console                    2     41,312 K
chrome.exe                   25188 Console                    2     44,512 K
chrome.exe                   17992 Console                    2     40,144 K
chrome.exe                    7508 Console                    2     42,188 K
chrome.exe                   10228 Console                    2     45,000 K
svchost.exe                  15204 Services                   0     16,880 K
cmd.exe                      16048 Console                    2      6,984 K
tasklist.exe                 24936 Console                    2     11,748 K
[2025-10-28] --- Processes List End --- 
[2025-10-28] Attempting to terminate process: MSPCManager.exe... 
[2025-10-28] Error: Failed to terminate process MSPCManager.exe (maybe not running). 
[2025-10-28] Deleting files *.TMP and temp*.* from C:\IPZ-23-4\KOP\lab_2\baza... 
[2025-10-28] Deleted temporary files: 0. 
[2025-10-28] Creating archive from C:\IPZ-23-4\KOP\lab_2\baza... 
[2025-10-28] Archive 2025-10-28_22-13-35.zip successfully created in temp folder. 
[2025-10-28] Moving archive to C:\IPZ-23-4\KOP\lab_2\archive... 
[2025-10-28] Archive successfully moved to C:\IPZ-23-4\KOP\lab_2\archive. 
[2025-10-28] Checking for yesterday's archive... 
[2025-10-28] Yesterday's date: 2025-10-27. 
[2025-10-28] WARNING: Archive for 2025-10-27 not found. 
[2025-10-28] Sending email notification... 
[2025-10-28] Email notification sent. 
[2025-10-28] Deleting archives older than 30 days from C:\IPZ-23-4\KOP\lab_2\archive... 
[2025-10-28] Old archives cleanup finished. 
[2025-10-28] Checking Internet connection (ping 8.8.8.8)... 
[2025-10-28] Internet connection is OK. 
[2025-10-28] Checking remote PC status 192.168.1.109... 
[2025-10-28] PC 192.168.1.109 is OFFLINE (no ping response). 
[2025-10-28] Getting network computers list (net view): 
[2025-10-28] --- Net View List Start --- 
[2025-10-28] --- Net View List End --- 
[2025-10-28] Checking IP addresses from ipon.txt... 
[2025-10-28] IP address 192.168.1.100 from ipon.txt is ONLINE. 
[2025-10-28] IP address 192.168.1.106 from ipon.txt is ONLINE. 
[2025-10-28] IP address 1.1.1.1 from ipon.txt is ONLINE. 
[2025-10-28] IP address 8.8.8.8 from ipon.txt is ONLINE. 
[2025-10-28] Checking log file size... 
[2025-10-28] Current C:\IPZ-23-4\KOP\lab_2\logs\lab.log size: 329127 bytes. Max: 500000 bytes. 
[2025-10-28] Log file size is within limits. 
[2025-10-28] Free and total disk space info on local drives: 
[2025-10-28] --- Disk Info (PowerShell) Start --- 

DeviceID FreeSpace (GB) Size (GB)
-------- -------------- ---------
C:                   88       465
D:                  475       931


[2025-10-28] --- Disk Info (PowerShell) End --- 
[2025-10-28] Saving system information to systeminfo_2025-10-28_22-13-35.txt... 
[2025-10-28] System information saved. 
[2025-10-28] --- Script Finished --- 
 
[2025-10-28] --- Script Start --- 
[2025-10-28] Log file C:\IPZ-23-4\KOP\lab_2\logs\lab.log opened. 
[2025-10-28] Attempting time sync with NTP-server (pool.ntp.org)... 
[2025-10-28] (Admin rights required) 
[2025-10-28] Time sync command executed. 
[2025-10-28] Updated time: Tue 10/28/2025 22:16:58.69 
[2025-10-28] List of running processes: 
[2025-10-28] --- Processes List Start --- 

Image Name                     PID Session Name        Session#    Mem Usage
========================= ======== ================ =========== ============
System Idle Process              0 Services                   0          8 K
System                           4 Services                   0      3,040 K
Registry                       224 Services                   0     47,504 K
smss.exe                       744 Services                   0      1,316 K
csrss.exe                      880 Services                   0      4,960 K
wininit.exe                   1076 Services                   0      4,480 K
services.exe                  1164 Services                   0     11,968 K
lsass.exe                     1224 Services                   0     23,012 K
svchost.exe                   1396 Services                   0     22,836 K
WUDFHost.exe                  1428 Services                   0      8,280 K
fontdrvhost.exe               1448 Services                   0      1,676 K
svchost.exe                   1564 Services                   0     15,504 K
svchost.exe                   1616 Services                   0      9,636 K
svchost.exe                   1824 Services                   0      4,816 K
svchost.exe                   1844 Services                   0      3,940 K
svchost.exe                   1868 Services                   0     10,456 K
svchost.exe                   1876 Services                   0     10,652 K
svchost.exe                   1892 Services                   0      9,940 K
svchost.exe                    712 Services                   0      8,396 K
svchost.exe                    804 Services                   0      9,056 K
svchost.exe                    724 Services                   0     11,860 K
svchost.exe                    924 Services                   0     11,572 K
svchost.exe                   2136 Services                   0      9,468 K
svchost.exe                   2156 Services                   0      3,576 K
svchost.exe                   2256 Services                   0      8,484 K
svchost.exe                   2388 Services                   0     16,976 K
svchost.exe                   2600 Services                   0      6,976 K
svchost.exe                   2700 Services                   0      8,100 K
svchost.exe                   2740 Services                   0     21,832 K
NVDisplay.Container.exe       2792 Services                   0     20,364 K
svchost.exe                   2984 Services                   0      6,260 K
svchost.exe                   3032 Services                   0     15,140 K
svchost.exe                   2344 Services                   0     17,948 K
svchost.exe                   2440 Services                   0      3,444 K
svchost.exe                   2448 Services                   0      6,184 K
svchost.exe                   3136 Services                   0      7,452 K
Memory Compression            3220 Services                   0  1,287,216 K
svchost.exe                   3260 Services                   0      5,836 K
svchost.exe                   3312 Services                   0      8,384 K
svchost.exe                   3320 Services                   0      7,204 K
svchost.exe                   3404 Services                   0     16,044 K
svchost.exe                   3436 Services                   0      6,424 K
svchost.exe                   3476 Services                   0      7,944 K
svchost.exe                   3484 Services                   0      7,260 K
svchost.exe                   3544 Services                   0      7,992 K
spoolsv.exe                   3672 Services                   0      7,872 K
svchost.exe                   3736 Services                   0     14,860 K
svchost.exe                   3784 Services                   0      4,884 K
svchost.exe                   4052 Services                   0     13,880 K
remoting_host.exe             4060 Services                   0      6,224 K
svchost.exe                   4084 Services                   0      5,444 K
svchost.exe                   4092 Services                   0     25,312 K
svchost.exe                   2060 Services                   0     33,528 K
AdGuardHome.exe               3828 Services                   0     29,608 K
plasticd.exe                   860 Services                   0     35,372 K
svchost.exe                   4100 Services                   0      4,988 K
RtkAudUService64.exe          4112 Services                   0     10,032 K
svchost.exe                   4132 Services                   0     18,120 K
nvcontainer.exe               4140 Services                   0     24,308 K
RvControlSvc.exe              4152 Services                   0      9,160 K
MpDefenderCoreService.exe     4160 Services                   0     20,928 K
OfficeClickToRun.exe          4172 Services                   0     38,980 K
svchost.exe                   4188 Services                   0      3,016 K
MsMpEng.exe                   4252 Services                   0    228,616 K
svchost.exe                   4260 Services                   0     21,488 K
svchost.exe                   4268 Services                   0     23,516 K
wallpaperservice32.exe        4296 Services                   0      3,120 K
urban-vpn-service.exe         4304 Services                   0     10,568 K
svchost.exe                   4332 Services                   0      4,508 K
svchost.exe                   4344 Services                   0     10,144 K
audiodg.exe                   4368 Services                   0     18,464 K
svchost.exe                   4480 Services                   0      6,180 K
svchost.exe                   4560 Services                   0      5,952 K
warp-svc.exe                  5828 Services                   0     23,688 K
remoting_host.exe             6136 Services                   0     16,592 K
svchost.exe                   6900 Services                   0      9,108 K
svchost.exe                   7428 Services                   0     14,892 K
svchost.exe                   7436 Services                   0     28,808 K
gamingservicesnet.exe         7524 Services                   0      5,408 K
gamingservices.exe            7528 Services                   0     25,152 K
MSPCManagerService.exe        7568 Services                   0     59,000 K
AggregatorHost.exe            8076 Services                   0      6,364 K
svchost.exe                   8312 Services                   0     17,012 K
svchost.exe                   8876 Services                   0     17,360 K
svchost.exe                   9164 Services                   0     10,780 K
svchost.exe                   9308 Services                   0      6,868 K
svchost.exe                   9480 Services                   0      4,248 K
svchost.exe                   9544 Services                   0      2,520 K
svchost.exe                   9704 Services                   0      6,380 K
svchost.exe                   9752 Services                   0      6,308 K
svchost.exe                   9404 Services                   0      7,740 K
svchost.exe                   1980 Services                   0     17,824 K
svchost.exe                  10332 Services                   0     32,992 K
SearchIndexer.exe            11396 Services                   0     33,232 K
WmiPrvSE.exe                 13076 Services                   0      8,668 K
svchost.exe                  14016 Services                   0     24,556 K
svchost.exe                  14444 Services                   0     15,032 K
NisSrv.exe                   16292 Services                   0      7,228 K
svchost.exe                   9276 Services                   0      4,400 K
csrss.exe                     6532 Console                    2      4,332 K
winlogon.exe                 16736 Console                    2      6,260 K
fontdrvhost.exe               6012 Console                    2      9,932 K
dwm.exe                       5840 Console                    2    103,000 K
NVDisplay.Container.exe      16344 Console                    2     21,260 K
nvcontainer.exe              17060 Console                    2     23,192 K
svchost.exe                  15616 Services                   0     10,380 K
svchost.exe                  13580 Services                   0      3,056 K
nvcontainer.exe              13568 Console                    2     29,876 K
sihost.exe                   13820 Console                    2     15,600 K
nvcontainer.exe               2548 Console                    2     30,180 K
svchost.exe                  13916 Console                    2     16,864 K
svchost.exe                   7304 Console                    2        916 K
svchost.exe                  11020 Console                    2     13,008 K
taskhostw.exe                10420 Console                    2      5,376 K
explorer.exe                 16964 Console                    2    131,992 K
ShellHost.exe                15108 Console                    2      6,104 K
CrossDeviceResume.exe        15408 Console                    2      4,680 K
svchost.exe                  15904 Console                    2      2,736 K
wallpaper32.exe              17960 Console                    2     37,172 K
svchost.exe                  14980 Console                    2     18,912 K
nvsphelper64.exe              8520 Console                    2      5,348 K
NVIDIA Overlay.exe           12404 Console                    2     26,664 K
StartMenuExperienceHost.e    14436 Console                    2     80,676 K
SearchHost.exe               16508 Console                    2     51,016 K
Widgets.exe                  10596 Console                    2     12,200 K
UserOOBEBroker.exe           17328 Console                    2      1,668 K
RuntimeBroker.exe            12744 Console                    2     11,176 K
svchost.exe                  12960 Console                    2      6,140 K
WidgetService.exe            15748 Console                    2      3,732 K
NVIDIA Overlay.exe           17248 Console                    2      5,712 K
NVIDIA Overlay.exe           17376 Console                    2     14,060 K
NVIDIA Overlay.exe            9156 Console                    2      3,312 K
msedgewebview2.exe           12480 Console                    2     28,456 K
ShellExperienceHost.exe      12504 Console                    2      7,848 K
msedgewebview2.exe           14312 Console                    2      1,688 K
NVIDIA Overlay.exe            7252 Console                    2     20,640 K
msedgewebview2.exe            7248 Console                    2      6,144 K
msedgewebview2.exe           17792 Console                    2     20,832 K
msedgewebview2.exe           16848 Console                    2      3,460 K
msedgewebview2.exe            4544 Console                    2     60,584 K
PhoneExperienceHost.exe      13272 Console                    2    122,700 K
ctfmon.exe                    5116 Console                    2     27,392 K
ApplicationFrameHost.exe     18236 Console                    2     20,316 K
svchost.exe                   4276 Console                    2     10,944 K
taskhostw.exe                17416 Console                    2     25,888 K
svchost.exe                  17460 Services                   0     14,280 K
svchost.exe                  15864 Services                   0      3,676 K
TextInputHost.exe            15852 Console                    2     48,440 K
svchost.exe                  12180 Console                    2      1,920 K
smartscreen.exe              18384 Console                    2      5,292 K
svchost.exe                  12536 Services                   0      9,420 K
Discord.exe                  13992 Console                    2     40,528 K
Discord.exe                  16972 Console                    2      2,476 K
Discord.exe                  15304 Console                    2     51,528 K
Discord.exe                  17904 Console                    2     16,984 K
Discord.exe                   3744 Console                    2    249,616 K
chrome.exe                    9772 Console                    2    218,296 K
svchost.exe                  13028 Services                   0     11,164 K
chrome.exe                    6872 Console                    2      3,076 K
chrome.exe                   18584 Console                    2     96,988 K
chrome.exe                   18592 Console                    2     48,012 K
chrome.exe                   18644 Console                    2      9,900 K
chrome.exe                   18884 Console                    2     13,760 K
chrome.exe                   18900 Console                    2    100,076 K
chrome.exe                   18908 Console                    2     35,696 K
chrome.exe                   18912 Console                    2     15,880 K
chrome.exe                   18924 Console                    2     12,284 K
chrome.exe                   19952 Console                    2    539,664 K
chrome.exe                   19104 Console                    2    377,944 K
chrome.exe                   18240 Console                    2    187,948 K
chrome.exe                    1724 Console                    2     18,316 K
Discord.exe                  18944 Console                    2      3,764 K
chrome.exe                   21392 Console                    2    183,948 K
chrome.exe                   21040 Console                    2     16,280 K
chrome.exe                   20740 Console                    2     10,380 K
chrome.exe                   21288 Console                    2      8,100 K
chrome.exe                    9652 Console                    2     42,544 K
Telegram.exe                 13240 Console                    2     49,088 K
chrome.exe                   20560 Console                    2    158,008 K
chrome.exe                   21172 Console                    2    183,532 K
chrome.exe                   22280 Console                    2     55,440 K
chrome.exe                    3424 Console                    2    193,136 K
chrome.exe                    1904 Console                    2     13,104 K
chrome.exe                   18032 Console                    2     24,716 K
NVIDIA Broadcast.exe         16912 Console                    2     41,160 K
chrome.exe                    7300 Console                    2     23,792 K
NVIDIA Broadcast.exe          8796 Console                    2      6,804 K
NVIDIA Broadcast.exe         18196 Console                    2      4,660 K
NVIDIA Broadcast.exe          9440 Console                    2     11,580 K
chrome.exe                   21596 Console                    2      9,732 K
chrome.exe                   22732 Console                    2     29,188 K
chrome.exe                   23232 Console                    2    167,532 K
chrome.exe                   23372 Console                    2    185,288 K
chrome.exe                   15520 Console                    2     14,712 K
chrome.exe                   23340 Console                    2     40,592 K
chrome.exe                   23196 Console                    2      5,084 K
chrome.exe                   19892 Console                    2     13,644 K
chrome.exe                    1216 Console                    2     21,876 K
chrome.exe                   10276 Console                    2    192,068 K
NVIDIA Broadcast.exe         24172 Console                    2      3,796 K
chrome.exe                   24276 Console                    2    182,272 K
chrome.exe                   24372 Console                    2    201,504 K
chrome.exe                   23656 Console                    2      6,684 K
VirtualBox.exe               23916 Console                    2     67,588 K
VBoxSVC.exe                  11528 Console                    2     12,604 K
VBoxSDS.exe                  23992 Services                   0     12,064 K
chrome.exe                   13688 Console                    2     11,080 K
chrome.exe                   24396 Console                    2     11,432 K
VirtualBoxVM.exe             22936 Console                    2        460 K
VirtualBoxVM.exe              1464 Console                    2      5,016 K
VirtualBoxVM.exe             24680 Console                    2    104,420 K
svchost.exe                  25428 Services                   0     12,120 K
RuntimeBroker.exe            25516 Console                    2      3,112 K
SystemSettings.exe           25248 Console                    2     87,056 K
svchost.exe                  26004 Services                   0     22,304 K
svchost.exe                  26124 Services                   0      8,188 K
svchost.exe                  26260 Services                   0     20,864 K
svchost.exe                  26352 Services                   0     12,888 K
Copilot.exe                  26516 Console                    2     75,864 K
RuntimeBroker.exe            26116 Console                    2      2,632 K
RvRvpnGui.exe                26788 Console                    2      5,648 K
ShareX.exe                   20312 Console                    2    252,376 K
Notepad.exe                  22140 Console                    2      9,948 K
SecurityHealthService.exe     1180 Services                   0     24,144 K
chrome.exe                   11348 Console                    2     48,760 K
powershell.exe               26700 Console                    2     76,696 K
conhost.exe                   6120 Console                    2     21,636 K
svchost.exe                  20308 Services                   0     10,768 K
svchost.exe                  18760 Services                   0     10,728 K
chrome.exe                    2624 Console                    2     69,156 K
chrome.exe                    2920 Console                    2     93,196 K
chrome.exe                   22056 Console                    2     85,392 K
svchost.exe                  15204 Services                   0     34,160 K
chrome.exe                   25140 Console                    2     31,568 K
SearchProtocolHost.exe        8488 Services                   0     19,968 K
SearchFilterHost.exe         17756 Services                   0     12,600 K
SearchFilterHost.exe         24304 Services                   0     11,792 K
SearchFilterHost.exe         21992 Services                   0     12,424 K
WmiPrvSE.exe                  7628 Services                   0     16,468 K
svchost.exe                  20236 Services                   0     11,396 K
svchost.exe                   1384 Services                   0      9,472 K
chrome.exe                    7384 Console                    2     43,808 K
cmd.exe                      26256 Console                    2      6,988 K
tasklist.exe                 26476 Console                    2     11,740 K
[2025-10-28] --- Processes List End --- 
[2025-10-28] Attempting to terminate process: MSPCManager.exe... 
[2025-10-28] Error: Failed to terminate process MSPCManager.exe (maybe not running). 
[2025-10-28] Deleting files *.TMP and temp*.* from C:\IPZ-23-4\KOP\lab_2\baza... 
[2025-10-28] Deleted temporary files: 0. 
[2025-10-28] Creating archive from C:\IPZ-23-4\KOP\lab_2\baza... 
[2025-10-28] Archive 2025-10-28_22-17-00.zip successfully created in temp folder. 
[2025-10-28] Moving archive to C:\IPZ-23-4\KOP\lab_2\archive... 
[2025-10-28] Archive successfully moved to C:\IPZ-23-4\KOP\lab_2\archive. 
[2025-10-28] Checking for yesterday's archive... 
[2025-10-28] Yesterday's date: 2025-10-27. 
[2025-10-28] WARNING: Archive for 2025-10-27 not found. 
[2025-10-28] Sending email notification... 
[2025-10-28] Email notification sent. 
[2025-10-28] Deleting archives older than 30 days from C:\IPZ-23-4\KOP\lab_2\archive... 
[2025-10-28] Old archives cleanup finished. 
[2025-10-28] Checking Internet connection (ping 8.8.8.8)... 
[2025-10-28] Internet connection is OK. 
[2025-10-28] Checking remote PC status 192.168.1.109... 
[2025-10-28] PC 192.168.1.109 is OFFLINE (no ping response). 
[2025-10-28] Getting network computers list (net view): 
[2025-10-28] --- Net View List Start --- 
[2025-10-28] --- Net View List End --- 
[2025-10-28] Checking IP addresses from ipon.txt... 
[2025-10-28] IP address 192.168.1.100 from ipon.txt is ONLINE. 
[2025-10-28] IP address 192.168.1.106 from ipon.txt is ONLINE. 
[2025-10-28] IP address 1.1.1.1 from ipon.txt is ONLINE. 
[2025-10-28] IP address 8.8.8.8 from ipon.txt is ONLINE. 
[2025-10-28] Checking log file size... 
[2025-10-28] Current C:\IPZ-23-4\KOP\lab_2\logs\lab.log size: 351034 bytes. Max: 500000 bytes. 
[2025-10-28] Log file size is within limits. 
[2025-10-28] Free and total disk space info on local drives: 
[2025-10-28] --- Disk Info (PowerShell) Start --- 

DeviceID FreeSpace (GB) Size (GB)
-------- -------------- ---------
C:                   88       465
D:                  475       931


[2025-10-28] --- Disk Info (PowerShell) End --- 
[2025-10-28] Saving system information to systeminfo_2025-10-28_22-17-00.txt... 
[2025-10-28] System information saved. 
[2025-10-28] --- Script Finished --- 
 
[2025-10-28] --- Script Start --- 
[2025-10-28] Log file C:\IPZ-23-4\KOP\lab_2\logs\lab.log opened. 
[2025-10-28] Attempting time sync with NTP-server (pool.ntp.org)... 
[2025-10-28] (Admin rights required) 
[2025-10-28] Time sync command executed. 
[2025-10-28] Updated time: Tue 10/28/2025 22:20:02.61 
[2025-10-28] List of running processes: 
[2025-10-28] --- Processes List Start --- 

Image Name                     PID Session Name        Session#    Mem Usage
========================= ======== ================ =========== ============
System Idle Process              0 Services                   0          8 K
System                           4 Services                   0      3,076 K
Registry                       224 Services                   0     47,756 K
smss.exe                       744 Services                   0      1,316 K
csrss.exe                      880 Services                   0      4,964 K
wininit.exe                   1076 Services                   0      4,484 K
services.exe                  1164 Services                   0     12,024 K
lsass.exe                     1224 Services                   0     23,040 K
svchost.exe                   1396 Services                   0     22,880 K
WUDFHost.exe                  1428 Services                   0      8,284 K
fontdrvhost.exe               1448 Services                   0      1,676 K
svchost.exe                   1564 Services                   0     15,540 K
svchost.exe                   1616 Services                   0      9,692 K
svchost.exe                   1824 Services                   0      4,800 K
svchost.exe                   1844 Services                   0      3,960 K
svchost.exe                   1868 Services                   0     10,428 K
svchost.exe                   1876 Services                   0     10,580 K
svchost.exe                   1892 Services                   0      9,852 K
svchost.exe                    712 Services                   0      8,404 K
svchost.exe                    804 Services                   0      9,080 K
svchost.exe                    724 Services                   0     11,860 K
svchost.exe                    924 Services                   0     11,436 K
svchost.exe                   2136 Services                   0      9,464 K
svchost.exe                   2156 Services                   0      3,592 K
svchost.exe                   2256 Services                   0      8,444 K
svchost.exe                   2388 Services                   0     17,020 K
svchost.exe                   2600 Services                   0      6,964 K
svchost.exe                   2700 Services                   0      8,128 K
svchost.exe                   2740 Services                   0     21,768 K
NVDisplay.Container.exe       2792 Services                   0     20,364 K
svchost.exe                   2984 Services                   0      6,232 K
svchost.exe                   3032 Services                   0     15,244 K
svchost.exe                   2344 Services                   0     17,932 K
svchost.exe                   2440 Services                   0      3,448 K
svchost.exe                   2448 Services                   0      6,204 K
svchost.exe                   3136 Services                   0      7,572 K
Memory Compression            3220 Services                   0  1,245,928 K
svchost.exe                   3260 Services                   0      5,840 K
svchost.exe                   3312 Services                   0      8,404 K
svchost.exe                   3320 Services                   0      9,232 K
svchost.exe                   3404 Services                   0     16,036 K
svchost.exe                   3436 Services                   0      6,440 K
svchost.exe                   3476 Services                   0      8,048 K
svchost.exe                   3484 Services                   0      7,264 K
svchost.exe                   3544 Services                   0      8,016 K
spoolsv.exe                   3672 Services                   0      7,872 K
svchost.exe                   3736 Services                   0     14,864 K
svchost.exe                   3784 Services                   0      4,908 K
svchost.exe                   4052 Services                   0     13,908 K
remoting_host.exe             4060 Services                   0      6,224 K
svchost.exe                   4084 Services                   0      5,468 K
svchost.exe                   4092 Services                   0     26,664 K
svchost.exe                   2060 Services                   0     34,260 K
AdGuardHome.exe               3828 Services                   0     29,672 K
plasticd.exe                   860 Services                   0     36,936 K
svchost.exe                   4100 Services                   0      5,072 K
RtkAudUService64.exe          4112 Services                   0     10,032 K
svchost.exe                   4132 Services                   0     18,120 K
nvcontainer.exe               4140 Services                   0     24,372 K
RvControlSvc.exe              4152 Services                   0      9,124 K
MpDefenderCoreService.exe     4160 Services                   0     20,708 K
OfficeClickToRun.exe          4172 Services                   0     38,924 K
svchost.exe                   4188 Services                   0      3,016 K
MsMpEng.exe                   4252 Services                   0    227,332 K
svchost.exe                   4260 Services                   0     21,620 K
svchost.exe                   4268 Services                   0     22,368 K
wallpaperservice32.exe        4296 Services                   0      3,120 K
urban-vpn-service.exe         4304 Services                   0     10,552 K
svchost.exe                   4332 Services                   0      4,528 K
svchost.exe                   4344 Services                   0     10,144 K
audiodg.exe                   4368 Services                   0     18,600 K
svchost.exe                   4480 Services                   0      6,168 K
svchost.exe                   4560 Services                   0      5,996 K
warp-svc.exe                  5828 Services                   0     23,744 K
remoting_host.exe             6136 Services                   0     16,628 K
svchost.exe                   6900 Services                   0      9,108 K
svchost.exe                   7428 Services                   0     15,012 K
svchost.exe                   7436 Services                   0     28,700 K
gamingservicesnet.exe         7524 Services                   0      5,408 K
gamingservices.exe            7528 Services                   0     25,168 K
MSPCManagerService.exe        7568 Services                   0     59,092 K
AggregatorHost.exe            8076 Services                   0      6,460 K
svchost.exe                   8312 Services                   0     17,032 K
svchost.exe                   8876 Services                   0     17,344 K
svchost.exe                   9164 Services                   0     10,768 K
svchost.exe                   9308 Services                   0      6,836 K
svchost.exe                   9480 Services                   0      4,264 K
svchost.exe                   9544 Services                   0      2,520 K
svchost.exe                   9704 Services                   0      6,400 K
svchost.exe                   9752 Services                   0      6,328 K
svchost.exe                   9404 Services                   0      7,828 K
svchost.exe                   1980 Services                   0     17,736 K
svchost.exe                  10332 Services                   0     32,852 K
SearchIndexer.exe            11396 Services                   0     33,128 K
WmiPrvSE.exe                 13076 Services                   0      8,668 K
svchost.exe                  14016 Services                   0     24,540 K
svchost.exe                  14444 Services                   0     15,004 K
NisSrv.exe                   16292 Services                   0      7,284 K
svchost.exe                   9276 Services                   0      4,416 K
csrss.exe                     6532 Console                    2      4,372 K
winlogon.exe                 16736 Console                    2      6,256 K
fontdrvhost.exe               6012 Console                    2     11,908 K
dwm.exe                       5840 Console                    2    102,856 K
NVDisplay.Container.exe      16344 Console                    2     21,260 K
nvcontainer.exe              17060 Console                    2     23,192 K
svchost.exe                  15616 Services                   0     10,416 K
svchost.exe                  13580 Services                   0      3,076 K
nvcontainer.exe              13568 Console                    2     30,964 K
sihost.exe                   13820 Console                    2     15,604 K
nvcontainer.exe               2548 Console                    2     30,208 K
svchost.exe                  13916 Console                    2     16,756 K
svchost.exe                   7304 Console                    2      1,004 K
svchost.exe                  11020 Console                    2     21,740 K
taskhostw.exe                10420 Console                    2      5,340 K
explorer.exe                 16964 Console                    2    134,524 K
ShellHost.exe                15108 Console                    2      6,156 K
CrossDeviceResume.exe        15408 Console                    2      4,720 K
svchost.exe                  15904 Console                    2     11,680 K
wallpaper32.exe              17960 Console                    2     37,256 K
svchost.exe                  14980 Console                    2     19,064 K
nvsphelper64.exe              8520 Console                    2      5,348 K
NVIDIA Overlay.exe           12404 Console                    2     27,112 K
StartMenuExperienceHost.e    14436 Console                    2     82,152 K
SearchHost.exe               16508 Console                    2     51,020 K
Widgets.exe                  10596 Console                    2     12,308 K
UserOOBEBroker.exe           17328 Console                    2      1,668 K
RuntimeBroker.exe            12744 Console                    2     10,944 K
svchost.exe                  12960 Console                    2      6,184 K
WidgetService.exe            15748 Console                    2      3,752 K
NVIDIA Overlay.exe           17248 Console                    2      5,740 K
NVIDIA Overlay.exe           17376 Console                    2     14,056 K
NVIDIA Overlay.exe            9156 Console                    2      3,348 K
msedgewebview2.exe           12480 Console                    2     28,448 K
ShellExperienceHost.exe      12504 Console                    2      7,908 K
msedgewebview2.exe           14312 Console                    2      1,688 K
NVIDIA Overlay.exe            7252 Console                    2     21,480 K
msedgewebview2.exe            7248 Console                    2      6,580 K
msedgewebview2.exe           17792 Console                    2     20,836 K
msedgewebview2.exe           16848 Console                    2      3,620 K
msedgewebview2.exe            4544 Console                    2     60,636 K
PhoneExperienceHost.exe      13272 Console                    2    136,704 K
ctfmon.exe                    5116 Console                    2     27,380 K
ApplicationFrameHost.exe     18236 Console                    2     20,312 K
svchost.exe                   4276 Console                    2     10,976 K
taskhostw.exe                17416 Console                    2     24,548 K
svchost.exe                  17460 Services                   0     14,024 K
svchost.exe                  15864 Services                   0      3,676 K
TextInputHost.exe            15852 Console                    2     48,540 K
svchost.exe                  12180 Console                    2      1,924 K
svchost.exe                  12536 Services                   0      9,304 K
Discord.exe                  13992 Console                    2     41,472 K
Discord.exe                  16972 Console                    2      2,476 K
Discord.exe                  15304 Console                    2     51,496 K
Discord.exe                  17904 Console                    2     17,672 K
Discord.exe                   3744 Console                    2    258,904 K
chrome.exe                    9772 Console                    2    217,320 K
svchost.exe                  13028 Services                   0     11,132 K
chrome.exe                    6872 Console                    2      3,116 K
chrome.exe                   18584 Console                    2    106,248 K
chrome.exe                   18592 Console                    2     48,392 K
chrome.exe                   18644 Console                    2      9,956 K
chrome.exe                   18884 Console                    2     14,088 K
chrome.exe                   18900 Console                    2     99,864 K
chrome.exe                   18908 Console                    2     35,888 K
chrome.exe                   18912 Console                    2     17,056 K
chrome.exe                   18924 Console                    2     15,956 K
chrome.exe                   19952 Console                    2    574,536 K
chrome.exe                   19104 Console                    2    359,804 K
chrome.exe                   18240 Console                    2    200,984 K
chrome.exe                    1724 Console                    2     18,736 K
Discord.exe                  18944 Console                    2      3,768 K
chrome.exe                   21392 Console                    2    191,568 K
chrome.exe                   21040 Console                    2     16,284 K
chrome.exe                   20740 Console                    2     10,404 K
chrome.exe                   21288 Console                    2      8,224 K
chrome.exe                    9652 Console                    2     42,904 K
Telegram.exe                 13240 Console                    2    131,428 K
chrome.exe                   20560 Console                    2    161,508 K
chrome.exe                   21172 Console                    2    189,612 K
chrome.exe                   22280 Console                    2     56,216 K
chrome.exe                    3424 Console                    2    180,616 K
chrome.exe                    1904 Console                    2     13,104 K
chrome.exe                   18032 Console                    2     25,256 K
NVIDIA Broadcast.exe         16912 Console                    2     41,464 K
chrome.exe                    7300 Console                    2     24,304 K
NVIDIA Broadcast.exe          8796 Console                    2      6,880 K
NVIDIA Broadcast.exe         18196 Console                    2      4,840 K
NVIDIA Broadcast.exe          9440 Console                    2     11,580 K
chrome.exe                   21596 Console                    2      9,816 K
chrome.exe                   22732 Console                    2     30,572 K
chrome.exe                   23232 Console                    2    174,096 K
chrome.exe                   23372 Console                    2    194,828 K
chrome.exe                   15520 Console                    2     14,732 K
chrome.exe                   23340 Console                    2     49,808 K
chrome.exe                   23196 Console                    2      5,084 K
chrome.exe                   19892 Console                    2     13,664 K
chrome.exe                    1216 Console                    2     22,108 K
chrome.exe                   10276 Console                    2    181,524 K
NVIDIA Broadcast.exe         24172 Console                    2      3,796 K
chrome.exe                   24276 Console                    2    193,960 K
chrome.exe                   24372 Console                    2    188,972 K
chrome.exe                   23656 Console                    2      6,684 K
VirtualBox.exe               23916 Console                    2     55,968 K
VBoxSVC.exe                  11528 Console                    2     12,800 K
VBoxSDS.exe                  23992 Services                   0     12,064 K
chrome.exe                   13688 Console                    2     11,080 K
chrome.exe                   24396 Console                    2     11,432 K
VirtualBoxVM.exe             22936 Console                    2        460 K
VirtualBoxVM.exe              1464 Console                    2      5,016 K
VirtualBoxVM.exe             24680 Console                    2    107,012 K
svchost.exe                  25428 Services                   0     12,116 K
RuntimeBroker.exe            25516 Console                    2      3,096 K
SystemSettings.exe           25248 Console                    2     87,248 K
svchost.exe                  26004 Services                   0     22,328 K
svchost.exe                  26124 Services                   0      8,188 K
svchost.exe                  26260 Services                   0     20,860 K
svchost.exe                  26352 Services                   0     12,852 K
Copilot.exe                  26516 Console                    2     76,092 K
RuntimeBroker.exe            26116 Console                    2      2,612 K
RvRvpnGui.exe                26788 Console                    2      5,744 K
ShareX.exe                   20312 Console                    2    252,572 K
Notepad.exe                  22140 Console                    2      9,952 K
SecurityHealthService.exe     1180 Services                   0     23,516 K
chrome.exe                   11348 Console                    2     48,176 K
powershell.exe               26700 Console                    2     77,520 K
conhost.exe                   6120 Console                    2     21,736 K
svchost.exe                  20308 Services                   0     10,812 K
svchost.exe                  18760 Services                   0     10,748 K
chrome.exe                    2624 Console                    2     69,164 K
chrome.exe                    2920 Console                    2     93,196 K
chrome.exe                   22056 Console                    2     84,508 K
SearchProtocolHost.exe        8488 Services                   0     16,904 K
SearchFilterHost.exe         17756 Services                   0     12,096 K
SearchFilterHost.exe         24304 Services                   0     11,440 K
SearchFilterHost.exe         21992 Services                   0     11,800 K
svchost.exe                  20236 Services                   0     11,360 K
svchost.exe                   1384 Services                   0      9,280 K
chrome.exe                   25924 Console                    2     81,012 K
chrome.exe                   14652 Console                    2     31,580 K
chrome.exe                    8376 Console                    2     94,572 K
chrome.exe                   24600 Console                    2     41,128 K
cmd.exe                      18264 Console                    2      6,984 K
tasklist.exe                  4540 Console                    2     11,732 K
WmiPrvSE.exe                 25488 Services                   0     14,056 K
[2025-10-28] --- Processes List End --- 
[2025-10-28] Attempting to terminate process: MSPCManager.exe... 
[2025-10-28] Error: Failed to terminate process MSPCManager.exe (maybe not running). 
[2025-10-28] Deleting files *.TMP and temp*.* from C:\IPZ-23-4\KOP\lab_2\baza... 
[2025-10-28] Deleted temporary files: 0. 
[2025-10-28] Creating archive from C:\IPZ-23-4\KOP\lab_2\baza... 
[2025-10-28] Archive 2025-10-28_22-20-04.zip successfully created in temp folder. 
[2025-10-28] Moving archive to C:\IPZ-23-4\KOP\lab_2\archive... 
[2025-10-28] Archive successfully moved to C:\IPZ-23-4\KOP\lab_2\archive. 
[2025-10-28] Checking for yesterday's archive... 
[2025-10-28] Yesterday's date: 2025-10-27. 
[2025-10-28] WARNING: Archive for 2025-10-27 not found. 
[2025-10-28] Sending email notification... 
[2025-10-28] Email notification sent. 
[2025-10-28] Deleting archives older than 30 days from C:\IPZ-23-4\KOP\lab_2\archive... 
[2025-10-28] Old archives cleanup finished. 
[2025-10-28] Checking Internet connection (ping 8.8.8.8)... 
[2025-10-28] Internet connection is OK. 
[2025-10-28] Checking remote PC status 192.168.1.109... 
[2025-10-28] PC 192.168.1.109 is OFFLINE (no ping response). 
[2025-10-28] Getting network computers list (net view): 
[2025-10-28] --- Net View List Start --- 
[2025-10-28] --- Net View List End --- 
[2025-10-28] Checking IP addresses from ipon.txt... 
[2025-10-28] IP address 192.168.1.100 from ipon.txt is ONLINE. 
[2025-10-28] IP address 192.168.1.106 from ipon.txt is ONLINE. 
[2025-10-28] IP address 1.1.1.1 from ipon.txt is ONLINE. 
[2025-10-28] IP address 8.8.8.8 from ipon.txt is ONLINE. 
[2025-10-28] Checking log file size... 
[2025-10-28] Current C:\IPZ-23-4\KOP\lab_2\logs\lab.log size: 372941 bytes. Max: 500000 bytes. 
[2025-10-28] Log file size is within limits. 
[2025-10-28] Free and total disk space info on local drives: 
[2025-10-28] --- Disk Info (PowerShell) Start --- 

DeviceID FreeSpace (GB) Size (GB)
-------- -------------- ---------
C:                   87       465
D:                  475       931


[2025-10-28] --- Disk Info (PowerShell) End --- 
[2025-10-28] Saving system information to systeminfo_2025-10-28_22-20-04.txt... 
[2025-10-28] System information saved. 
[2025-10-28] --- Script Finished --- 
 
[2025-10-28] --- Script Start --- 
[2025-10-28] Log file C:\IPZ-23-4\KOP\lab_2\logs\lab.log opened. 
[2025-10-28] Attempting time sync with NTP-server (pool.ntp.org)... 
[2025-10-28] (Admin rights required) 
[2025-10-28] Time sync command executed. 
[2025-10-28] Updated time: Tue 10/28/2025 22:27:42.46 
[2025-10-28] List of running processes: 
[2025-10-28] --- Processes List Start --- 

Image Name                     PID Session Name        Session#    Mem Usage
========================= ======== ================ =========== ============
System Idle Process              0 Services                   0          8 K
System                           4 Services                   0      3,460 K
Registry                       224 Services                   0     46,476 K
smss.exe                       744 Services                   0      1,192 K
csrss.exe                      880 Services                   0      4,756 K
wininit.exe                   1076 Services                   0      4,304 K
services.exe                  1164 Services                   0     11,708 K
lsass.exe                     1224 Services                   0     22,432 K
svchost.exe                   1396 Services                   0     22,924 K
WUDFHost.exe                  1428 Services                   0      8,044 K
fontdrvhost.exe               1448 Services                   0      1,572 K
svchost.exe                   1564 Services                   0     15,272 K
svchost.exe                   1616 Services                   0      9,340 K
svchost.exe                   1824 Services                   0      4,580 K
svchost.exe                   1844 Services                   0      3,756 K
svchost.exe                   1868 Services                   0     10,072 K
svchost.exe                   1876 Services                   0     10,360 K
svchost.exe                   1892 Services                   0      9,608 K
svchost.exe                    712 Services                   0      8,000 K
svchost.exe                    804 Services                   0      8,432 K
svchost.exe                    724 Services                   0     11,560 K
svchost.exe                    924 Services                   0     11,028 K
svchost.exe                   2136 Services                   0      9,388 K
svchost.exe                   2156 Services                   0      3,416 K
svchost.exe                   2256 Services                   0      8,092 K
svchost.exe                   2388 Services                   0     16,608 K
svchost.exe                   2600 Services                   0      6,672 K
svchost.exe                   2700 Services                   0      8,080 K
svchost.exe                   2740 Services                   0     18,260 K
NVDisplay.Container.exe       2792 Services                   0     19,056 K
svchost.exe                   2984 Services                   0      5,988 K
svchost.exe                   3032 Services                   0     12,388 K
svchost.exe                   2344 Services                   0     17,472 K
svchost.exe                   2440 Services                   0      3,340 K
svchost.exe                   2448 Services                   0      5,696 K
svchost.exe                   3136 Services                   0      7,436 K
Memory Compression            3220 Services                   0  1,127,924 K
svchost.exe                   3260 Services                   0      5,480 K
svchost.exe                   3312 Services                   0      8,028 K
svchost.exe                   3320 Services                   0      7,072 K
svchost.exe                   3404 Services                   0     15,996 K
svchost.exe                   3436 Services                   0      5,992 K
svchost.exe                   3476 Services                   0      7,732 K
svchost.exe                   3484 Services                   0      6,916 K
svchost.exe                   3544 Services                   0      7,564 K
spoolsv.exe                   3672 Services                   0      7,404 K
svchost.exe                   3736 Services                   0     14,380 K
svchost.exe                   3784 Services                   0      4,860 K
svchost.exe                   4052 Services                   0     13,648 K
remoting_host.exe             4060 Services                   0      5,584 K
svchost.exe                   4084 Services                   0      5,380 K
svchost.exe                   4092 Services                   0     26,340 K
svchost.exe                   2060 Services                   0     33,604 K
AdGuardHome.exe               3828 Services                   0     29,488 K
plasticd.exe                   860 Services                   0     33,556 K
svchost.exe                   4100 Services                   0      5,000 K
RtkAudUService64.exe          4112 Services                   0      9,560 K
svchost.exe                   4132 Services                   0     16,548 K
nvcontainer.exe               4140 Services                   0     23,392 K
RvControlSvc.exe              4152 Services                   0      8,480 K
MpDefenderCoreService.exe     4160 Services                   0     20,488 K
OfficeClickToRun.exe          4172 Services                   0     38,232 K
svchost.exe                   4188 Services                   0      2,736 K
MsMpEng.exe                   4252 Services                   0    276,444 K
svchost.exe                   4260 Services                   0     24,628 K
svchost.exe                   4268 Services                   0     21,072 K
wallpaperservice32.exe        4296 Services                   0      2,900 K
urban-vpn-service.exe         4304 Services                   0     10,108 K
svchost.exe                   4332 Services                   0      4,228 K
svchost.exe                   4344 Services                   0      9,768 K
audiodg.exe                   4368 Services                   0     18,596 K
svchost.exe                   4480 Services                   0      5,976 K
svchost.exe                   4560 Services                   0      5,768 K
warp-svc.exe                  5828 Services                   0     22,916 K
remoting_host.exe             6136 Services                   0     15,600 K
svchost.exe                   6900 Services                   0      8,544 K
svchost.exe                   7428 Services                   0     14,844 K
svchost.exe                   7436 Services                   0     27,640 K
gamingservicesnet.exe         7524 Services                   0      4,884 K
gamingservices.exe            7528 Services                   0     24,584 K
MSPCManagerService.exe        7568 Services                   0     54,428 K
AggregatorHost.exe            8076 Services                   0      6,340 K
svchost.exe                   8312 Services                   0     15,744 K
svchost.exe                   8876 Services                   0     16,876 K
svchost.exe                   9164 Services                   0     10,760 K
svchost.exe                   9308 Services                   0      6,432 K
svchost.exe                   9480 Services                   0      4,032 K
svchost.exe                   9544 Services                   0      2,372 K
svchost.exe                   9704 Services                   0      5,948 K
svchost.exe                   9752 Services                   0      5,724 K
svchost.exe                   9404 Services                   0      7,480 K
svchost.exe                   1980 Services                   0     17,256 K
SearchIndexer.exe            11396 Services                   0     35,236 K
WmiPrvSE.exe                 13076 Services                   0      8,232 K
svchost.exe                  14016 Services                   0     20,908 K
svchost.exe                  14444 Services                   0     14,884 K
NisSrv.exe                   16292 Services                   0      7,032 K
svchost.exe                   9276 Services                   0      4,028 K
csrss.exe                     6532 Console                    2      4,244 K
winlogon.exe                 16736 Console                    2      5,804 K
fontdrvhost.exe               6012 Console                    2     10,852 K
dwm.exe                       5840 Console                    2    100,336 K
NVDisplay.Container.exe      16344 Console                    2     17,024 K
nvcontainer.exe              17060 Console                    2     19,444 K
svchost.exe                  15616 Services                   0     10,224 K
svchost.exe                  13580 Services                   0      2,900 K
nvcontainer.exe              13568 Console                    2     34,576 K
sihost.exe                   13820 Console                    2     15,848 K
nvcontainer.exe               2548 Console                    2     29,680 K
svchost.exe                  13916 Console                    2     16,828 K
svchost.exe                   7304 Console                    2        960 K
svchost.exe                  11020 Console                    2     21,660 K
taskhostw.exe                10420 Console                    2      6,072 K
explorer.exe                 16964 Console                    2    139,432 K
ShellHost.exe                15108 Console                    2      6,324 K
CrossDeviceResume.exe        15408 Console                    2      4,676 K
svchost.exe                  15904 Console                    2     11,312 K
wallpaper32.exe              17960 Console                    2     39,256 K
svchost.exe                  14980 Console                    2     19,604 K
nvsphelper64.exe              8520 Console                    2      5,108 K
NVIDIA Overlay.exe           12404 Console                    2     27,828 K
StartMenuExperienceHost.e    14436 Console                    2     85,248 K
SearchHost.exe               16508 Console                    2     51,876 K
Widgets.exe                  10596 Console                    2     34,696 K
UserOOBEBroker.exe           17328 Console                    2      1,628 K
RuntimeBroker.exe            12744 Console                    2     11,116 K
svchost.exe                  12960 Console                    2      6,892 K
WidgetService.exe            15748 Console                    2      3,660 K
NVIDIA Overlay.exe           17248 Console                    2      7,268 K
NVIDIA Overlay.exe           17376 Console                    2     14,744 K
NVIDIA Overlay.exe            9156 Console                    2      3,280 K
msedgewebview2.exe           12480 Console                    2     30,252 K
ShellExperienceHost.exe      12504 Console                    2      7,980 K
msedgewebview2.exe           14312 Console                    2      1,632 K
NVIDIA Overlay.exe            7252 Console                    2     22,380 K
msedgewebview2.exe            7248 Console                    2      8,024 K
msedgewebview2.exe           17792 Console                    2     21,832 K
msedgewebview2.exe           16848 Console                    2      5,220 K
msedgewebview2.exe            4544 Console                    2     63,000 K
PhoneExperienceHost.exe      13272 Console                    2    134,916 K
ctfmon.exe                    5116 Console                    2     26,888 K
ApplicationFrameHost.exe     18236 Console                    2     19,864 K
svchost.exe                   4276 Console                    2     11,032 K
taskhostw.exe                17416 Console                    2     19,852 K
svchost.exe                  17460 Services                   0     11,496 K
svchost.exe                  15864 Services                   0      3,520 K
TextInputHost.exe            15852 Console                    2     48,832 K
svchost.exe                  12180 Console                    2      1,852 K
svchost.exe                  12536 Services                   0      8,996 K
Discord.exe                  13992 Console                    2     44,536 K
Discord.exe                  16972 Console                    2      2,392 K
Discord.exe                  15304 Console                    2     61,000 K
Discord.exe                  17904 Console                    2     17,864 K
Discord.exe                   3744 Console                    2    262,220 K
chrome.exe                    9772 Console                    2    231,476 K
svchost.exe                  13028 Services                   0     11,124 K
chrome.exe                    6872 Console                    2      3,008 K
chrome.exe                   18584 Console                    2    154,568 K
chrome.exe                   18592 Console                    2     48,900 K
chrome.exe                   18644 Console                    2      9,900 K
chrome.exe                   18884 Console                    2     14,620 K
chrome.exe                   18900 Console                    2    103,224 K
chrome.exe                   18908 Console                    2     53,296 K
chrome.exe                   18912 Console                    2     20,028 K
chrome.exe                   18924 Console                    2     15,888 K
chrome.exe                   19952 Console                    2    825,040 K
chrome.exe                   19104 Console                    2    378,600 K
chrome.exe                   18240 Console                    2    184,652 K
chrome.exe                    1724 Console                    2     19,960 K
Discord.exe                  18944 Console                    2      3,724 K
chrome.exe                   21392 Console                    2    189,500 K
chrome.exe                   21040 Console                    2     15,920 K
chrome.exe                   20740 Console                    2     10,480 K
chrome.exe                   21288 Console                    2      8,156 K
chrome.exe                    9652 Console                    2     47,596 K
Telegram.exe                 13240 Console                    2    268,684 K
chrome.exe                   20560 Console                    2    158,412 K
chrome.exe                   21172 Console                    2    177,124 K
chrome.exe                   22280 Console                    2     57,952 K
chrome.exe                    3424 Console                    2    176,352 K
chrome.exe                    1904 Console                    2     12,936 K
chrome.exe                   18032 Console                    2    145,224 K
NVIDIA Broadcast.exe         16912 Console                    2     42,836 K
chrome.exe                    7300 Console                    2     42,032 K
NVIDIA Broadcast.exe          8796 Console                    2      6,904 K
NVIDIA Broadcast.exe         18196 Console                    2      5,040 K
NVIDIA Broadcast.exe          9440 Console                    2     11,472 K
chrome.exe                   21596 Console                    2      9,816 K
chrome.exe                   22732 Console                    2     31,640 K
chrome.exe                   23232 Console                    2    157,184 K
chrome.exe                   23372 Console                    2    172,812 K
chrome.exe                   15520 Console                    2     14,764 K
chrome.exe                   23340 Console                    2     70,536 K
chrome.exe                   23196 Console                    2      5,364 K
chrome.exe                   19892 Console                    2     13,884 K
chrome.exe                    1216 Console                    2     22,796 K
chrome.exe                   10276 Console                    2    189,372 K
NVIDIA Broadcast.exe         24172 Console                    2      3,728 K
chrome.exe                   24276 Console                    2    190,324 K
chrome.exe                   24372 Console                    2    200,332 K
chrome.exe                   23656 Console                    2      6,752 K
VirtualBox.exe               23916 Console                    2     71,284 K
VBoxSVC.exe                  11528 Console                    2     17,892 K
VBoxSDS.exe                  23992 Services                   0     11,504 K
chrome.exe                   13688 Console                    2     11,144 K
chrome.exe                   24396 Console                    2     11,480 K
svchost.exe                  25428 Services                   0     11,592 K
RuntimeBroker.exe            25516 Console                    2      3,072 K
SystemSettings.exe           25248 Console                    2     82,120 K
svchost.exe                  26004 Services                   0     21,688 K
svchost.exe                  26124 Services                   0      7,600 K
svchost.exe                  26260 Services                   0     21,084 K
svchost.exe                  26352 Services                   0     12,480 K
Copilot.exe                  26516 Console                    2     77,820 K
RuntimeBroker.exe            26116 Console                    2      2,528 K
RvRvpnGui.exe                26788 Console                    2      5,656 K
ShareX.exe                   20312 Console                    2    107,784 K
Notepad.exe                  22140 Console                    2      9,864 K
SecurityHealthService.exe     1180 Services                   0     22,032 K
chrome.exe                   11348 Console                    2     64,020 K
powershell.exe               26700 Console                    2     69,728 K
conhost.exe                   6120 Console                    2     25,864 K
svchost.exe                  20308 Services                   0     10,196 K
svchost.exe                  18760 Services                   0     10,072 K
svchost.exe                  12308 Services                   0      9,608 K
chrome.exe                   19368 Console                    2     31,540 K
svchost.exe                   4696 Services                   0     19,232 K
SearchProtocolHost.exe       10232 Services                   0     17,852 K
VirtualBoxVM.exe             26900 Console                    2      9,292 K
VirtualBoxVM.exe              2696 Console                    2      5,600 K
VirtualBoxVM.exe             14044 Console                    2    134,976 K
WmiPrvSE.exe                 24932 Services                   0     19,068 K
MSPCManager.exe              12372 Console                    2    201,200 K
RuntimeBroker.exe             3824 Console                    2     15,764 K
MSPCManagerCore.exe           7444 Console                    2    117,440 K
msedgewebview2.exe           27564 Console                    2    107,632 K
msedgewebview2.exe            1580 Console                    2      9,980 K
msedgewebview2.exe            2608 Console                    2     89,816 K
msedgewebview2.exe           11296 Console                    2     38,008 K
msedgewebview2.exe            2884 Console                    2     19,932 K
msedgewebview2.exe           24912 Console                    2    103,204 K
chrome.exe                   20856 Console                    2     44,744 K
cmd.exe                       7296 Console                    2      7,312 K
tasklist.exe                  9364 Console                    2     12,060 K
[2025-10-28] --- Processes List End --- 
[2025-10-28] Attempting to terminate process: MSPCManager.exe... 
[2025-10-28] Process MSPCManager.exe and its children successfully terminated. 
[2025-10-28] Deleting files *.TMP and temp*.* from C:\IPZ-23-4\KOP\lab_2\baza... 
[2025-10-28] Deleted temporary files: 0. 
[2025-10-28] Creating archive from C:\IPZ-23-4\KOP\lab_2\baza... 
[2025-10-28] Archive 2025-10-28_22-27-44.zip successfully created in temp folder. 
[2025-10-28] Moving archive to C:\IPZ-23-4\KOP\lab_2\archive... 
[2025-10-28] Archive successfully moved to C:\IPZ-23-4\KOP\lab_2\archive. 
[2025-10-28] Checking for yesterday's archive... 
[2025-10-28] Yesterday's date: 2025-10-27. 
[2025-10-28] WARNING: Archive for 2025-10-27 not found. 
[2025-10-28] Sending email notification... 
[2025-10-28] Email notification sent. 
[2025-10-28] Deleting archives older than 30 days from C:\IPZ-23-4\KOP\lab_2\archive... 
[2025-10-28] Old archives cleanup finished. 
[2025-10-28] Checking Internet connection (ping 8.8.8.8)... 
[2025-10-28] Internet connection is OK. 
[2025-10-28] Checking remote PC status 192.168.1.109... 
[2025-10-28] PC 192.168.1.109 is ONLINE. Sending shutdown command... 
[2025-10-28] Shutdown command sent to 192.168.1.109. 
[2025-10-28] Getting network computers list (net view): 
[2025-10-28] --- Net View List Start --- 
[2025-10-28] --- Net View List End --- 
[2025-10-28] Checking IP addresses from ipon.txt... 
[2025-10-28] IP address 192.168.1.100 from ipon.txt is ONLINE. 
[2025-10-28] IP address 192.168.1.106 from ipon.txt is ONLINE. 
[2025-10-28] IP address 1.1.1.1 from ipon.txt is ONLINE. 
[2025-10-28] IP address 8.8.8.8 from ipon.txt is ONLINE. 
[2025-10-28] Checking log file size... 
[2025-10-28] Current C:\IPZ-23-4\KOP\lab_2\logs\lab.log size: 394905 bytes. Max: 500000 bytes. 
[2025-10-28] Log file size is within limits. 
[2025-10-28] Free and total disk space info on local drives: 
[2025-10-28] --- Disk Info (PowerShell) Start --- 

DeviceID FreeSpace (GB) Size (GB)
-------- -------------- ---------
C:                   86       465
D:                  475       931


[2025-10-28] --- Disk Info (PowerShell) End --- 
[2025-10-28] Saving system information to systeminfo_2025-10-28_22-27-44.txt... 
[2025-10-28] System information saved. 
[2025-10-28] --- Script Finished --- 
 
[2025-10-28] --- Script Start --- 
[2025-10-28] Log file C:\IPZ-23-4\KOP\lab_2\logs\lab.log opened. 
[2025-10-28] Attempting time sync with NTP-server (pool.ntp.org)... 
[2025-10-28] Time sync command executed. 
[2025-10-28] Updated time: Tue 10/28/2025 22:32:47.85 
[2025-10-28] List of running processes: 
[2025-10-28] --- Processes List Start --- 

Image Name                     PID Session Name        Session#    Mem Usage
========================= ======== ================ =========== ============
System Idle Process              0 Services                   0          8 K
System                           4 Services                   0      3,508 K
Registry                       224 Services                   0     47,604 K
smss.exe                       744 Services                   0      1,192 K
csrss.exe                      880 Services                   0      4,704 K
wininit.exe                   1076 Services                   0      4,140 K
services.exe                  1164 Services                   0     11,760 K
lsass.exe                     1224 Services                   0     24,252 K
svchost.exe                   1396 Services                   0     24,744 K
WUDFHost.exe                  1428 Services                   0      7,744 K
fontdrvhost.exe               1448 Services                   0      1,428 K
svchost.exe                   1564 Services                   0     15,344 K
svchost.exe                   1616 Services                   0      9,600 K
svchost.exe                   1844 Services                   0      3,748 K
svchost.exe                   1868 Services                   0     10,028 K
svchost.exe                   1876 Services                   0     10,416 K
svchost.exe                   1892 Services                   0      9,488 K
svchost.exe                    712 Services                   0      7,976 K
svchost.exe                    804 Services                   0      8,612 K
svchost.exe                    724 Services                   0     11,696 K
svchost.exe                    924 Services                   0     10,552 K
svchost.exe                   2136 Services                   0      9,344 K
svchost.exe                   2156 Services                   0      3,412 K
svchost.exe                   2256 Services                   0      7,776 K
svchost.exe                   2388 Services                   0     16,024 K
svchost.exe                   2600 Services                   0      6,636 K
svchost.exe                   2700 Services                   0      7,552 K
svchost.exe                   2740 Services                   0     20,160 K
NVDisplay.Container.exe       2792 Services                   0     18,960 K
svchost.exe                   2984 Services                   0      5,864 K
svchost.exe                   3032 Services                   0     16,372 K
svchost.exe                   2344 Services                   0     17,448 K
svchost.exe                   2440 Services                   0      3,340 K
svchost.exe                   2448 Services                   0      5,504 K
svchost.exe                   3136 Services                   0      7,484 K
Memory Compression            3220 Services                   0  1,093,228 K
svchost.exe                   3260 Services                   0      5,252 K
svchost.exe                   3312 Services                   0      7,608 K
svchost.exe                   3320 Services                   0      7,216 K
svchost.exe                   3404 Services                   0     14,448 K
svchost.exe                   3436 Services                   0      5,980 K
svchost.exe                   3476 Services                   0      7,516 K
svchost.exe                   3484 Services                   0      6,752 K
svchost.exe                   3544 Services                   0      7,388 K
spoolsv.exe                   3672 Services                   0      6,748 K
svchost.exe                   3736 Services                   0     12,504 K
svchost.exe                   3784 Services                   0      4,760 K
svchost.exe                   4052 Services                   0     14,904 K
remoting_host.exe             4060 Services                   0      5,016 K
svchost.exe                   4084 Services                   0      5,320 K
svchost.exe                   4092 Services                   0     26,044 K
svchost.exe                   2060 Services                   0     33,792 K
AdGuardHome.exe               3828 Services                   0     29,488 K
plasticd.exe                   860 Services                   0     35,364 K
svchost.exe                   4100 Services                   0      4,876 K
RtkAudUService64.exe          4112 Services                   0      8,868 K
svchost.exe                   4132 Services                   0     15,964 K
nvcontainer.exe               4140 Services                   0     22,036 K
RvControlSvc.exe              4152 Services                   0      8,076 K
MpDefenderCoreService.exe     4160 Services                   0     17,712 K
OfficeClickToRun.exe          4172 Services                   0     32,032 K
svchost.exe                   4188 Services                   0      2,680 K
MsMpEng.exe                   4252 Services                   0    266,256 K
svchost.exe                   4260 Services                   0     23,700 K
svchost.exe                   4268 Services                   0     21,024 K
wallpaperservice32.exe        4296 Services                   0      2,604 K
urban-vpn-service.exe         4304 Services                   0      9,980 K
svchost.exe                   4332 Services                   0      4,100 K
svchost.exe                   4344 Services                   0     10,004 K
audiodg.exe                   4368 Services                   0     18,568 K
svchost.exe                   4480 Services                   0      6,052 K
svchost.exe                   4560 Services                   0      5,676 K
warp-svc.exe                  5828 Services                   0     22,824 K
remoting_host.exe             6136 Services                   0     15,460 K
svchost.exe                   6900 Services                   0      8,356 K
svchost.exe                   7428 Services                   0     14,968 K
svchost.exe                   7436 Services                   0     27,424 K
gamingservicesnet.exe         7524 Services                   0      4,548 K
gamingservices.exe            7528 Services                   0     24,088 K
MSPCManagerService.exe        7568 Services                   0     54,448 K
AggregatorHost.exe            8076 Services                   0      6,748 K
svchost.exe                   8312 Services                   0     15,152 K
svchost.exe                   8876 Services                   0     16,704 K
svchost.exe                   9164 Services                   0     10,704 K
svchost.exe                   9308 Services                   0      6,208 K
svchost.exe                   9480 Services                   0      4,064 K
svchost.exe                   9544 Services                   0      2,396 K
svchost.exe                   9704 Services                   0      5,912 K
svchost.exe                   9752 Services                   0      5,676 K
svchost.exe                   9404 Services                   0      7,544 K
svchost.exe                   1980 Services                   0     15,500 K
SearchIndexer.exe            11396 Services                   0     35,192 K
svchost.exe                  14016 Services                   0     21,828 K
svchost.exe                  14444 Services                   0     14,888 K
NisSrv.exe                   16292 Services                   0      6,924 K
svchost.exe                   9276 Services                   0      4,364 K
csrss.exe                     6532 Console                    2      4,352 K
winlogon.exe                 16736 Console                    2      6,028 K
fontdrvhost.exe               6012 Console                    2     11,148 K
dwm.exe                       5840 Console                    2    100,520 K
NVDisplay.Container.exe      16344 Console                    2     16,320 K
nvcontainer.exe              17060 Console                    2     18,924 K
svchost.exe                  15616 Services                   0     10,504 K
svchost.exe                  13580 Services                   0      2,892 K
nvcontainer.exe              13568 Console                    2     34,168 K
sihost.exe                   13820 Console                    2     16,352 K
nvcontainer.exe               2548 Console                    2     48,236 K
svchost.exe                  13916 Console                    2     14,084 K
svchost.exe                   7304 Console                    2        988 K
svchost.exe                  11020 Console                    2     21,104 K
taskhostw.exe                10420 Console                    2      5,936 K
explorer.exe                 16964 Console                    2    190,948 K
ShellHost.exe                15108 Console                    2      6,664 K
CrossDeviceResume.exe        15408 Console                    2      4,912 K
svchost.exe                  15904 Console                    2     11,332 K
wallpaper32.exe              17960 Console                    2     37,848 K
svchost.exe                  14980 Console                    2     19,848 K
nvsphelper64.exe              8520 Console                    2      5,080 K
NVIDIA Overlay.exe           12404 Console                    2     32,000 K
StartMenuExperienceHost.e    14436 Console                    2     82,860 K
SearchHost.exe               16508 Console                    2     50,852 K
Widgets.exe                  10596 Console                    2     34,844 K
UserOOBEBroker.exe           17328 Console                    2      1,536 K
RuntimeBroker.exe            12744 Console                    2     12,200 K
svchost.exe                  12960 Console                    2      6,988 K
WidgetService.exe            15748 Console                    2      3,392 K
NVIDIA Overlay.exe           17248 Console                    2      7,264 K
NVIDIA Overlay.exe           17376 Console                    2     15,288 K
NVIDIA Overlay.exe            9156 Console                    2      3,388 K
msedgewebview2.exe           12480 Console                    2     29,988 K
ShellExperienceHost.exe      12504 Console                    2      7,924 K
msedgewebview2.exe           14312 Console                    2      1,600 K
NVIDIA Overlay.exe            7252 Console                    2     20,116 K
msedgewebview2.exe            7248 Console                    2      8,008 K
msedgewebview2.exe           17792 Console                    2     21,688 K
msedgewebview2.exe           16848 Console                    2      5,168 K
msedgewebview2.exe            4544 Console                    2     44,716 K
PhoneExperienceHost.exe      13272 Console                    2    131,476 K
ctfmon.exe                    5116 Console                    2     26,616 K
ApplicationFrameHost.exe     18236 Console                    2     17,420 K
svchost.exe                   4276 Console                    2     11,312 K
taskhostw.exe                17416 Console                    2     19,424 K
svchost.exe                  17460 Services                   0     11,328 K
svchost.exe                  15864 Services                   0      3,504 K
TextInputHost.exe            15852 Console                    2     46,528 K
svchost.exe                  12180 Console                    2      1,812 K
svchost.exe                  12536 Services                   0      8,940 K
Discord.exe                  13992 Console                    2     45,352 K
Discord.exe                  16972 Console                    2      2,132 K
Discord.exe                  15304 Console                    2     60,860 K
Discord.exe                  17904 Console                    2     17,936 K
Discord.exe                   3744 Console                    2    259,032 K
chrome.exe                    9772 Console                    2    243,224 K
svchost.exe                  13028 Services                   0     11,060 K
chrome.exe                    6872 Console                    2      3,004 K
chrome.exe                   18584 Console                    2    180,300 K
chrome.exe                   18592 Console                    2     51,832 K
chrome.exe                   18644 Console                    2      9,480 K
chrome.exe                   18884 Console                    2     14,396 K
chrome.exe                   18900 Console                    2    102,620 K
chrome.exe                   18908 Console                    2     53,176 K
chrome.exe                   18912 Console                    2     24,548 K
chrome.exe                   18924 Console                    2     15,824 K
chrome.exe                   19952 Console                    2    776,764 K
chrome.exe                   19104 Console                    2    403,280 K
chrome.exe                   18240 Console                    2    206,720 K
chrome.exe                    1724 Console                    2     21,552 K
Discord.exe                  18944 Console                    2      3,616 K
chrome.exe                   21392 Console                    2    187,320 K
chrome.exe                   21040 Console                    2     14,880 K
chrome.exe                   20740 Console                    2     10,736 K
chrome.exe                   21288 Console                    2      8,152 K
chrome.exe                    9652 Console                    2     46,496 K
Telegram.exe                 13240 Console                    2    281,428 K
chrome.exe                   20560 Console                    2    136,540 K
chrome.exe                   21172 Console                    2    195,084 K
chrome.exe                   22280 Console                    2     64,312 K
chrome.exe                    3424 Console                    2    193,668 K
chrome.exe                    1904 Console                    2     12,980 K
chrome.exe                   18032 Console                    2    147,516 K
NVIDIA Broadcast.exe         16912 Console                    2     43,208 K
chrome.exe                    7300 Console                    2     44,564 K
NVIDIA Broadcast.exe          8796 Console                    2      6,684 K
NVIDIA Broadcast.exe         18196 Console                    2      4,864 K
NVIDIA Broadcast.exe          9440 Console                    2     10,284 K
chrome.exe                   21596 Console                    2      9,436 K
chrome.exe                   22732 Console                    2     32,328 K
chrome.exe                   23232 Console                    2    172,504 K
chrome.exe                   23372 Console                    2    195,116 K
chrome.exe                   15520 Console                    2     14,332 K
chrome.exe                   23340 Console                    2     85,668 K
chrome.exe                   23196 Console                    2      5,472 K
chrome.exe                   19892 Console                    2     15,156 K
chrome.exe                    1216 Console                    2     53,832 K
chrome.exe                   10276 Console                    2    191,364 K
NVIDIA Broadcast.exe         24172 Console                    2      3,664 K
chrome.exe                   24276 Console                    2    188,156 K
chrome.exe                   24372 Console                    2    206,908 K
chrome.exe                   23656 Console                    2      6,792 K
VirtualBox.exe               23916 Console                    2     57,560 K
VBoxSVC.exe                  11528 Console                    2     17,572 K
VBoxSDS.exe                  23992 Services                   0     11,108 K
chrome.exe                   13688 Console                    2     10,812 K
chrome.exe                   24396 Console                    2     11,308 K
svchost.exe                  25428 Services                   0     11,556 K
RuntimeBroker.exe            25516 Console                    2      2,900 K
SystemSettings.exe           25248 Console                    2     65,356 K
svchost.exe                  26004 Services                   0     21,036 K
svchost.exe                  26124 Services                   0      7,684 K
svchost.exe                  26260 Services                   0     21,204 K
svchost.exe                  26352 Services                   0     12,276 K
Copilot.exe                  26516 Console                    2     76,840 K
RuntimeBroker.exe            26116 Console                    2      2,400 K
RvRvpnGui.exe                26788 Console                    2      5,572 K
ShareX.exe                   20312 Console                    2    105,828 K
Notepad.exe                  22140 Console                    2      9,420 K
SecurityHealthService.exe     1180 Services                   0     21,340 K
chrome.exe                   11348 Console                    2     63,560 K
powershell.exe               26700 Console                    2     69,328 K
conhost.exe                   6120 Console                    2     25,592 K
svchost.exe                  20308 Services                   0     10,124 K
svchost.exe                  18760 Services                   0      9,844 K
svchost.exe                  12308 Services                   0      9,580 K
VirtualBoxVM.exe             26900 Console                    2      9,304 K
VirtualBoxVM.exe              2696 Console                    2      5,696 K
VirtualBoxVM.exe             14044 Console                    2    125,812 K
WmiPrvSE.exe                 24932 Services                   0     28,180 K
chrome.exe                   25452 Console                    2     34,664 K
svchost.exe                  11772 Services                   0     10,232 K
MSPCManager.exe              12320 Console                    2    205,972 K
RuntimeBroker.exe            24600 Console                    2     15,704 K
MSPCManagerCore.exe            416 Console                    2    113,816 K
msedgewebview2.exe            7608 Console                    2    111,312 K
msedgewebview2.exe            4884 Console                    2      9,932 K
msedgewebview2.exe           16100 Console                    2     92,716 K
msedgewebview2.exe           25268 Console                    2     38,192 K
msedgewebview2.exe           11268 Console                    2     20,060 K
msedgewebview2.exe            9840 Console                    2     93,328 K
smartscreen.exe              11256 Console                    2     13,172 K
Code.exe                     24604 Console                    2    152,432 K
Code.exe                     24244 Console                    2     33,164 K
Code.exe                     16780 Console                    2    108,400 K
Code.exe                      3560 Console                    2     50,864 K
Code.exe                     15488 Console                    2    239,144 K
Code.exe                     25948 Console                    2    167,020 K
Code.exe                     25184 Console                    2    192,052 K
Code.exe                     27380 Console                    2    108,388 K
svchost.exe                   8884 Services                   0     11,892 K
StoreDesktopExtension.exe     5972 Console                    2     34,196 K
backgroundTaskHost.exe       18044 Console                    2     29,580 K
backgroundTaskHost.exe       25020 Console                    2     37,320 K
RuntimeBroker.exe            22884 Console                    2     10,276 K
cmd.exe                       4736 Console                    2      7,292 K
chrome.exe                   25240 Console                    2     41,688 K
tasklist.exe                  6644 Console                    2     12,068 K
[2025-10-28] --- Processes List End --- 
[2025-10-28] Attempting to terminate process: MSPCManager.exe... 
[2025-10-28] Process MSPCManager.exe and its children successfully terminated. 
[2025-10-28] Deleting files *.TMP and temp*.* from C:\IPZ-23-4\KOP\lab_2\baza... 
[2025-10-28] Deleted temporary files: 0. 
[2025-10-28] Creating archive from C:\IPZ-23-4\KOP\lab_2\baza... 
[2025-10-28] Archive 2025-10-28_22-32-50.zip successfully created in temp folder. 
[2025-10-28] Moving archive to C:\IPZ-23-4\KOP\lab_2\archive... 
[2025-10-28] Archive successfully moved to C:\IPZ-23-4\KOP\lab_2\archive. 
[2025-10-28] Checking for yesterday's archive... 
[2025-10-28] Yesterday's date: 2025-10-27. 
[2025-10-28] WARNING: Archive for 2025-10-27 not found. 
[2025-10-28] Sending email notification... 
[2025-10-28] Email notification sent. 
[2025-10-28] Deleting archives older than 30 days from C:\IPZ-23-4\KOP\lab_2\archive... 
[2025-10-28] Old archives cleanup finished. 
[2025-10-28] Checking Internet connection (ping 8.8.8.8)... 
[2025-10-28] Internet connection is OK. 
[2025-10-28] Checking remote PC status 192.168.1.109... 
[2025-10-28] PC 192.168.1.109 is ONLINE. Sending shutdown command... 
[2025-10-28] Shutdown command sent to 192.168.1.109. 
[2025-10-28] Getting network computers list (net view): 
[2025-10-28] --- Net View List Start --- 
[2025-10-28] --- Net View List End --- 
[2025-10-28] Checking IP addresses from ipon.txt... 
[2025-10-28] IP address 192.168.1.100 from ipon.txt is ONLINE. 
[2025-10-28] IP address 192.168.1.106 from ipon.txt is ONLINE. 
[2025-10-28] IP address 1.1.1.1 from ipon.txt is ONLINE. 
[2025-10-28] IP address 8.8.8.8 from ipon.txt is ONLINE. 
[2025-10-28] Checking log file size... 
[2025-10-28] Current C:\IPZ-23-4\KOP\lab_2\logs\lab.log size: 417688 bytes. Max: 500000 bytes. 
[2025-10-28] Log file size is within limits. 
[2025-10-28] Free and total disk space info on local drives: 
[2025-10-28] --- Disk Info (PowerShell) Start --- 

DeviceID FreeSpace (GB) Size (GB)
-------- -------------- ---------
C:                   85       465
D:                  475       931


[2025-10-28] --- Disk Info (PowerShell) End --- 
[2025-10-28] Saving system information to systeminfo_2025-10-28_22-32-50.txt... 
[2025-10-28] System information saved. 
[2025-10-28] --- Script Finished --- 
 
[2025-10-28] --- Script Start --- 
[2025-10-28] Log file C:\IPZ-23-4\KOP\lab_2\logs\lab.log opened. 
[2025-10-28] Attempting time sync with NTP-server (pool.ntp.org)... 
[2025-10-28] Time sync command executed. 
[2025-10-28] Updated time: Tue 10/28/2025 22:37:38.97 
[2025-10-28] List of running processes: 
[2025-10-28] --- Processes List Start --- 

Image Name                     PID Session Name        Session#    Mem Usage
========================= ======== ================ =========== ============
System Idle Process              0 Services                   0          8 K
System                           4 Services                   0      3,424 K
Registry                       224 Services                   0     46,636 K
smss.exe                       744 Services                   0      1,180 K
csrss.exe                      880 Services                   0      4,620 K
wininit.exe                   1076 Services                   0      4,124 K
services.exe                  1164 Services                   0     11,504 K
lsass.exe                     1224 Services                   0     23,792 K
svchost.exe                   1396 Services                   0     23,668 K
WUDFHost.exe                  1428 Services                   0      6,924 K
fontdrvhost.exe               1448 Services                   0      1,400 K
svchost.exe                   1564 Services                   0     15,200 K
svchost.exe                   1616 Services                   0      9,448 K
svchost.exe                   1844 Services                   0      3,740 K
svchost.exe                   1868 Services                   0      9,404 K
svchost.exe                   1876 Services                   0      9,964 K
svchost.exe                   1892 Services                   0      9,416 K
svchost.exe                    712 Services                   0      7,720 K
svchost.exe                    804 Services                   0      8,500 K
svchost.exe                    724 Services                   0     11,376 K
svchost.exe                    924 Services                   0     10,396 K
svchost.exe                   2136 Services                   0      9,284 K
svchost.exe                   2156 Services                   0      3,400 K
svchost.exe                   2256 Services                   0      7,620 K
svchost.exe                   2388 Services                   0     15,476 K
svchost.exe                   2600 Services                   0      6,532 K
svchost.exe                   2700 Services                   0      7,600 K
svchost.exe                   2740 Services                   0     19,572 K
NVDisplay.Container.exe       2792 Services                   0     19,988 K
svchost.exe                   2984 Services                   0      5,764 K
svchost.exe                   3032 Services                   0     16,220 K
svchost.exe                   2344 Services                   0     16,824 K
svchost.exe                   2440 Services                   0      3,324 K
svchost.exe                   2448 Services                   0      5,396 K
svchost.exe                   3136 Services                   0      7,680 K
Memory Compression            3220 Services                   0  1,059,612 K
svchost.exe                   3260 Services                   0      5,044 K
svchost.exe                   3312 Services                   0      7,316 K
svchost.exe                   3320 Services                   0      7,056 K
svchost.exe                   3404 Services                   0     14,304 K
svchost.exe                   3436 Services                   0      5,880 K
svchost.exe                   3476 Services                   0      7,164 K
svchost.exe                   3484 Services                   0      6,556 K
svchost.exe                   3544 Services                   0      7,180 K
spoolsv.exe                   3672 Services                   0      6,568 K
svchost.exe                   3736 Services                   0     11,784 K
svchost.exe                   3784 Services                   0      4,648 K
svchost.exe                   4052 Services                   0     14,700 K
remoting_host.exe             4060 Services                   0      4,936 K
svchost.exe                   4084 Services                   0      5,216 K
svchost.exe                   4092 Services                   0     25,964 K
svchost.exe                   2060 Services                   0     33,036 K
AdGuardHome.exe               3828 Services                   0     29,396 K
plasticd.exe                   860 Services                   0     34,452 K
svchost.exe                   4100 Services                   0      4,884 K
RtkAudUService64.exe          4112 Services                   0      8,232 K
svchost.exe                   4132 Services                   0     15,516 K
nvcontainer.exe               4140 Services                   0     23,780 K
RvControlSvc.exe              4152 Services                   0      7,924 K
MpDefenderCoreService.exe     4160 Services                   0     15,172 K
OfficeClickToRun.exe          4172 Services                   0     23,540 K
svchost.exe                   4188 Services                   0      2,664 K
MsMpEng.exe                   4252 Services                   0    243,872 K
svchost.exe                   4260 Services                   0     20,028 K
svchost.exe                   4268 Services                   0     20,388 K
wallpaperservice32.exe        4296 Services                   0      2,528 K
urban-vpn-service.exe         4304 Services                   0      9,852 K
svchost.exe                   4332 Services                   0      3,988 K
svchost.exe                   4344 Services                   0      9,784 K
audiodg.exe                   4368 Services                   0     18,548 K
svchost.exe                   4480 Services                   0      5,900 K
svchost.exe                   4560 Services                   0      5,496 K
warp-svc.exe                  5828 Services                   0     21,176 K
remoting_host.exe             6136 Services                   0     15,364 K
svchost.exe                   6900 Services                   0      8,220 K
svchost.exe                   7428 Services                   0     14,764 K
svchost.exe                   7436 Services                   0     25,248 K
gamingservicesnet.exe         7524 Services                   0      4,380 K
gamingservices.exe            7528 Services                   0     23,836 K
MSPCManagerService.exe        7568 Services                   0     53,704 K
AggregatorHost.exe            8076 Services                   0      6,592 K
svchost.exe                   8312 Services                   0     14,656 K
svchost.exe                   8876 Services                   0     16,656 K
svchost.exe                   9164 Services                   0     10,216 K
svchost.exe                   9308 Services                   0      6,108 K
svchost.exe                   9480 Services                   0      4,052 K
svchost.exe                   9544 Services                   0      2,372 K
svchost.exe                   9704 Services                   0      5,876 K
svchost.exe                   9752 Services                   0      5,568 K
svchost.exe                   9404 Services                   0      7,436 K
svchost.exe                   1980 Services                   0     13,748 K
SearchIndexer.exe            11396 Services                   0     31,016 K
svchost.exe                  14016 Services                   0     17,084 K
svchost.exe                  14444 Services                   0     14,796 K
NisSrv.exe                   16292 Services                   0      6,868 K
svchost.exe                   9276 Services                   0      4,344 K
csrss.exe                     6532 Console                    2      4,216 K
winlogon.exe                 16736 Console                    2      6,008 K
fontdrvhost.exe               6012 Console                    2     10,052 K
dwm.exe                       5840 Console                    2    100,132 K
NVDisplay.Container.exe      16344 Console                    2     17,980 K
nvcontainer.exe              17060 Console                    2     19,712 K
svchost.exe                  15616 Services                   0     10,280 K
svchost.exe                  13580 Services                   0      2,884 K
nvcontainer.exe              13568 Console                    2     36,668 K
sihost.exe                   13820 Console                    2     15,940 K
nvcontainer.exe               2548 Console                    2     36,548 K
svchost.exe                  13916 Console                    2     13,684 K
svchost.exe                   7304 Console                    2        984 K
svchost.exe                  11020 Console                    2     22,776 K
taskhostw.exe                10420 Console                    2      5,864 K
explorer.exe                 16964 Console                    2    187,708 K
ShellHost.exe                15108 Console                    2      6,664 K
CrossDeviceResume.exe        15408 Console                    2      4,900 K
svchost.exe                  15904 Console                    2     10,892 K
wallpaper32.exe              17960 Console                    2     38,224 K
svchost.exe                  14980 Console                    2     19,532 K
nvsphelper64.exe              8520 Console                    2      5,444 K
NVIDIA Overlay.exe           12404 Console                    2     33,120 K
StartMenuExperienceHost.e    14436 Console                    2     79,208 K
SearchHost.exe               16508 Console                    2     50,260 K
Widgets.exe                  10596 Console                    2     33,992 K
UserOOBEBroker.exe           17328 Console                    2      1,220 K
RuntimeBroker.exe            12744 Console                    2     11,940 K
svchost.exe                  12960 Console                    2      6,764 K
WidgetService.exe            15748 Console                    2      3,372 K
NVIDIA Overlay.exe           17248 Console                    2      7,368 K
NVIDIA Overlay.exe           17376 Console                    2     15,104 K
NVIDIA Overlay.exe            9156 Console                    2      2,912 K
msedgewebview2.exe           12480 Console                    2     30,036 K
ShellExperienceHost.exe      12504 Console                    2      7,948 K
msedgewebview2.exe           14312 Console                    2      1,500 K
NVIDIA Overlay.exe            7252 Console                    2     20,388 K
msedgewebview2.exe            7248 Console                    2      7,960 K
msedgewebview2.exe           17792 Console                    2     21,252 K
msedgewebview2.exe           16848 Console                    2      5,132 K
msedgewebview2.exe            4544 Console                    2     44,252 K
PhoneExperienceHost.exe      13272 Console                    2    134,192 K
ctfmon.exe                    5116 Console                    2     26,228 K
ApplicationFrameHost.exe     18236 Console                    2     16,016 K
svchost.exe                   4276 Console                    2     10,856 K
taskhostw.exe                17416 Console                    2     18,732 K
svchost.exe                  17460 Services                   0     11,040 K
svchost.exe                  15864 Services                   0      3,496 K
TextInputHost.exe            15852 Console                    2     43,512 K
svchost.exe                  12180 Console                    2      1,720 K
svchost.exe                  12536 Services                   0      8,564 K
Discord.exe                  13992 Console                    2     44,804 K
Discord.exe                  16972 Console                    2      2,068 K
Discord.exe                  15304 Console                    2     62,656 K
Discord.exe                  17904 Console                    2     17,556 K
Discord.exe                   3744 Console                    2    261,384 K
chrome.exe                    9772 Console                    2    243,992 K
svchost.exe                  13028 Services                   0     10,820 K
chrome.exe                    6872 Console                    2      2,948 K
chrome.exe                   18584 Console                    2    190,316 K
chrome.exe                   18592 Console                    2     51,320 K
chrome.exe                   18644 Console                    2      9,596 K
chrome.exe                   18884 Console                    2     15,056 K
chrome.exe                   18900 Console                    2    106,716 K
chrome.exe                   18908 Console                    2     52,936 K
chrome.exe                   18912 Console                    2     24,296 K
chrome.exe                   18924 Console                    2     15,676 K
chrome.exe                   19952 Console                    2    916,020 K
chrome.exe                   19104 Console                    2    374,472 K
chrome.exe                   18240 Console                    2    190,160 K
chrome.exe                    1724 Console                    2     22,152 K
Discord.exe                  18944 Console                    2      3,008 K
chrome.exe                   21392 Console                    2    186,700 K
chrome.exe                   21040 Console                    2     16,012 K
chrome.exe                   20740 Console                    2     10,628 K
chrome.exe                   21288 Console                    2      8,484 K
chrome.exe                    9652 Console                    2     74,468 K
Telegram.exe                 13240 Console                    2    264,080 K
chrome.exe                   20560 Console                    2    164,512 K
chrome.exe                   21172 Console                    2    169,472 K
chrome.exe                   22280 Console                    2     67,516 K
chrome.exe                    3424 Console                    2    187,156 K
chrome.exe                    1904 Console                    2     13,756 K
chrome.exe                   18032 Console                    2    143,556 K
NVIDIA Broadcast.exe         16912 Console                    2     43,828 K
chrome.exe                    7300 Console                    2     44,308 K
NVIDIA Broadcast.exe          8796 Console                    2      6,696 K
NVIDIA Broadcast.exe         18196 Console                    2      4,648 K
NVIDIA Broadcast.exe          9440 Console                    2     10,044 K
chrome.exe                   21596 Console                    2      9,304 K
chrome.exe                   22732 Console                    2     48,852 K
chrome.exe                   23232 Console                    2    159,840 K
chrome.exe                   23372 Console                    2    171,528 K
chrome.exe                   15520 Console                    2     16,696 K
chrome.exe                   23340 Console                    2     83,948 K
chrome.exe                   23196 Console                    2      7,484 K
chrome.exe                   19892 Console                    2     17,288 K
chrome.exe                    1216 Console                    2     52,952 K
chrome.exe                   10276 Console                    2    188,040 K
NVIDIA Broadcast.exe         24172 Console                    2      3,028 K
chrome.exe                   24276 Console                    2    176,300 K
chrome.exe                   24372 Console                    2    198,312 K
chrome.exe                   23656 Console                    2      6,460 K
VirtualBox.exe               23916 Console                    2     54,076 K
VBoxSVC.exe                  11528 Console                    2     17,368 K
VBoxSDS.exe                  23992 Services                   0     10,900 K
chrome.exe                   13688 Console                    2     10,692 K
chrome.exe                   24396 Console                    2     11,084 K
svchost.exe                  25428 Services                   0     11,172 K
RuntimeBroker.exe            25516 Console                    2      2,788 K
SystemSettings.exe           25248 Console                    2     60,076 K
svchost.exe                  26004 Services                   0     20,356 K
svchost.exe                  26124 Services                   0      7,676 K
svchost.exe                  26260 Services                   0     20,316 K
svchost.exe                  26352 Services                   0     12,008 K
Copilot.exe                  26516 Console                    2     72,236 K
RuntimeBroker.exe            26116 Console                    2      2,360 K
RvRvpnGui.exe                26788 Console                    2      5,320 K
ShareX.exe                   20312 Console                    2    103,036 K
Notepad.exe                  22140 Console                    2      9,808 K
SecurityHealthService.exe     1180 Services                   0     20,624 K
chrome.exe                   11348 Console                    2     61,364 K
powershell.exe               26700 Console                    2     67,480 K
conhost.exe                   6120 Console                    2     25,448 K
svchost.exe                  20308 Services                   0     10,096 K
svchost.exe                  18760 Services                   0      9,756 K
svchost.exe                  12308 Services                   0      9,508 K
VirtualBoxVM.exe             26900 Console                    2      9,200 K
VirtualBoxVM.exe              2696 Console                    2      5,644 K
VirtualBoxVM.exe             14044 Console                    2    120,668 K
svchost.exe                  11772 Services                   0     10,184 K
Code.exe                     24604 Console                    2    136,100 K
Code.exe                     24244 Console                    2     32,460 K
Code.exe                     16780 Console                    2    104,956 K
Code.exe                      3560 Console                    2     49,192 K
Code.exe                     15488 Console                    2    216,120 K
Code.exe                     25948 Console                    2    143,648 K
Code.exe                     25184 Console                    2    113,360 K
Code.exe                     27380 Console                    2    106,212 K
svchost.exe                   8884 Services                   0     11,908 K
chrome.exe                    9516 Console                    2     31,600 K
SearchProtocolHost.exe        6516 Services                   0     17,292 K
chrome.exe                   10824 Console                    2     48,036 K
cmd.exe                       2908 Console                    2      7,284 K
tasklist.exe                 17760 Console                    2     12,044 K
WmiPrvSE.exe                 12944 Services                   0     14,332 K
[2025-10-28] --- Processes List End --- 
[2025-10-28] Attempting to terminate process: MSPCManager.exe... 
[2025-10-28] Error: Failed to terminate process MSPCManager.exe (maybe not running). 
[2025-10-28] Deleting files *.TMP and temp*.* from C:\IPZ-23-4\KOP\lab_2\baza... 
[2025-10-28] Deleted temporary files: 0. 
[2025-10-28] Creating archive from C:\IPZ-23-4\KOP\lab_2\baza... 
[2025-10-28] Archive 2025-10-28_22-37-41.zip successfully created in temp folder. 
[2025-10-28] Moving archive to C:\IPZ-23-4\KOP\lab_2\archive... 
[2025-10-28] Archive successfully moved to C:\IPZ-23-4\KOP\lab_2\archive. 
[2025-10-28] Checking for yesterday's archive... 
[2025-10-28] Yesterday's date: 2025-10-27. 
[2025-10-28] WARNING: Archive for 2025-10-27 not found. 
[2025-10-28] Sending email notification... 
[2025-10-28] Email notification sent. 
[2025-10-28] Deleting archives older than 30 days from C:\IPZ-23-4\KOP\lab_2\archive... 
[2025-10-28] Old archives cleanup finished. 
[2025-10-28] Checking Internet connection (ping 8.8.8.8)... 
[2025-10-28] Internet connection is OK. 
[2025-10-28] Checking remote PC status 192.168.1.109... 
[2025-10-28] PC 192.168.1.109 is ONLINE. Sending shutdown command... 
[2025-10-28] Shutdown command sent to 192.168.1.109. 
[2025-10-28] Getting network computers list (net view): 
[2025-10-28] --- Net View List Start --- 
[2025-10-28] --- Net View List End --- 
[2025-10-28] Checking IP addresses from ipon.txt... 
[2025-10-28] IP address 192.168.1.100 from ipon.txt is ONLINE. 
[2025-10-28] IP address 192.168.1.106 from ipon.txt is ONLINE. 
[2025-10-28] IP address 1.1.1.1 from ipon.txt is ONLINE. 
[2025-10-28] IP address 8.8.8.8 from ipon.txt is ONLINE. 
[2025-10-28] Checking log file size... 
[2025-10-28] Current C:\IPZ-23-4\KOP\lab_2\logs\lab.log size: 439463 bytes. Max: 500000 bytes. 
[2025-10-28] Log file size is within limits. 
[2025-10-28] Free and total disk space info on local drives: 
[2025-10-28] --- Disk Info (PowerShell) Start --- 

DeviceID FreeSpace (GB) Size (GB)
-------- -------------- ---------
C:                   84       465
D:                  475       931


[2025-10-28] --- Disk Info (PowerShell) End --- 
[2025-10-28] Saving system information to systeminfo_2025-10-28_22-37-41.txt... 
[2025-10-28] System information saved. 
[2025-10-28] --- Script Finished --- 
 
[2025-10-28] --- Script Start --- 
[2025-10-28] Log file C:\IPZ-23-4\CMP\lab_2\logs\lab.log opened. 
[2025-10-28] Attempting time sync with NTP-server (pool.ntp.org)... 
[2025-10-28] Time sync command executed. 
[2025-10-28] Updated time: Tue 10/28/2025 23:25:50.06 
[2025-10-28] List of running processes: 
[2025-10-28] --- Processes List Start --- 

Image Name                     PID Session Name        Session#    Mem Usage
========================= ======== ================ =========== ============
System Idle Process              0 Services                   0          8 K
System                           4 Services                   0      3,668 K
Registry                       224 Services                   0     64,932 K
smss.exe                       744 Services                   0      1,280 K
csrss.exe                      880 Services                   0      4,808 K
wininit.exe                   1076 Services                   0      4,108 K
services.exe                  1164 Services                   0     11,644 K
lsass.exe                     1224 Services                   0     23,808 K
svchost.exe                   1396 Services                   0     24,784 K
WUDFHost.exe                  1428 Services                   0      6,916 K
fontdrvhost.exe               1448 Services                   0      1,400 K
svchost.exe                   1564 Services                   0     15,924 K
svchost.exe                   1616 Services                   0      9,384 K
svchost.exe                   1844 Services                   0      3,888 K
svchost.exe                   1868 Services                   0      9,136 K
svchost.exe                   1876 Services                   0     10,572 K
svchost.exe                   1892 Services                   0      9,952 K
svchost.exe                    712 Services                   0      7,396 K
svchost.exe                    804 Services                   0      9,072 K
svchost.exe                    724 Services                   0     11,440 K
svchost.exe                    924 Services                   0     11,044 K
svchost.exe                   2136 Services                   0      9,672 K
svchost.exe                   2156 Services                   0      3,400 K
svchost.exe                   2256 Services                   0      5,868 K
svchost.exe                   2388 Services                   0     15,188 K
svchost.exe                   2600 Services                   0      6,536 K
svchost.exe                   2700 Services                   0      7,360 K
svchost.exe                   2740 Services                   0     33,924 K
NVDisplay.Container.exe       2792 Services                   0     23,580 K
svchost.exe                   2984 Services                   0      5,652 K
svchost.exe                   3032 Services                   0     16,368 K
svchost.exe                   2344 Services                   0     16,904 K
svchost.exe                   2440 Services                   0      3,312 K
svchost.exe                   2448 Services                   0      7,420 K
svchost.exe                   3136 Services                   0      7,388 K
Memory Compression            3220 Services                   0    360,444 K
svchost.exe                   3260 Services                   0      5,024 K
svchost.exe                   3312 Services                   0      7,320 K
svchost.exe                   3320 Services                   0      7,604 K
svchost.exe                   3404 Services                   0     14,436 K
svchost.exe                   3436 Services                   0      6,212 K
svchost.exe                   3476 Services                   0      7,020 K
svchost.exe                   3484 Services                   0      6,608 K
svchost.exe                   3544 Services                   0      7,184 K
spoolsv.exe                   3672 Services                   0      6,560 K
svchost.exe                   3736 Services                   0     11,644 K
svchost.exe                   3784 Services                   0      4,632 K
svchost.exe                   4052 Services                   0     14,440 K
remoting_host.exe             4060 Services                   0      4,932 K
svchost.exe                   4084 Services                   0      5,168 K
svchost.exe                   4092 Services                   0     45,364 K
svchost.exe                   2060 Services                   0     32,656 K
AdGuardHome.exe               3828 Services                   0     29,640 K
plasticd.exe                   860 Services                   0     33,644 K
svchost.exe                   4100 Services                   0      4,524 K
RtkAudUService64.exe          4112 Services                   0      8,084 K
svchost.exe                   4132 Services                   0     16,060 K
nvcontainer.exe               4140 Services                   0     24,272 K
RvControlSvc.exe              4152 Services                   0      9,740 K
MpDefenderCoreService.exe     4160 Services                   0     15,100 K
OfficeClickToRun.exe          4172 Services                   0     30,572 K
svchost.exe                   4188 Services                   0      2,716 K
MsMpEng.exe                   4252 Services                   0    259,036 K
svchost.exe                   4260 Services                   0     19,016 K
svchost.exe                   4268 Services                   0     20,532 K
wallpaperservice32.exe        4296 Services                   0      2,528 K
urban-vpn-service.exe         4304 Services                   0     14,632 K
svchost.exe                   4332 Services                   0      3,976 K
svchost.exe                   4344 Services                   0      8,984 K
audiodg.exe                   4368 Services                   0     18,576 K
svchost.exe                   4480 Services                   0      6,076 K
svchost.exe                   4560 Services                   0      5,200 K
warp-svc.exe                  5828 Services                   0     21,444 K
remoting_host.exe             6136 Services                   0     16,096 K
svchost.exe                   6900 Services                   0      8,184 K
svchost.exe                   7428 Services                   0     15,560 K
svchost.exe                   7436 Services                   0     25,180 K
gamingservicesnet.exe         7524 Services                   0      4,376 K
gamingservices.exe            7528 Services                   0     24,700 K
MSPCManagerService.exe        7568 Services                   0     49,976 K
AggregatorHost.exe            8076 Services                   0     11,440 K
svchost.exe                   8312 Services                   0     20,844 K
svchost.exe                   8876 Services                   0     16,828 K
svchost.exe                   9164 Services                   0     10,592 K
svchost.exe                   9308 Services                   0      6,092 K
svchost.exe                   9544 Services                   0      2,388 K
svchost.exe                   9704 Services                   0      5,932 K
svchost.exe                   9752 Services                   0      5,708 K
svchost.exe                   9404 Services                   0      8,956 K
svchost.exe                   1980 Services                   0     13,400 K
SearchIndexer.exe            11396 Services                   0     36,324 K
svchost.exe                  14016 Services                   0     17,144 K
svchost.exe                  14444 Services                   0     14,840 K
NisSrv.exe                   16292 Services                   0      7,580 K
svchost.exe                   9276 Services                   0      4,224 K
csrss.exe                     6532 Console                    2      4,948 K
winlogon.exe                 16736 Console                    2      6,292 K
fontdrvhost.exe               6012 Console                    2      7,280 K
dwm.exe                       5840 Console                    2     87,200 K
NVDisplay.Container.exe      16344 Console                    2     22,356 K
nvcontainer.exe              17060 Console                    2     24,180 K
svchost.exe                  15616 Services                   0     10,380 K
svchost.exe                  13580 Services                   0      2,928 K
nvcontainer.exe              13568 Console                    2     45,416 K
sihost.exe                   13820 Console                    2     19,052 K
nvcontainer.exe               2548 Console                    2     49,420 K
svchost.exe                  13916 Console                    2     17,252 K
svchost.exe                   7304 Console                    2        984 K
svchost.exe                  11020 Console                    2     22,584 K
taskhostw.exe                10420 Console                    2     12,520 K
explorer.exe                 16964 Console                    2    264,956 K
ShellHost.exe                15108 Console                    2      7,264 K
CrossDeviceResume.exe        15408 Console                    2      5,324 K
svchost.exe                  15904 Console                    2      9,484 K
wallpaper32.exe              17960 Console                    2     40,152 K
svchost.exe                  14980 Console                    2     30,912 K
nvsphelper64.exe              8520 Console                    2      4,672 K
NVIDIA Overlay.exe           12404 Console                    2     32,552 K
StartMenuExperienceHost.e    14436 Console                    2     82,988 K
SearchHost.exe               16508 Console                    2     93,300 K
Widgets.exe                  10596 Console                    2     28,132 K
UserOOBEBroker.exe           17328 Console                    2      1,216 K
RuntimeBroker.exe            12744 Console                    2     46,644 K
svchost.exe                  12960 Console                    2      8,984 K
WidgetService.exe            15748 Console                    2      3,252 K
NVIDIA Overlay.exe           17248 Console                    2      8,056 K
NVIDIA Overlay.exe           17376 Console                    2     15,620 K
NVIDIA Overlay.exe            9156 Console                    2      4,308 K
msedgewebview2.exe           12480 Console                    2     64,404 K
ShellExperienceHost.exe      12504 Console                    2     14,472 K
msedgewebview2.exe           14312 Console                    2      1,608 K
NVIDIA Overlay.exe            7252 Console                    2     23,248 K
msedgewebview2.exe            7248 Console                    2     45,788 K
msedgewebview2.exe           17792 Console                    2     25,108 K
msedgewebview2.exe           16848 Console                    2      7,052 K
msedgewebview2.exe            4544 Console                    2    137,952 K
PhoneExperienceHost.exe      13272 Console                    2    136,944 K
ctfmon.exe                    5116 Console                    2     30,524 K
ApplicationFrameHost.exe     18236 Console                    2     20,928 K
svchost.exe                   4276 Console                    2     11,436 K
svchost.exe                  17460 Services                   0     10,432 K
svchost.exe                  15864 Services                   0      3,492 K
TextInputHost.exe            15852 Console                    2    164,176 K
svchost.exe                  12180 Console                    2      1,740 K
svchost.exe                  12536 Services                   0      8,412 K
Discord.exe                  13992 Console                    2     59,008 K
Discord.exe                  16972 Console                    2      2,180 K
Discord.exe                  15304 Console                    2     71,824 K
Discord.exe                  17904 Console                    2     18,952 K
Discord.exe                   3744 Console                    2    280,312 K
chrome.exe                    9772 Console                    2    256,728 K
svchost.exe                  13028 Services                   0     11,940 K
chrome.exe                    6872 Console                    2      3,080 K
chrome.exe                   18584 Console                    2    201,064 K
chrome.exe                   18592 Console                    2     50,204 K
chrome.exe                   18644 Console                    2     10,180 K
chrome.exe                   18884 Console                    2     25,272 K
chrome.exe                   18900 Console                    2    109,404 K
chrome.exe                   18908 Console                    2     62,108 K
chrome.exe                   18912 Console                    2     26,324 K
chrome.exe                   18924 Console                    2     14,824 K
chrome.exe                   19952 Console                    2    839,088 K
chrome.exe                   19104 Console                    2    416,544 K
chrome.exe                   18240 Console                    2    210,444 K
chrome.exe                    1724 Console                    2     25,440 K
Discord.exe                  18944 Console                    2      3,060 K
chrome.exe                   21392 Console                    2    192,348 K
chrome.exe                   21040 Console                    2     17,568 K
chrome.exe                   20740 Console                    2     11,040 K
chrome.exe                   21288 Console                    2      8,512 K
chrome.exe                    9652 Console                    2     65,736 K
Telegram.exe                 13240 Console                    2    425,344 K
chrome.exe                   20560 Console                    2    171,420 K
chrome.exe                   21172 Console                    2    190,004 K
chrome.exe                   22280 Console                    2    124,928 K
chrome.exe                    3424 Console                    2    193,828 K
chrome.exe                    1904 Console                    2     15,048 K
chrome.exe                   18032 Console                    2    182,744 K
NVIDIA Broadcast.exe         16912 Console                    2     45,788 K
chrome.exe                    7300 Console                    2     44,440 K
NVIDIA Broadcast.exe          8796 Console                    2      6,888 K
NVIDIA Broadcast.exe         18196 Console                    2      6,004 K
NVIDIA Broadcast.exe          9440 Console                    2     34,160 K
chrome.exe                   21596 Console                    2     28,752 K
chrome.exe                   22732 Console                    2     37,432 K
chrome.exe                   23232 Console                    2    172,876 K
chrome.exe                   23372 Console                    2    196,176 K
chrome.exe                   15520 Console                    2     17,356 K
chrome.exe                   23340 Console                    2    137,860 K
chrome.exe                   23196 Console                    2      7,728 K
chrome.exe                   19892 Console                    2     18,604 K
chrome.exe                    1216 Console                    2     50,884 K
chrome.exe                   10276 Console                    2    195,008 K
NVIDIA Broadcast.exe         24172 Console                    2      2,980 K
chrome.exe                   24276 Console                    2    194,192 K
chrome.exe                   24372 Console                    2    204,400 K
chrome.exe                   23656 Console                    2      6,948 K
VirtualBox.exe               23916 Console                    2     43,132 K
VBoxSVC.exe                  11528 Console                    2     15,888 K
VBoxSDS.exe                  23992 Services                   0     10,852 K
chrome.exe                   13688 Console                    2     11,164 K
chrome.exe                   24396 Console                    2     11,544 K
svchost.exe                  25428 Services                   0     10,972 K
RuntimeBroker.exe            25516 Console                    2      2,748 K
SystemSettings.exe           25248 Console                    2     36,284 K
svchost.exe                  26004 Services                   0     20,300 K
svchost.exe                  26124 Services                   0      7,988 K
svchost.exe                  26260 Services                   0     20,468 K
svchost.exe                  26352 Services                   0     12,032 K
Copilot.exe                  26516 Console                    2     69,828 K
RuntimeBroker.exe            26116 Console                    2      2,332 K
ShareX.exe                   20312 Console                    2     74,532 K
SecurityHealthService.exe     1180 Services                   0     20,432 K
chrome.exe                   11348 Console                    2     60,048 K
svchost.exe                  20308 Services                   0     10,032 K
svchost.exe                  18760 Services                   0      9,736 K
svchost.exe                  12308 Services                   0      8,528 K
VirtualBoxVM.exe             26900 Console                    2      7,236 K
VirtualBoxVM.exe              2696 Console                    2      5,312 K
VirtualBoxVM.exe             14044 Console                    2    115,904 K
chrome.exe                    2016 Console                    2    120,804 K
chrome.exe                   12808 Console                    2     49,572 K
chrome.exe                   25372 Console                    2     85,336 K
chrome.exe                   11268 Console                    2     87,752 K
svchost.exe                   7516 Services                   0     11,828 K
backgroundTaskHost.exe       20204 Console                    2     62,544 K
RuntimeBroker.exe            17892 Console                    2     20,736 K
smartscreen.exe               5588 Console                    2     13,364 K
svchost.exe                   7644 Services                   0     34,660 K
chrome.exe                    7140 Console                    2     32,248 K
Notepad.exe                  27636 Console                    2    114,408 K
powershell.exe               26676 Console                    2     81,972 K
conhost.exe                   9272 Console                    2     10,236 K
OpenConsole.exe              16168 Console                    2     19,244 K
WindowsTerminal.exe          13316 Console                    2     98,860 K
chrome.exe                   12976 Console                    2     44,700 K
cmd.exe                      24496 Console                    2      7,320 K
tasklist.exe                  4736 Console                    2     12,088 K
WmiPrvSE.exe                  8464 Services                   0     14,432 K
[2025-10-28] --- Processes List End --- 
[2025-10-28] Attempting to terminate process: MSPCManager.exe... 
[2025-10-28] Error: Failed to terminate process MSPCManager.exe (maybe not running). 
[2025-10-28] Deleting files *.TMP and temp*.* from C:\IPZ-23-4\CMP\lab_2\baza... 
[2025-10-28] Deleted temporary files: 0. 
[2025-10-28] Creating archive from C:\IPZ-23-4\CMP\lab_2\baza... 
[2025-10-28] Archive 2025-10-28_23-25-52.zip successfully created in temp folder. 
[2025-10-28] Moving archive to C:\IPZ-23-4\CMP\lab_2\archive... 
[2025-10-28] Archive successfully moved to C:\IPZ-23-4\CMP\lab_2\archive. 
[2025-10-28] Checking for yesterday's archive... 
[2025-10-28] Yesterday's date: 2025-10-27. 
[2025-10-28] WARNING: Archive for 2025-10-27 not found. 
[2025-10-28] Sending email notification... 
[2025-10-28] Email notification sent. 
[2025-10-28] Deleting archives older than 30 days from C:\IPZ-23-4\CMP\lab_2\archive... 
[2025-10-28] Old archives cleanup finished. 
[2025-10-28] Checking Internet connection (ping 8.8.8.8)... 
[2025-10-28] Internet connection is OK. 
[2025-10-28] Checking remote PC status 192.168.1.109... 
[2025-10-28] PC 192.168.1.109 is ONLINE. Sending shutdown command... 
[2025-10-28] Shutdown command sent to 192.168.1.109. 
[2025-10-28] Getting network computers list (net view): 
[2025-10-28] --- Net View List Start --- 
[2025-10-28] --- Net View List End --- 
[2025-10-28] Checking IP addresses from ipon.txt... 
[2025-10-28] IP address 192.168.1.100 from ipon.txt is ONLINE. 
[2025-10-28] IP address 192.168.1.106 from ipon.txt is ONLINE. 
[2025-10-28] IP address 1.1.1.1 from ipon.txt is ONLINE. 
[2025-10-28] IP address 8.8.8.8 from ipon.txt is ONLINE. 
[2025-10-28] Checking log file size... 
[2025-10-28] Current C:\IPZ-23-4\CMP\lab_2\logs\lab.log size: 461004 bytes. Max: 500000 bytes. 
[2025-10-28] Log file size is within limits. 
[2025-10-28] Free and total disk space info on local drives: 
[2025-10-28] --- Disk Info (PowerShell) Start --- 

DeviceID FreeSpace (GB) Size (GB)
-------- -------------- ---------
C:                   75       465
D:                  475       931


[2025-10-28] --- Disk Info (PowerShell) End --- 
[2025-10-28] Saving system information to systeminfo_2025-10-28_23-25-52.txt... 
[2025-10-28] System information saved. 
[2025-10-28] --- Script Finished --- 
 
[2025-10-29] --- Script Start --- 
[2025-10-29] Log file C:\IPZ-23-4\CMP\lab_2\logs\lab.log opened. 
[2025-10-29] Attempting time sync with NTP-server (pool.ntp.org)... 
[2025-10-29] Time sync command executed. 
[2025-10-29] Updated time: Wed 10/29/2025  0:07:30.46 
[2025-10-29] List of running processes: 
[2025-10-29] --- Processes List Start --- 

Image Name                     PID Session Name        Session#    Mem Usage
========================= ======== ================ =========== ============
System Idle Process              0 Services                   0          8 K
System                           4 Services                   0      3,768 K
Registry                       224 Services                   0     57,444 K
smss.exe                       744 Services                   0      1,280 K
csrss.exe                      880 Services                   0      4,844 K
wininit.exe                   1076 Services                   0      4,488 K
services.exe                  1164 Services                   0     11,712 K
lsass.exe                     1224 Services                   0     24,220 K
svchost.exe                   1396 Services                   0     25,404 K
WUDFHost.exe                  1428 Services                   0      7,436 K
fontdrvhost.exe               1448 Services                   0      1,756 K
svchost.exe                   1564 Services                   0     15,668 K
svchost.exe                   1616 Services                   0      9,588 K
svchost.exe                   1844 Services                   0      3,904 K
svchost.exe                   1868 Services                   0      9,480 K
svchost.exe                   1876 Services                   0     10,564 K
svchost.exe                   1892 Services                   0     10,144 K
svchost.exe                    712 Services                   0      8,068 K
svchost.exe                    804 Services                   0      9,172 K
svchost.exe                    724 Services                   0     11,460 K
svchost.exe                    924 Services                   0     12,228 K
svchost.exe                   2136 Services                   0      9,788 K
svchost.exe                   2156 Services                   0      3,508 K
svchost.exe                   2256 Services                   0      6,892 K
svchost.exe                   2388 Services                   0     15,532 K
svchost.exe                   2600 Services                   0      6,680 K
svchost.exe                   2700 Services                   0      8,044 K
svchost.exe                   2740 Services                   0     19,408 K
NVDisplay.Container.exe       2792 Services                   0     21,316 K
svchost.exe                   2984 Services                   0      5,792 K
svchost.exe                   3032 Services                   0     15,328 K
svchost.exe                   2344 Services                   0     17,156 K
svchost.exe                   2440 Services                   0      3,512 K
svchost.exe                   2448 Services                   0      7,368 K
svchost.exe                   3136 Services                   0      7,508 K
Memory Compression            3220 Services                   0    289,976 K
svchost.exe                   3260 Services                   0      5,496 K
svchost.exe                   3312 Services                   0      7,612 K
svchost.exe                   3320 Services                   0      8,300 K
svchost.exe                   3404 Services                   0     14,552 K
svchost.exe                   3436 Services                   0      6,064 K
svchost.exe                   3476 Services                   0      7,220 K
svchost.exe                   3484 Services                   0      6,784 K
svchost.exe                   3544 Services                   0      7,636 K
spoolsv.exe                   3672 Services                   0      8,428 K
svchost.exe                   3736 Services                   0     13,472 K
svchost.exe                   3784 Services                   0      4,764 K
svchost.exe                   4052 Services                   0     14,964 K
remoting_host.exe             4060 Services                   0      5,820 K
svchost.exe                   4084 Services                   0      5,488 K
svchost.exe                   4092 Services                   0     40,816 K
svchost.exe                   2060 Services                   0     47,192 K
AdGuardHome.exe               3828 Services                   0     29,900 K
plasticd.exe                   860 Services                   0     33,476 K
svchost.exe                   4100 Services                   0      4,952 K
RtkAudUService64.exe          4112 Services                   0      9,008 K
svchost.exe                   4132 Services                   0     16,308 K
nvcontainer.exe               4140 Services                   0     21,368 K
RvControlSvc.exe              4152 Services                   0     10,108 K
MpDefenderCoreService.exe     4160 Services                   0     20,508 K
OfficeClickToRun.exe          4172 Services                   0     30,656 K
svchost.exe                   4188 Services                   0      3,084 K
MsMpEng.exe                   4252 Services                   0    313,088 K
svchost.exe                   4260 Services                   0     26,248 K
svchost.exe                   4268 Services                   0     20,624 K
wallpaperservice32.exe        4296 Services                   0      2,972 K
urban-vpn-service.exe         4304 Services                   0     14,920 K
svchost.exe                   4332 Services                   0      4,356 K
svchost.exe                   4344 Services                   0      9,560 K
audiodg.exe                   4368 Services                   0     18,684 K
svchost.exe                   4480 Services                   0      6,152 K
svchost.exe                   4560 Services                   0      5,924 K
warp-svc.exe                  5828 Services                   0     22,012 K
remoting_host.exe             6136 Services                   0     16,256 K
svchost.exe                   6900 Services                   0      8,476 K
svchost.exe                   7428 Services                   0     15,044 K
svchost.exe                   7436 Services                   0     25,584 K
gamingservicesnet.exe         7524 Services                   0      5,064 K
gamingservices.exe            7528 Services                   0     24,616 K
MSPCManagerService.exe        7568 Services                   0     53,792 K
AggregatorHost.exe            8076 Services                   0     11,708 K
svchost.exe                   8312 Services                   0     21,028 K
svchost.exe                   8876 Services                   0     17,064 K
svchost.exe                   9164 Services                   0     10,936 K
svchost.exe                   9308 Services                   0      6,388 K
svchost.exe                   9544 Services                   0      2,484 K
svchost.exe                   9704 Services                   0      6,244 K
svchost.exe                   9752 Services                   0      6,000 K
svchost.exe                   9404 Services                   0      8,936 K
svchost.exe                   1980 Services                   0     14,320 K
SearchIndexer.exe            11396 Services                   0     43,892 K
svchost.exe                  14016 Services                   0     16,544 K
svchost.exe                  14444 Services                   0     15,012 K
NisSrv.exe                   16292 Services                   0      7,692 K
svchost.exe                   9276 Services                   0      4,444 K
csrss.exe                     6532 Console                    2      4,988 K
winlogon.exe                 16736 Console                    2      6,260 K
fontdrvhost.exe               6012 Console                    2      7,096 K
dwm.exe                       5840 Console                    2     87,780 K
NVDisplay.Container.exe      16344 Console                    2     18,276 K
nvcontainer.exe              17060 Console                    2     20,148 K
svchost.exe                  15616 Services                   0     10,540 K
svchost.exe                  13580 Services                   0      3,056 K
nvcontainer.exe              13568 Console                    2     38,420 K
sihost.exe                   13820 Console                    2     20,072 K
nvcontainer.exe               2548 Console                    2     50,512 K
svchost.exe                  13916 Console                    2     15,708 K
svchost.exe                   7304 Console                    2      1,268 K
svchost.exe                  11020 Console                    2     23,324 K
taskhostw.exe                10420 Console                    2     12,284 K
explorer.exe                 16964 Console                    2    238,364 K
ShellHost.exe                15108 Console                    2      8,364 K
CrossDeviceResume.exe        15408 Console                    2      6,696 K
svchost.exe                  15904 Console                    2     10,140 K
wallpaper32.exe              17960 Console                    2     41,360 K
svchost.exe                  14980 Console                    2     29,520 K
nvsphelper64.exe              8520 Console                    2      5,488 K
NVIDIA Overlay.exe           12404 Console                    2     33,704 K
StartMenuExperienceHost.e    14436 Console                    2     83,292 K
SearchHost.exe               16508 Console                    2     82,132 K
Widgets.exe                  10596 Console                    2     29,280 K
UserOOBEBroker.exe           17328 Console                    2      2,172 K
RuntimeBroker.exe            12744 Console                    2     38,976 K
svchost.exe                  12960 Console                    2      9,204 K
WidgetService.exe            15748 Console                    2      4,128 K
NVIDIA Overlay.exe           17248 Console                    2      9,984 K
NVIDIA Overlay.exe           17376 Console                    2     16,148 K
NVIDIA Overlay.exe            9156 Console                    2      5,312 K
msedgewebview2.exe           12480 Console                    2     59,480 K
ShellExperienceHost.exe      12504 Console                    2     16,360 K
msedgewebview2.exe           14312 Console                    2      2,196 K
NVIDIA Overlay.exe            7252 Console                    2     21,488 K
msedgewebview2.exe            7248 Console                    2     29,124 K
msedgewebview2.exe           17792 Console                    2     24,616 K
msedgewebview2.exe           16848 Console                    2      7,500 K
msedgewebview2.exe            4544 Console                    2     72,064 K
PhoneExperienceHost.exe      13272 Console                    2    139,044 K
ctfmon.exe                    5116 Console                    2     28,920 K
ApplicationFrameHost.exe     18236 Console                    2     18,724 K
svchost.exe                   4276 Console                    2     11,852 K
svchost.exe                  17460 Services                   0     11,808 K
svchost.exe                  15864 Services                   0      3,644 K
TextInputHost.exe            15852 Console                    2    110,380 K
svchost.exe                  12180 Console                    2      2,176 K
svchost.exe                  12536 Services                   0      8,860 K
Discord.exe                  13992 Console                    2     73,336 K
Discord.exe                  16972 Console                    2      2,712 K
Discord.exe                  15304 Console                    2     64,544 K
Discord.exe                  17904 Console                    2     19,560 K
Discord.exe                   3744 Console                    2    275,096 K
chrome.exe                    9772 Console                    2    275,188 K
svchost.exe                  13028 Services                   0     27,824 K
chrome.exe                    6872 Console                    2      3,296 K
chrome.exe                   18584 Console                    2    193,340 K
chrome.exe                   18592 Console                    2     52,056 K
chrome.exe                   18644 Console                    2     11,008 K
chrome.exe                   18884 Console                    2     32,416 K
chrome.exe                   18900 Console                    2    111,072 K
chrome.exe                   18908 Console                    2     68,648 K
chrome.exe                   18912 Console                    2     28,972 K
chrome.exe                   18924 Console                    2     20,456 K
chrome.exe                   19104 Console                    2    303,940 K
chrome.exe                   18240 Console                    2    272,528 K
chrome.exe                    1724 Console                    2     25,584 K
Discord.exe                  18944 Console                    2      4,376 K
chrome.exe                   21040 Console                    2     29,036 K
chrome.exe                   20740 Console                    2     11,792 K
chrome.exe                   21288 Console                    2      9,520 K
chrome.exe                    9652 Console                    2     61,444 K
Telegram.exe                 13240 Console                    2    518,476 K
chrome.exe                   20560 Console                    2    164,508 K
chrome.exe                   21172 Console                    2    195,872 K
chrome.exe                   22280 Console                    2    127,156 K
chrome.exe                    3424 Console                    2    338,452 K
chrome.exe                    1904 Console                    2     15,324 K
chrome.exe                   18032 Console                    2    284,468 K
NVIDIA Broadcast.exe         16912 Console                    2     49,120 K
chrome.exe                    7300 Console                    2     44,312 K
NVIDIA Broadcast.exe          8796 Console                    2      9,664 K
NVIDIA Broadcast.exe         18196 Console                    2      6,764 K
NVIDIA Broadcast.exe          9440 Console                    2     20,772 K
chrome.exe                   21596 Console                    2     31,428 K
chrome.exe                   22732 Console                    2     41,332 K
chrome.exe                   23232 Console                    2    186,108 K
chrome.exe                   23372 Console                    2    209,888 K
chrome.exe                   15520 Console                    2     15,996 K
chrome.exe                   23340 Console                    2    207,672 K
chrome.exe                   23196 Console                    2      7,200 K
chrome.exe                   19892 Console                    2     18,716 K
chrome.exe                    1216 Console                    2     50,668 K
chrome.exe                   10276 Console                    2    210,100 K
NVIDIA Broadcast.exe         24172 Console                    2      4,308 K
chrome.exe                   24276 Console                    2    196,744 K
chrome.exe                   24372 Console                    2    211,076 K
chrome.exe                   23656 Console                    2      7,752 K
VirtualBox.exe               23916 Console                    2     39,856 K
VBoxSVC.exe                  11528 Console                    2     16,348 K
VBoxSDS.exe                  23992 Services                   0     11,356 K
chrome.exe                   13688 Console                    2      8,336 K
chrome.exe                   24396 Console                    2      7,912 K
svchost.exe                  25428 Services                   0     11,264 K
RuntimeBroker.exe            25516 Console                    2      3,516 K
SystemSettings.exe           25248 Console                    2     36,252 K
svchost.exe                  26004 Services                   0     22,784 K
svchost.exe                  26124 Services                   0      8,040 K
svchost.exe                  26260 Services                   0     20,424 K
svchost.exe                  26352 Services                   0     12,428 K
Copilot.exe                  26516 Console                    2     71,096 K
RuntimeBroker.exe            26116 Console                    2      3,044 K
ShareX.exe                   20312 Console                    2     73,004 K
SecurityHealthService.exe     1180 Services                   0     20,828 K
chrome.exe                   11348 Console                    2     58,916 K
svchost.exe                  20308 Services                   0     10,144 K
svchost.exe                  18760 Services                   0      9,936 K
svchost.exe                  12308 Services                   0      9,184 K
VirtualBoxVM.exe             26900 Console                    2      7,432 K
VirtualBoxVM.exe              2696 Console                    2      5,284 K
VirtualBoxVM.exe             14044 Console                    2    112,772 K
chrome.exe                    2016 Console                    2    108,376 K
chrome.exe                   12808 Console                    2     50,612 K
chrome.exe                   25372 Console                    2     88,064 K
chrome.exe                   11268 Console                    2     93,240 K
backgroundTaskHost.exe       20204 Console                    2     59,008 K
RuntimeBroker.exe            17892 Console                    2     21,632 K
Notepad.exe                  27636 Console                    2    114,196 K
powershell.exe               26676 Console                    2     66,160 K
conhost.exe                   9272 Console                    2      9,824 K
OpenConsole.exe              16168 Console                    2     18,632 K
WindowsTerminal.exe          13316 Console                    2     95,088 K
Code.exe                      7156 Console                    2     97,064 K
Code.exe                     26496 Console                    2     29,788 K
Code.exe                     14668 Console                    2     76,384 K
Code.exe                     24692 Console                    2     46,464 K
Code.exe                     23156 Console                    2    116,904 K
Code.exe                     11304 Console                    2    104,976 K
Code.exe                     24880 Console                    2     91,172 K
Code.exe                     21368 Console                    2     85,564 K
WINWORD.EXE                  21808 Console                    2    279,004 K
ai.exe                       11904 Console                    2     23,848 K
chrome.exe                    3016 Console                    2     47,808 K
chrome.exe                   19316 Console                    2    578,252 K
svchost.exe                  26872 Services                   0     10,304 K
svchost.exe                    776 Services                   0     56,052 K
chrome.exe                    4972 Console                    2     34,924 K
chrome.exe                   25628 Console                    2     43,876 K
chrome.exe                   24968 Console                    2     47,864 K
chrome.exe                   13708 Console                    2     40,936 K
chrome.exe                     752 Console                    2     42,920 K
chrome.exe                    5808 Console                    2     45,740 K
MSPCManager.exe              27924 Console                    2    199,836 K
WmiPrvSE.exe                 28448 Services                   0     19,616 K
RuntimeBroker.exe            28132 Console                    2     15,808 K
MSPCManagerCore.exe          28264 Console                    2    122,796 K
msedgewebview2.exe            1112 Console                    2    108,168 K
msedgewebview2.exe           12972 Console                    2     10,000 K
msedgewebview2.exe           27948 Console                    2     92,256 K
msedgewebview2.exe           27728 Console                    2     37,920 K
msedgewebview2.exe           12640 Console                    2     19,960 K
msedgewebview2.exe           12812 Console                    2    101,260 K
cmd.exe                      10736 Console                    2      7,312 K
tasklist.exe                 22096 Console                    2     12,076 K
[2025-10-29] --- Processes List End --- 
[2025-10-29] Attempting to terminate process: MSPCManager.exe... 
[2025-10-29] Process MSPCManager.exe and its children successfully terminated. 
[2025-10-29] Deleting files *.TMP and temp*.* from C:\IPZ-23-4\CMP\lab_2\baza... 
[2025-10-29] Deleted temporary files: 0. 
[2025-10-29] Creating archive from C:\IPZ-23-4\CMP\lab_2\baza... 
[2025-10-29] Archive 2025-10-29_00-07-32.zip successfully created in temp folder. 
[2025-10-29] Moving archive to C:\IPZ-23-4\CMP\lab_2\archive... 
[2025-10-29] Archive successfully moved to C:\IPZ-23-4\CMP\lab_2\archive. 
[2025-10-29] Checking for yesterday's archive... 
[2025-10-29] Yesterday's date: 2025-10-28. 
[2025-10-29] Archive for 2025-10-28 found. 
[2025-10-29] Deleting archives older than 30 days from C:\IPZ-23-4\CMP\lab_2\archive... 
[2025-10-29] Old archives cleanup finished. 
[2025-10-29] Checking Internet connection (ping 8.8.8.8)... 
[2025-10-29] Internet connection is OK. 
[2025-10-29] Checking remote PC status 192.168.1.109... 
[2025-10-29] PC 192.168.1.109 is ONLINE. Sending shutdown command... 
[2025-10-29] Shutdown command sent to 192.168.1.109. 
[2025-10-29] Getting network computers list (net view): 
[2025-10-29] --- Net View List Start --- 
[2025-10-29] --- Net View List End --- 
[2025-10-29] Checking IP addresses from ipon.txt... 
[2025-10-29] IP address 192.168.1.100 from ipon.txt is ONLINE. 
[2025-10-29] IP address 192.168.1.106 from ipon.txt is ONLINE. 
[2025-10-29] IP address 1.1.1.1 from ipon.txt is ONLINE. 
[2025-10-29] IP address 8.8.8.8 from ipon.txt is ONLINE. 
[2025-10-29] Checking log file size... 
[2025-10-29] Current C:\IPZ-23-4\CMP\lab_2\logs\lab.log size: 484157 bytes. Max: 500000 bytes. 
[2025-10-29] Log file size is within limits. 
[2025-10-29] Free and total disk space info on local drives: 
[2025-10-29] --- Disk Info (PowerShell) Start --- 

DeviceID FreeSpace (GB) Size (GB)
-------- -------------- ---------
C:                   74       465
D:                  475       931


[2025-10-29] --- Disk Info (PowerShell) End --- 
[2025-10-29] Saving system information to systeminfo_2025-10-29_00-07-32.txt... 
[2025-10-29] System information saved. 
[2025-10-29] --- Script Finished --- 
 
[2025-10-29] --- Script Start --- 
[2025-10-29] Log file C:\IPZ-23-4\CMP\lab_2\logs\lab.log opened. 
[2025-10-29] Attempting time sync with NTP-server (pool.ntp.org)... 
[2025-10-29] Time sync command executed. 
[2025-10-29] Updated time: Wed 10/29/2025  0:10:14.22 
[2025-10-29] List of running processes: 
[2025-10-29] --- Processes List Start --- 

Image Name                     PID Session Name        Session#    Mem Usage
========================= ======== ================ =========== ============
System Idle Process              0 Services                   0          8 K
System                           4 Services                   0      3,764 K
Registry                       224 Services                   0     65,868 K
smss.exe                       744 Services                   0      1,280 K
csrss.exe                      880 Services                   0      4,880 K
wininit.exe                   1076 Services                   0      4,492 K
services.exe                  1164 Services                   0     11,872 K
lsass.exe                     1224 Services                   0     24,492 K
svchost.exe                   1396 Services                   0     25,364 K
WUDFHost.exe                  1428 Services                   0      7,436 K
fontdrvhost.exe               1448 Services                   0      1,756 K
svchost.exe                   1564 Services                   0     15,536 K
svchost.exe                   1616 Services                   0      9,564 K
svchost.exe                   1844 Services                   0      4,040 K
svchost.exe                   1868 Services                   0      9,496 K
svchost.exe                   1876 Services                   0     10,548 K
svchost.exe                   1892 Services                   0     10,276 K
svchost.exe                    712 Services                   0      8,088 K
svchost.exe                    804 Services                   0      9,312 K
svchost.exe                    724 Services                   0     11,564 K
svchost.exe                    924 Services                   0     12,280 K
svchost.exe                   2136 Services                   0      9,820 K
svchost.exe                   2156 Services                   0      3,560 K
svchost.exe                   2256 Services                   0      7,000 K
svchost.exe                   2388 Services                   0     15,660 K
svchost.exe                   2600 Services                   0      6,736 K
svchost.exe                   2700 Services                   0      7,884 K
svchost.exe                   2740 Services                   0     24,056 K
NVDisplay.Container.exe       2792 Services                   0     22,116 K
svchost.exe                   2984 Services                   0      5,772 K
svchost.exe                   3032 Services                   0     15,828 K
svchost.exe                   2344 Services                   0     17,156 K
svchost.exe                   2440 Services                   0      3,492 K
svchost.exe                   2448 Services                   0      7,396 K
svchost.exe                   3136 Services                   0      7,532 K
Memory Compression            3220 Services                   0    267,240 K
svchost.exe                   3260 Services                   0      5,496 K
svchost.exe                   3312 Services                   0      7,632 K
svchost.exe                   3320 Services                   0      8,244 K
svchost.exe                   3404 Services                   0     14,580 K
svchost.exe                   3436 Services                   0      6,308 K
svchost.exe                   3476 Services                   0      7,476 K
svchost.exe                   3484 Services                   0      6,800 K
svchost.exe                   3544 Services                   0      7,664 K
spoolsv.exe                   3672 Services                   0      8,472 K
svchost.exe                   3736 Services                   0     13,468 K
svchost.exe                   3784 Services                   0      4,740 K
svchost.exe                   4052 Services                   0     14,920 K
remoting_host.exe             4060 Services                   0      5,820 K
svchost.exe                   4084 Services                   0      5,464 K
svchost.exe                   4092 Services                   0     41,828 K
svchost.exe                   2060 Services                   0     47,108 K
AdGuardHome.exe               3828 Services                   0     29,952 K
plasticd.exe                   860 Services                   0     33,816 K
svchost.exe                   4100 Services                   0      4,968 K
RtkAudUService64.exe          4112 Services                   0      9,008 K
svchost.exe                   4132 Services                   0     16,260 K
nvcontainer.exe               4140 Services                   0     22,912 K
RvControlSvc.exe              4152 Services                   0     10,108 K
MpDefenderCoreService.exe     4160 Services                   0     21,224 K
OfficeClickToRun.exe          4172 Services                   0     30,668 K
svchost.exe                   4188 Services                   0      3,084 K
MsMpEng.exe                   4252 Services                   0    260,480 K
svchost.exe                   4260 Services                   0     21,856 K
svchost.exe                   4268 Services                   0     20,668 K
wallpaperservice32.exe        4296 Services                   0      2,972 K
urban-vpn-service.exe         4304 Services                   0     14,904 K
svchost.exe                   4332 Services                   0      4,384 K
svchost.exe                   4344 Services                   0      9,564 K
audiodg.exe                   4368 Services                   0     18,780 K
svchost.exe                   4480 Services                   0      6,212 K
svchost.exe                   4560 Services                   0      5,952 K
warp-svc.exe                  5828 Services                   0     22,036 K
remoting_host.exe             6136 Services                   0     16,196 K
svchost.exe                   6900 Services                   0      8,480 K
svchost.exe                   7428 Services                   0     15,252 K
svchost.exe                   7436 Services                   0     25,548 K
gamingservicesnet.exe         7524 Services                   0      5,064 K
gamingservices.exe            7528 Services                   0     24,652 K
MSPCManagerService.exe        7568 Services                   0     54,076 K
AggregatorHost.exe            8076 Services                   0     11,740 K
svchost.exe                   8312 Services                   0     21,268 K
svchost.exe                   8876 Services                   0     17,180 K
svchost.exe                   9164 Services                   0     10,896 K
svchost.exe                   9308 Services                   0      6,436 K
svchost.exe                   9544 Services                   0      2,504 K
svchost.exe                   9704 Services                   0      6,244 K
svchost.exe                   9752 Services                   0      6,004 K
svchost.exe                   9404 Services                   0      9,132 K
svchost.exe                   1980 Services                   0     14,312 K
SearchIndexer.exe            11396 Services                   0     44,792 K
svchost.exe                  14016 Services                   0     16,572 K
svchost.exe                  14444 Services                   0     15,044 K
NisSrv.exe                   16292 Services                   0      7,728 K
svchost.exe                   9276 Services                   0      4,468 K
csrss.exe                     6532 Console                    2      4,972 K
winlogon.exe                 16736 Console                    2      6,492 K
fontdrvhost.exe               6012 Console                    2      7,228 K
dwm.exe                       5840 Console                    2     88,840 K
NVDisplay.Container.exe      16344 Console                    2     21,308 K
nvcontainer.exe              17060 Console                    2     24,096 K
svchost.exe                  15616 Services                   0     10,528 K
svchost.exe                  13580 Services                   0      3,072 K
nvcontainer.exe              13568 Console                    2     44,944 K
sihost.exe                   13820 Console                    2     20,184 K
nvcontainer.exe               2548 Console                    2     52,492 K
svchost.exe                  13916 Console                    2     15,840 K
svchost.exe                   7304 Console                    2      1,284 K
svchost.exe                  11020 Console                    2     23,288 K
taskhostw.exe                10420 Console                    2     12,544 K
explorer.exe                 16964 Console                    2    244,488 K
ShellHost.exe                15108 Console                    2      8,372 K
CrossDeviceResume.exe        15408 Console                    2      6,696 K
svchost.exe                  15904 Console                    2     10,144 K
wallpaper32.exe              17960 Console                    2     41,940 K
svchost.exe                  14980 Console                    2     28,352 K
nvsphelper64.exe              8520 Console                    2      5,488 K
NVIDIA Overlay.exe           12404 Console                    2     33,712 K
StartMenuExperienceHost.e    14436 Console                    2     84,432 K
SearchHost.exe               16508 Console                    2    100,900 K
Widgets.exe                  10596 Console                    2     29,312 K
UserOOBEBroker.exe           17328 Console                    2      2,172 K
RuntimeBroker.exe            12744 Console                    2     45,952 K
svchost.exe                  12960 Console                    2      9,304 K
WidgetService.exe            15748 Console                    2      4,152 K
NVIDIA Overlay.exe           17248 Console                    2      9,984 K
NVIDIA Overlay.exe           17376 Console                    2     16,148 K
NVIDIA Overlay.exe            9156 Console                    2      5,312 K
msedgewebview2.exe           12480 Console                    2     64,080 K
ShellExperienceHost.exe      12504 Console                    2     16,368 K
msedgewebview2.exe           14312 Console                    2      2,196 K
NVIDIA Overlay.exe            7252 Console                    2     21,488 K
msedgewebview2.exe            7248 Console                    2     46,732 K
msedgewebview2.exe           17792 Console                    2     26,448 K
msedgewebview2.exe           16848 Console                    2      7,680 K
msedgewebview2.exe            4544 Console                    2    132,628 K
PhoneExperienceHost.exe      13272 Console                    2    137,420 K
ctfmon.exe                    5116 Console                    2     29,176 K
ApplicationFrameHost.exe     18236 Console                    2     18,724 K
svchost.exe                   4276 Console                    2     11,876 K
svchost.exe                  17460 Services                   0     11,788 K
svchost.exe                  15864 Services                   0      3,664 K
TextInputHost.exe            15852 Console                    2    113,912 K
svchost.exe                  12180 Console                    2      2,184 K
svchost.exe                  12536 Services                   0      8,852 K
Discord.exe                  13992 Console                    2     73,600 K
Discord.exe                  16972 Console                    2      2,712 K
Discord.exe                  15304 Console                    2     64,720 K
Discord.exe                  17904 Console                    2     19,480 K
Discord.exe                   3744 Console                    2    276,740 K
chrome.exe                    9772 Console                    2    279,836 K
svchost.exe                  13028 Services                   0     27,904 K
chrome.exe                    6872 Console                    2      3,296 K
chrome.exe                   18584 Console                    2    205,636 K
chrome.exe                   18592 Console                    2     51,824 K
chrome.exe                   18644 Console                    2     11,012 K
chrome.exe                   18884 Console                    2     33,892 K
chrome.exe                   18900 Console                    2    111,340 K
chrome.exe                   18908 Console                    2     68,624 K
chrome.exe                   18912 Console                    2     29,824 K
chrome.exe                   18924 Console                    2     20,664 K
chrome.exe                   19104 Console                    2    305,772 K
chrome.exe                   18240 Console                    2    286,932 K
chrome.exe                    1724 Console                    2     25,700 K
Discord.exe                  18944 Console                    2      4,376 K
chrome.exe                   21040 Console                    2     29,036 K
chrome.exe                   20740 Console                    2     11,796 K
chrome.exe                   21288 Console                    2      9,524 K
chrome.exe                    9652 Console                    2     60,720 K
Telegram.exe                 13240 Console                    2    518,484 K
chrome.exe                   20560 Console                    2    164,300 K
chrome.exe                   21172 Console                    2    201,180 K
chrome.exe                   22280 Console                    2    127,432 K
chrome.exe                    3424 Console                    2    342,144 K
chrome.exe                    1904 Console                    2     15,324 K
chrome.exe                   18032 Console                    2    284,536 K
NVIDIA Broadcast.exe         16912 Console                    2     49,420 K
chrome.exe                    7300 Console                    2     45,024 K
NVIDIA Broadcast.exe          8796 Console                    2      9,716 K
NVIDIA Broadcast.exe         18196 Console                    2      6,764 K
NVIDIA Broadcast.exe          9440 Console                    2     20,772 K
chrome.exe                   21596 Console                    2     31,428 K
chrome.exe                   22732 Console                    2     41,456 K
chrome.exe                   23232 Console                    2    188,336 K
chrome.exe                   23372 Console                    2    194,988 K
chrome.exe                   15520 Console                    2     16,036 K
chrome.exe                   23340 Console                    2    216,804 K
chrome.exe                   23196 Console                    2      7,200 K
chrome.exe                   19892 Console                    2     18,732 K
chrome.exe                    1216 Console                    2     50,672 K
chrome.exe                   10276 Console                    2    200,888 K
NVIDIA Broadcast.exe         24172 Console                    2      4,308 K
chrome.exe                   24276 Console                    2    207,884 K
chrome.exe                   24372 Console                    2    222,704 K
chrome.exe                   23656 Console                    2      7,752 K
VirtualBox.exe               23916 Console                    2     40,040 K
VBoxSVC.exe                  11528 Console                    2     16,376 K
VBoxSDS.exe                  23992 Services                   0     11,356 K
chrome.exe                   13688 Console                    2      8,336 K
chrome.exe                   24396 Console                    2      7,912 K
svchost.exe                  25428 Services                   0     11,264 K
RuntimeBroker.exe            25516 Console                    2      3,516 K
SystemSettings.exe           25248 Console                    2     36,252 K
svchost.exe                  26004 Services                   0     22,784 K
svchost.exe                  26124 Services                   0      8,040 K
svchost.exe                  26260 Services                   0     20,460 K
svchost.exe                  26352 Services                   0     12,368 K
Copilot.exe                  26516 Console                    2     71,172 K
RuntimeBroker.exe            26116 Console                    2      3,028 K
ShareX.exe                   20312 Console                    2     73,048 K
SecurityHealthService.exe     1180 Services                   0     20,832 K
chrome.exe                   11348 Console                    2     59,192 K
svchost.exe                  20308 Services                   0     10,180 K
svchost.exe                  18760 Services                   0      9,956 K
svchost.exe                  12308 Services                   0      9,184 K
VirtualBoxVM.exe             26900 Console                    2      7,432 K
VirtualBoxVM.exe              2696 Console                    2      5,284 K
VirtualBoxVM.exe             14044 Console                    2    112,752 K
chrome.exe                    2016 Console                    2    131,884 K
chrome.exe                   12808 Console                    2     50,616 K
chrome.exe                   25372 Console                    2     87,460 K
chrome.exe                   11268 Console                    2     90,192 K
backgroundTaskHost.exe       20204 Console                    2     62,748 K
RuntimeBroker.exe            17892 Console                    2     21,632 K
Notepad.exe                  27636 Console                    2    114,144 K
Code.exe                      7156 Console                    2     96,836 K
Code.exe                     26496 Console                    2     29,788 K
Code.exe                     14668 Console                    2     76,388 K
Code.exe                     24692 Console                    2     46,460 K
Code.exe                     23156 Console                    2    101,440 K
Code.exe                     11304 Console                    2    104,960 K
Code.exe                     24880 Console                    2     91,176 K
Code.exe                     21368 Console                    2     85,476 K
WINWORD.EXE                  21808 Console                    2    273,820 K
ai.exe                       11904 Console                    2     23,848 K
chrome.exe                    3016 Console                    2     47,808 K
chrome.exe                   19316 Console                    2    690,648 K
svchost.exe                    776 Services                   0     46,056 K
WmiPrvSE.exe                 28448 Services                   0     25,980 K
TrustedInstaller.exe         19480 Services                   0     10,236 K
TiWorker.exe                 25140 Services                   0     17,880 K
chrome.exe                   27052 Console                    2     34,900 K
chrome.exe                   22800 Console                    2     47,600 K
chrome.exe                   19980 Console                    2     45,216 K
chrome.exe                    9472 Console                    2     40,856 K
chrome.exe                    7368 Console                    2     42,828 K
chrome.exe                   21036 Console                    2     48,236 K
smartscreen.exe              16636 Console                    2     13,288 K
powershell.exe                4076 Console                    2     76,424 K
conhost.exe                  17440 Console                    2     21,880 K
svchost.exe                  27924 Services                   0     34,992 K
cmd.exe                       4936 Console                    2      7,280 K
tasklist.exe                 20164 Console                    2     12,060 K
[2025-10-29] --- Processes List End --- 
[2025-10-29] Attempting to terminate process: MSPCManager.exe... 
[2025-10-29] Error: Failed to terminate process MSPCManager.exe (maybe not running). 
[2025-10-29] Deleting files *.TMP and temp*.* from C:\IPZ-23-4\CMP\lab_2\baza... 
[2025-10-29] Deleted temporary files: 0. 
[2025-10-29] Creating archive from C:\IPZ-23-4\CMP\lab_2\baza... 
[2025-10-29] Archive 2025-10-29_00-10-16.zip successfully created in temp folder. 
[2025-10-29] Moving archive to C:\IPZ-23-4\CMP\lab_2\archive... 
[2025-10-29] Archive successfully moved to C:\IPZ-23-4\CMP\lab_2\archive. 
[2025-10-29] Checking for yesterday's archive... 
[2025-10-29] Yesterday's date: 2025-10-28. 
[2025-10-29] Archive for 2025-10-28 found. 
[2025-10-29] Deleting archives older than 30 days from C:\IPZ-23-4\CMP\lab_2\archive... 
[2025-10-29] Old archives cleanup finished. 
[2025-10-29] Checking Internet connection (ping 8.8.8.8)... 
[2025-10-29] Internet connection is OK. 
[2025-10-29] Checking remote PC status 192.168.1.109... 
[2025-10-29] PC 192.168.1.109 is ONLINE. Sending shutdown command... 
[2025-10-29] Shutdown command sent to 192.168.1.109. 
[2025-10-29] Getting network computers list (net view): 
[2025-10-29] --- Net View List Start --- 
[2025-10-29] --- Net View List End --- 
[2025-10-29] Checking IP addresses from ipon.txt... 
[2025-10-29] IP address 192.168.1.100 from ipon.txt is ONLINE. 
[2025-10-29] IP address 192.168.1.106 from ipon.txt is ONLINE. 
[2025-10-29] IP address 1.1.1.1 from ipon.txt is ONLINE. 
[2025-10-29] IP address 8.8.8.8 from ipon.txt is ONLINE. 
[2025-10-29] Checking log file size... 
[2025-10-29] Current C:\IPZ-23-4\CMP\lab_2\logs\lab.log size: 506692 bytes. Max: 500000 bytes. 
[2025-10-29] WARNING: Log file size exceeds limit (500000 bytes). 
[2025-10-29] ERROR: Failed to send email about log file size. 
[2025-10-29] Free and total disk space info on local drives: 
[2025-10-29] --- Disk Info (PowerShell) Start --- 

DeviceID FreeSpace (GB) Size (GB)
-------- -------------- ---------
C:                   74       465
D:                  475       931


[2025-10-29] --- Disk Info (PowerShell) End --- 
[2025-10-29] Saving system information to systeminfo_2025-10-29_00-10-16.txt... 
[2025-10-29] System information saved. 
[2025-10-29] --- Script Finished --- 
 
[2025-10-29] --- Script Start --- 
[2025-10-29] Log file C:\IPZ-23-4\CMP\lab_2\logs\lab.log opened. 
[2025-10-29] Attempting time sync with NTP-server (pool.ntp.org)... 
[2025-10-29] Time sync command executed. 
[2025-10-29] Updated time: Wed 10/29/2025  0:17:05.94 
[2025-10-29] List of running processes: 
[2025-10-29] --- Processes List Start --- 

Image Name                     PID Session Name        Session#    Mem Usage
========================= ======== ================ =========== ============
System Idle Process              0 Services                   0          8 K
System                           4 Services                   0      3,780 K
Registry                       224 Services                   0     57,304 K
smss.exe                       744 Services                   0      1,280 K
csrss.exe                      880 Services                   0      4,864 K
wininit.exe                   1076 Services                   0      4,492 K
services.exe                  1164 Services                   0     11,864 K
lsass.exe                     1224 Services                   0     24,420 K
svchost.exe                   1396 Services                   0     25,192 K
WUDFHost.exe                  1428 Services                   0      7,436 K
fontdrvhost.exe               1448 Services                   0      1,756 K
svchost.exe                   1564 Services                   0     15,560 K
svchost.exe                   1616 Services                   0      9,624 K
svchost.exe                   1844 Services                   0      4,012 K
svchost.exe                   1868 Services                   0      9,368 K
svchost.exe                   1876 Services                   0     10,336 K
svchost.exe                   1892 Services                   0     10,192 K
svchost.exe                    712 Services                   0      7,716 K
svchost.exe                    804 Services                   0      9,180 K
svchost.exe                    724 Services                   0     11,604 K
svchost.exe                    924 Services                   0     12,308 K
svchost.exe                   2136 Services                   0      9,800 K
svchost.exe                   2156 Services                   0      3,540 K
svchost.exe                   2256 Services                   0      5,968 K
svchost.exe                   2388 Services                   0     15,524 K
svchost.exe                   2600 Services                   0      6,696 K
svchost.exe                   2700 Services                   0      7,848 K
svchost.exe                   2740 Services                   0     21,912 K
NVDisplay.Container.exe       2792 Services                   0     22,744 K
svchost.exe                   2984 Services                   0      5,784 K
svchost.exe                   3032 Services                   0     16,084 K
svchost.exe                   2344 Services                   0     17,056 K
svchost.exe                   2440 Services                   0      3,492 K
svchost.exe                   2448 Services                   0      7,220 K
svchost.exe                   3136 Services                   0      7,488 K
Memory Compression            3220 Services                   0    296,292 K
svchost.exe                   3260 Services                   0      5,416 K
svchost.exe                   3312 Services                   0      7,616 K
svchost.exe                   3320 Services                   0      8,024 K
svchost.exe                   3404 Services                   0     14,628 K
svchost.exe                   3436 Services                   0      6,292 K
svchost.exe                   3476 Services                   0      7,328 K
svchost.exe                   3484 Services                   0      6,668 K
svchost.exe                   3544 Services                   0      7,452 K
spoolsv.exe                   3672 Services                   0      8,364 K
svchost.exe                   3736 Services                   0     13,008 K
svchost.exe                   3784 Services                   0      4,772 K
svchost.exe                   4052 Services                   0     14,992 K
remoting_host.exe             4060 Services                   0      5,824 K
svchost.exe                   4084 Services                   0      5,472 K
svchost.exe                   4092 Services                   0     43,180 K
svchost.exe                   2060 Services                   0     47,424 K
AdGuardHome.exe               3828 Services                   0     29,940 K
plasticd.exe                   860 Services                   0     34,316 K
svchost.exe                   4100 Services                   0      4,672 K
RtkAudUService64.exe          4112 Services                   0      8,992 K
svchost.exe                   4132 Services                   0     15,736 K
nvcontainer.exe               4140 Services                   0     22,868 K
RvControlSvc.exe              4152 Services                   0     10,020 K
MpDefenderCoreService.exe     4160 Services                   0     21,200 K
OfficeClickToRun.exe          4172 Services                   0     28,552 K
svchost.exe                   4188 Services                   0      3,088 K
MsMpEng.exe                   4252 Services                   0    233,784 K
svchost.exe                   4260 Services                   0     25,616 K
svchost.exe                   4268 Services                   0     20,580 K
wallpaperservice32.exe        4296 Services                   0      2,976 K
urban-vpn-service.exe         4304 Services                   0     14,900 K
svchost.exe                   4332 Services                   0      4,260 K
svchost.exe                   4344 Services                   0      9,564 K
audiodg.exe                   4368 Services                   0     18,724 K
svchost.exe                   4480 Services                   0      6,148 K
svchost.exe                   4560 Services                   0      5,548 K
warp-svc.exe                  5828 Services                   0     21,952 K
remoting_host.exe             6136 Services                   0     16,260 K
svchost.exe                   6900 Services                   0      8,456 K
svchost.exe                   7428 Services                   0     15,068 K
svchost.exe                   7436 Services                   0     25,608 K
gamingservicesnet.exe         7524 Services                   0      4,892 K
gamingservices.exe            7528 Services                   0     24,684 K
MSPCManagerService.exe        7568 Services                   0     54,288 K
AggregatorHost.exe            8076 Services                   0     11,752 K
svchost.exe                   8312 Services                   0     21,304 K
svchost.exe                   8876 Services                   0     17,040 K
svchost.exe                   9164 Services                   0     10,952 K
svchost.exe                   9308 Services                   0      6,296 K
svchost.exe                   9544 Services                   0      2,488 K
svchost.exe                   9704 Services                   0      6,248 K
svchost.exe                   9752 Services                   0      6,000 K
svchost.exe                   9404 Services                   0      9,044 K
svchost.exe                   1980 Services                   0     14,160 K
SearchIndexer.exe            11396 Services                   0     39,828 K
svchost.exe                  14016 Services                   0     16,332 K
svchost.exe                  14444 Services                   0     15,040 K
NisSrv.exe                   16292 Services                   0      7,772 K
svchost.exe                   9276 Services                   0      4,448 K
csrss.exe                     6532 Console                    2      5,008 K
winlogon.exe                 16736 Console                    2      6,452 K
fontdrvhost.exe               6012 Console                    2      6,844 K
dwm.exe                       5840 Console                    2    111,812 K
NVDisplay.Container.exe      16344 Console                    2     21,380 K
nvcontainer.exe              17060 Console                    2     24,032 K
svchost.exe                  15616 Services                   0     10,504 K
svchost.exe                  13580 Services                   0      3,056 K
nvcontainer.exe              13568 Console                    2     44,424 K
sihost.exe                   13820 Console                    2     20,176 K
nvcontainer.exe               2548 Console                    2     52,564 K
svchost.exe                  13916 Console                    2     15,608 K
svchost.exe                   7304 Console                    2      1,268 K
svchost.exe                  11020 Console                    2     23,704 K
taskhostw.exe                10420 Console                    2     12,472 K
explorer.exe                 16964 Console                    2    244,828 K
ShellHost.exe                15108 Console                    2      8,336 K
CrossDeviceResume.exe        15408 Console                    2      6,540 K
svchost.exe                  15904 Console                    2     10,008 K
wallpaper32.exe              17960 Console                    2     42,820 K
svchost.exe                  14980 Console                    2     29,792 K
nvsphelper64.exe              8520 Console                    2      5,488 K
NVIDIA Overlay.exe           12404 Console                    2     33,700 K
StartMenuExperienceHost.e    14436 Console                    2     85,364 K
SearchHost.exe               16508 Console                    2     95,420 K
Widgets.exe                  10596 Console                    2     36,724 K
UserOOBEBroker.exe           17328 Console                    2      2,172 K
RuntimeBroker.exe            12744 Console                    2     42,500 K
svchost.exe                  12960 Console                    2      9,324 K
WidgetService.exe            15748 Console                    2      3,968 K
NVIDIA Overlay.exe           17248 Console                    2      9,944 K
NVIDIA Overlay.exe           17376 Console                    2     16,040 K
NVIDIA Overlay.exe            9156 Console                    2      5,312 K
msedgewebview2.exe           12480 Console                    2     63,244 K
ShellExperienceHost.exe      12504 Console                    2     15,520 K
msedgewebview2.exe           14312 Console                    2      2,196 K
NVIDIA Overlay.exe            7252 Console                    2     22,360 K
msedgewebview2.exe            7248 Console                    2     42,796 K
msedgewebview2.exe           17792 Console                    2     25,928 K
msedgewebview2.exe           16848 Console                    2      7,508 K
msedgewebview2.exe            4544 Console                    2    109,636 K
PhoneExperienceHost.exe      13272 Console                    2    150,604 K
ctfmon.exe                    5116 Console                    2     29,340 K
ApplicationFrameHost.exe     18236 Console                    2     18,536 K
svchost.exe                   4276 Console                    2     11,740 K
svchost.exe                  17460 Services                   0     11,576 K
svchost.exe                  15864 Services                   0      3,644 K
TextInputHost.exe            15852 Console                    2     95,788 K
svchost.exe                  12180 Console                    2      2,172 K
svchost.exe                  12536 Services                   0      8,824 K
Discord.exe                  13992 Console                    2     61,968 K
Discord.exe                  16972 Console                    2      2,712 K
Discord.exe                  15304 Console                    2     63,148 K
Discord.exe                  17904 Console                    2     19,336 K
Discord.exe                   3744 Console                    2    278,816 K
chrome.exe                    9772 Console                    2    274,996 K
svchost.exe                  13028 Services                   0     27,492 K
chrome.exe                    6872 Console                    2      3,296 K
chrome.exe                   18584 Console                    2    195,864 K
chrome.exe                   18592 Console                    2     51,752 K
chrome.exe                   18644 Console                    2     10,888 K
chrome.exe                   18884 Console                    2     34,016 K
chrome.exe                   18900 Console                    2    111,060 K
chrome.exe                   18908 Console                    2     69,460 K
chrome.exe                   18912 Console                    2     29,892 K
chrome.exe                   18924 Console                    2     20,168 K
chrome.exe                   19104 Console                    2    444,956 K
chrome.exe                   18240 Console                    2    276,076 K
chrome.exe                    1724 Console                    2     25,892 K
Discord.exe                  18944 Console                    2      4,376 K
chrome.exe                   21040 Console                    2     29,184 K
chrome.exe                   20740 Console                    2     11,660 K
chrome.exe                   21288 Console                    2      9,480 K
chrome.exe                    9652 Console                    2     60,544 K
Telegram.exe                 13240 Console                    2    291,936 K
chrome.exe                   20560 Console                    2    166,384 K
chrome.exe                   21172 Console                    2    191,780 K
chrome.exe                   22280 Console                    2    127,740 K
chrome.exe                    3424 Console                    2    337,248 K
chrome.exe                    1904 Console                    2     15,380 K
chrome.exe                   18032 Console                    2    264,280 K
NVIDIA Broadcast.exe         16912 Console                    2     49,172 K
chrome.exe                    7300 Console                    2     45,172 K
NVIDIA Broadcast.exe          8796 Console                    2      8,628 K
NVIDIA Broadcast.exe         18196 Console                    2      6,624 K
NVIDIA Broadcast.exe          9440 Console                    2     20,708 K
chrome.exe                   21596 Console                    2     31,420 K
chrome.exe                   22732 Console                    2     35,552 K
chrome.exe                   23232 Console                    2    184,416 K
chrome.exe                   23372 Console                    2    213,008 K
chrome.exe                   15520 Console                    2     16,040 K
chrome.exe                   23340 Console                    2    210,372 K
chrome.exe                   23196 Console                    2      7,004 K
chrome.exe                   19892 Console                    2     18,784 K
chrome.exe                    1216 Console                    2     50,476 K
chrome.exe                   10276 Console                    2    210,512 K
NVIDIA Broadcast.exe         24172 Console                    2      4,308 K
chrome.exe                   24276 Console                    2    207,808 K
chrome.exe                   24372 Console                    2    219,240 K
chrome.exe                   23656 Console                    2      7,752 K
VirtualBox.exe               23916 Console                    2     45,244 K
VBoxSVC.exe                  11528 Console                    2     17,128 K
VBoxSDS.exe                  23992 Services                   0     11,332 K
chrome.exe                   13688 Console                    2      8,272 K
chrome.exe                   24396 Console                    2      7,912 K
svchost.exe                  25428 Services                   0     11,120 K
RuntimeBroker.exe            25516 Console                    2      3,456 K
SystemSettings.exe           25248 Console                    2     36,252 K
svchost.exe                  26004 Services                   0     22,752 K
svchost.exe                  26124 Services                   0      8,040 K
svchost.exe                  26260 Services                   0     20,600 K
svchost.exe                  26352 Services                   0     12,376 K
Copilot.exe                  26516 Console                    2     70,904 K
RuntimeBroker.exe            26116 Console                    2      2,976 K
ShareX.exe                   20312 Console                    2    108,484 K
SecurityHealthService.exe     1180 Services                   0     20,828 K
chrome.exe                   11348 Console                    2     59,188 K
svchost.exe                  20308 Services                   0     10,108 K
svchost.exe                  18760 Services                   0      9,724 K
svchost.exe                  12308 Services                   0      9,184 K
VirtualBoxVM.exe             26900 Console                    2      7,432 K
VirtualBoxVM.exe              2696 Console                    2      5,284 K
VirtualBoxVM.exe             14044 Console                    2    117,140 K
chrome.exe                    2016 Console                    2    131,808 K
chrome.exe                   12808 Console                    2     50,428 K
chrome.exe                   25372 Console                    2     85,228 K
chrome.exe                   11268 Console                    2     90,060 K
backgroundTaskHost.exe       20204 Console                    2     62,552 K
RuntimeBroker.exe            17892 Console                    2     21,352 K
Notepad.exe                  27636 Console                    2    113,152 K
Code.exe                      7156 Console                    2    104,068 K
Code.exe                     26496 Console                    2     29,696 K
Code.exe                     14668 Console                    2     90,524 K
Code.exe                     24692 Console                    2     46,456 K
Code.exe                     23156 Console                    2    226,472 K
Code.exe                     11304 Console                    2    103,792 K
Code.exe                     24880 Console                    2     92,068 K
Code.exe                     21368 Console                    2     84,928 K
WINWORD.EXE                  21808 Console                    2    270,552 K
ai.exe                       11904 Console                    2     23,752 K
chrome.exe                    3016 Console                    2     46,504 K
chrome.exe                   19316 Console                    2    618,516 K
powershell.exe                4076 Console                    2     77,376 K
conhost.exe                  17440 Console                    2     27,548 K
chrome.exe                   28080 Console                    2     32,236 K
svchost.exe                  12092 Services                   0     10,228 K
chrome.exe                   27452 Console                    2     41,808 K
MSPCManager.exe              28128 Console                    2    204,800 K
WmiPrvSE.exe                   392 Services                   0     18,568 K
RuntimeBroker.exe            22004 Console                    2     15,748 K
MSPCManagerCore.exe          23484 Console                    2    120,600 K
msedgewebview2.exe            5096 Console                    2    107,540 K
msedgewebview2.exe            2000 Console                    2      9,992 K
msedgewebview2.exe           28240 Console                    2     88,708 K
msedgewebview2.exe           28004 Console                    2     37,936 K
msedgewebview2.exe           23748 Console                    2     19,960 K
msedgewebview2.exe           25360 Console                    2    102,820 K
cmd.exe                      17796 Console                    2      7,284 K
tasklist.exe                 17020 Console                    2     12,056 K
[2025-10-29] --- Processes List End --- 
[2025-10-29] Attempting to terminate process: MSPCManager.exe... 
[2025-10-29] Process MSPCManager.exe and its children successfully terminated. 
[2025-10-29] Deleting files *.TMP and temp*.* from C:\IPZ-23-4\CMP\lab_2\baza... 
[2025-10-29] Deleted temporary files: 0. 
[2025-10-29] Creating archive from C:\IPZ-23-4\CMP\lab_2\baza... 
[2025-10-29] Archive 2025-10-29_00-17-08.zip successfully created in temp folder. 
[2025-10-29] Moving archive to C:\IPZ-23-4\CMP\lab_2\archive... 
[2025-10-29] Archive successfully moved to C:\IPZ-23-4\CMP\lab_2\archive. 
[2025-10-29] Checking for yesterday's archive... 
[2025-10-29] Yesterday's date: 2025-10-28. 
[2025-10-29] Archive for 2025-10-28 found. 
[2025-10-29] Deleting archives older than 30 days from C:\IPZ-23-4\CMP\lab_2\archive... 
[2025-10-29] Old archives cleanup finished. 
[2025-10-29] Checking Internet connection (ping 8.8.8.8)... 
[2025-10-29] Internet connection is OK. 
[2025-10-29] Checking remote PC status 192.168.1.109... 
[2025-10-29] PC 192.168.1.109 is ONLINE. Sending shutdown command... 
[2025-10-29] Shutdown command sent to 192.168.1.109. 
[2025-10-29] Getting network computers list (net view): 
[2025-10-29] --- Net View List Start --- 
[2025-10-29] --- Net View List End --- 
[2025-10-29] Checking IP addresses from ipon.txt... 
[2025-10-29] IP address 192.168.1.100 from ipon.txt is ONLINE. 
[2025-10-29] IP address 192.168.1.106 from ipon.txt is ONLINE. 
[2025-10-29] IP address 1.1.1.1 from ipon.txt is ONLINE. 
[2025-10-29] IP address 8.8.8.8 from ipon.txt is ONLINE. 
[2025-10-29] Checking log file size... 
[2025-10-29] Current C:\IPZ-23-4\CMP\lab_2\logs\lab.log size: 529384 bytes. Max: 500000 bytes. 
[2025-10-29] WARNING: Log file size exceeds limit (500000 bytes). 
[2025-10-29] Email notification about log file size sent. 
[2025-10-29] Free and total disk space info on local drives: 
[2025-10-29] --- Disk Info (PowerShell) Start --- 

DeviceID FreeSpace (GB) Size (GB)
-------- -------------- ---------
C:                   74       465
D:                  475       931


[2025-10-29] --- Disk Info (PowerShell) End --- 
[2025-10-29] Saving system information to systeminfo_2025-10-29_00-17-08.txt... 
[2025-10-29] System information saved. 
[2025-10-29] --- Script Finished --- 
 
[2025-10-29] --- Script Start --- 
[2025-10-29] Log file C:\IPZ-23-4\CMP\lab_2\logs\lab.log opened. 
[2025-10-29] Attempting time sync with NTP-server (pool.ntp.org)... 
[2025-10-29] Time sync command executed. 
[2025-10-29] Updated time: Wed 10/29/2025  0:29:14.69 
[2025-10-29] List of running processes: 
[2025-10-29] --- Processes List Start --- 

Image Name                     PID Session Name        Session#    Mem Usage
========================= ======== ================ =========== ============
System Idle Process              0 Services                   0          8 K
System                           4 Services                   0      3,876 K
Registry                       224 Services                   0     57,528 K
smss.exe                       744 Services                   0      1,280 K
csrss.exe                      880 Services                   0      4,876 K
wininit.exe                   1076 Services                   0      4,488 K
services.exe                  1164 Services                   0     11,920 K
lsass.exe                     1224 Services                   0     23,892 K
svchost.exe                   1396 Services                   0     25,456 K
WUDFHost.exe                  1428 Services                   0      7,436 K
fontdrvhost.exe               1448 Services                   0      1,756 K
svchost.exe                   1564 Services                   0     15,724 K
svchost.exe                   1616 Services                   0      9,584 K
svchost.exe                   1844 Services                   0      4,012 K
svchost.exe                   1868 Services                   0      9,396 K
svchost.exe                   1876 Services                   0     10,328 K
svchost.exe                   1892 Services                   0     10,272 K
svchost.exe                    712 Services                   0      7,760 K
svchost.exe                    804 Services                   0      9,180 K
svchost.exe                    724 Services                   0     11,584 K
svchost.exe                    924 Services                   0     12,460 K
svchost.exe                   2136 Services                   0      9,724 K
svchost.exe                   2156 Services                   0      3,540 K
svchost.exe                   2256 Services                   0      6,064 K
svchost.exe                   2388 Services                   0     15,388 K
svchost.exe                   2600 Services                   0      6,716 K
svchost.exe                   2700 Services                   0      7,648 K
svchost.exe                   2740 Services                   0     21,780 K
NVDisplay.Container.exe       2792 Services                   0     22,704 K
svchost.exe                   2984 Services                   0      5,744 K
svchost.exe                   3032 Services                   0     15,928 K
svchost.exe                   2344 Services                   0     17,020 K
svchost.exe                   2440 Services                   0      3,496 K
svchost.exe                   2448 Services                   0      7,220 K
svchost.exe                   3136 Services                   0      7,668 K
Memory Compression            3220 Services                   0    219,780 K
svchost.exe                   3260 Services                   0      5,420 K
svchost.exe                   3312 Services                   0      7,616 K
svchost.exe                   3320 Services                   0      8,332 K
svchost.exe                   3404 Services                   0     14,560 K
svchost.exe                   3436 Services                   0      6,288 K
svchost.exe                   3476 Services                   0      7,416 K
svchost.exe                   3484 Services                   0      6,668 K
svchost.exe                   3544 Services                   0      7,456 K
spoolsv.exe                   3672 Services                   0      8,364 K
svchost.exe                   3736 Services                   0     13,012 K
svchost.exe                   3784 Services                   0      4,704 K
svchost.exe                   4052 Services                   0     14,688 K
remoting_host.exe             4060 Services                   0      5,824 K
svchost.exe                   4084 Services                   0      5,476 K
svchost.exe                   4092 Services                   0     47,300 K
svchost.exe                   2060 Services                   0     47,212 K
AdGuardHome.exe               3828 Services                   0     29,976 K
plasticd.exe                   860 Services                   0     34,788 K
svchost.exe                   4100 Services                   0      4,668 K
RtkAudUService64.exe          4112 Services                   0      8,992 K
svchost.exe                   4132 Services                   0     15,576 K
nvcontainer.exe               4140 Services                   0     23,104 K
RvControlSvc.exe              4152 Services                   0     10,020 K
MpDefenderCoreService.exe     4160 Services                   0     21,188 K
OfficeClickToRun.exe          4172 Services                   0     28,532 K
svchost.exe                   4188 Services                   0      3,088 K
MsMpEng.exe                   4252 Services                   0    229,124 K
svchost.exe                   4260 Services                   0     20,740 K
svchost.exe                   4268 Services                   0     20,540 K
wallpaperservice32.exe        4296 Services                   0      2,976 K
urban-vpn-service.exe         4304 Services                   0     14,936 K
svchost.exe                   4332 Services                   0      4,256 K
svchost.exe                   4344 Services                   0      9,556 K
audiodg.exe                   4368 Services                   0     18,824 K
svchost.exe                   4480 Services                   0      6,148 K
svchost.exe                   4560 Services                   0      5,548 K
warp-svc.exe                  5828 Services                   0     21,980 K
remoting_host.exe             6136 Services                   0     16,204 K
svchost.exe                   6900 Services                   0      8,456 K
svchost.exe                   7428 Services                   0     14,924 K
svchost.exe                   7436 Services                   0     25,472 K
gamingservicesnet.exe         7524 Services                   0      4,896 K
gamingservices.exe            7528 Services                   0     25,104 K
MSPCManagerService.exe        7568 Services                   0     56,944 K
AggregatorHost.exe            8076 Services                   0     11,748 K
svchost.exe                   8312 Services                   0     20,732 K
svchost.exe                   8876 Services                   0     17,208 K
svchost.exe                   9164 Services                   0     10,864 K
svchost.exe                   9308 Services                   0      6,336 K
svchost.exe                   9544 Services                   0      2,488 K
svchost.exe                   9704 Services                   0      6,228 K
svchost.exe                   9752 Services                   0      5,984 K
svchost.exe                   9404 Services                   0      9,036 K
svchost.exe                   1980 Services                   0     14,112 K
SearchIndexer.exe            11396 Services                   0     47,976 K
svchost.exe                  14016 Services                   0     16,364 K
svchost.exe                  14444 Services                   0     15,004 K
NisSrv.exe                   16292 Services                   0      7,776 K
svchost.exe                   9276 Services                   0      4,448 K
csrss.exe                     6532 Console                    2      4,972 K
winlogon.exe                 16736 Console                    2      6,452 K
fontdrvhost.exe               6012 Console                    2      7,100 K
dwm.exe                       5840 Console                    2     89,724 K
NVDisplay.Container.exe      16344 Console                    2     21,324 K
nvcontainer.exe              17060 Console                    2     24,000 K
svchost.exe                  15616 Services                   0     10,404 K
svchost.exe                  13580 Services                   0      3,056 K
nvcontainer.exe              13568 Console                    2     45,428 K
sihost.exe                   13820 Console                    2     20,228 K
nvcontainer.exe               2548 Console                    2     53,864 K
svchost.exe                  13916 Console                    2     15,456 K
svchost.exe                   7304 Console                    2      1,268 K
svchost.exe                  11020 Console                    2     23,380 K
taskhostw.exe                10420 Console                    2     12,628 K
explorer.exe                 16964 Console                    2    252,428 K
ShellHost.exe                15108 Console                    2      8,328 K
CrossDeviceResume.exe        15408 Console                    2      6,532 K
svchost.exe                  15904 Console                    2     10,008 K
wallpaper32.exe              17960 Console                    2     42,044 K
svchost.exe                  14980 Console                    2     31,168 K
nvsphelper64.exe              8520 Console                    2      5,488 K
NVIDIA Overlay.exe           12404 Console                    2     33,760 K
StartMenuExperienceHost.e    14436 Console                    2     83,300 K
SearchHost.exe               16508 Console                    2     94,680 K
Widgets.exe                  10596 Console                    2     29,400 K
UserOOBEBroker.exe           17328 Console                    2      2,156 K
RuntimeBroker.exe            12744 Console                    2     42,460 K
svchost.exe                  12960 Console                    2      9,036 K
WidgetService.exe            15748 Console                    2      3,972 K
NVIDIA Overlay.exe           17248 Console                    2      9,944 K
NVIDIA Overlay.exe           17376 Console                    2     16,144 K
NVIDIA Overlay.exe            9156 Console                    2      5,312 K
msedgewebview2.exe           12480 Console                    2     62,028 K
ShellExperienceHost.exe      12504 Console                    2     15,484 K
msedgewebview2.exe           14312 Console                    2      2,196 K
NVIDIA Overlay.exe            7252 Console                    2     22,292 K
msedgewebview2.exe            7248 Console                    2     42,888 K
msedgewebview2.exe           17792 Console                    2     25,708 K
msedgewebview2.exe           16848 Console                    2      7,472 K
msedgewebview2.exe            4544 Console                    2    107,776 K
PhoneExperienceHost.exe      13272 Console                    2    143,132 K
ctfmon.exe                    5116 Console                    2     29,600 K
ApplicationFrameHost.exe     18236 Console                    2     18,580 K
svchost.exe                   4276 Console                    2     11,732 K
svchost.exe                  17460 Services                   0     11,576 K
svchost.exe                  15864 Services                   0      3,644 K
TextInputHost.exe            15852 Console                    2     96,288 K
svchost.exe                  12180 Console                    2      2,060 K
svchost.exe                  12536 Services                   0      8,784 K
Discord.exe                  13992 Console                    2     61,576 K
Discord.exe                  16972 Console                    2      2,712 K
Discord.exe                  15304 Console                    2     67,732 K
Discord.exe                  17904 Console                    2     19,384 K
Discord.exe                   3744 Console                    2    282,772 K
chrome.exe                    9772 Console                    2    297,196 K
svchost.exe                  13028 Services                   0     27,500 K
chrome.exe                    6872 Console                    2      3,300 K
chrome.exe                   18584 Console                    2    184,312 K
chrome.exe                   18592 Console                    2     52,976 K
chrome.exe                   18644 Console                    2     11,308 K
chrome.exe                   18884 Console                    2     34,480 K
chrome.exe                   18900 Console                    2    112,364 K
chrome.exe                   18908 Console                    2     70,632 K
chrome.exe                   18912 Console                    2     30,380 K
chrome.exe                   18924 Console                    2     39,172 K
chrome.exe                   19104 Console                    2    433,988 K
chrome.exe                   18240 Console                    2    256,592 K
chrome.exe                    1724 Console                    2     24,592 K
Discord.exe                  18944 Console                    2      4,376 K
chrome.exe                   21040 Console                    2     60,612 K
chrome.exe                   20740 Console                    2     11,564 K
chrome.exe                   21288 Console                    2      9,564 K
chrome.exe                    9652 Console                    2     83,824 K
Telegram.exe                 13240 Console                    2    265,720 K
chrome.exe                   20560 Console                    2    185,984 K
chrome.exe                   21172 Console                    2    200,272 K
chrome.exe                   22280 Console                    2    130,048 K
chrome.exe                    3424 Console                    2    253,372 K
chrome.exe                    1904 Console                    2     15,964 K
chrome.exe                   18032 Console                    2    261,876 K
NVIDIA Broadcast.exe         16912 Console                    2     49,156 K
chrome.exe                    7300 Console                    2     44,832 K
NVIDIA Broadcast.exe          8796 Console                    2      8,624 K
NVIDIA Broadcast.exe         18196 Console                    2      6,624 K
NVIDIA Broadcast.exe          9440 Console                    2     20,064 K
chrome.exe                   21596 Console                    2     36,700 K
chrome.exe                   22732 Console                    2     38,896 K
chrome.exe                   23232 Console                    2    186,648 K
chrome.exe                   23372 Console                    2    212,460 K
chrome.exe                   15520 Console                    2     19,656 K
chrome.exe                   23340 Console                    2    223,824 K
chrome.exe                   23196 Console                    2      8,552 K
chrome.exe                   19892 Console                    2     20,120 K
chrome.exe                    1216 Console                    2     53,104 K
chrome.exe                   10276 Console                    2    212,236 K
NVIDIA Broadcast.exe         24172 Console                    2      4,240 K
chrome.exe                   24276 Console                    2    198,856 K
chrome.exe                   24372 Console                    2    210,496 K
chrome.exe                   23656 Console                    2      8,004 K
VirtualBox.exe               23916 Console                    2     45,232 K
VBoxSVC.exe                  11528 Console                    2     17,132 K
VBoxSDS.exe                  23992 Services                   0     11,328 K
chrome.exe                   13688 Console                    2     12,188 K
chrome.exe                   24396 Console                    2     12,424 K
svchost.exe                  25428 Services                   0     11,120 K
RuntimeBroker.exe            25516 Console                    2      3,424 K
SystemSettings.exe           25248 Console                    2     36,252 K
svchost.exe                  26004 Services                   0     22,804 K
svchost.exe                  26124 Services                   0      8,040 K
svchost.exe                  26260 Services                   0     20,836 K
svchost.exe                  26352 Services                   0     12,404 K
Copilot.exe                  26516 Console                    2     70,840 K
RuntimeBroker.exe            26116 Console                    2      2,948 K
ShareX.exe                   20312 Console                    2    130,768 K
SecurityHealthService.exe     1180 Services                   0     20,824 K
chrome.exe                   11348 Console                    2     59,180 K
svchost.exe                  20308 Services                   0     10,128 K
svchost.exe                  18760 Services                   0      9,684 K
svchost.exe                  12308 Services                   0      9,184 K
VirtualBoxVM.exe             26900 Console                    2      7,432 K
VirtualBoxVM.exe              2696 Console                    2      5,284 K
VirtualBoxVM.exe             14044 Console                    2    117,184 K
chrome.exe                    2016 Console                    2    127,108 K
chrome.exe                   12808 Console                    2     50,544 K
chrome.exe                   25372 Console                    2     88,328 K
chrome.exe                   11268 Console                    2     92,332 K
backgroundTaskHost.exe       20204 Console                    2     62,360 K
RuntimeBroker.exe            17892 Console                    2     21,324 K
Code.exe                      7156 Console                    2    106,804 K
Code.exe                     26496 Console                    2     29,696 K
Code.exe                     14668 Console                    2     96,980 K
Code.exe                     24692 Console                    2     46,516 K
Code.exe                     23156 Console                    2    227,768 K
Code.exe                     11304 Console                    2    104,416 K
Code.exe                     24880 Console                    2     91,524 K
Code.exe                     21368 Console                    2     83,860 K
WINWORD.EXE                  21808 Console                    2    282,756 K
ai.exe                       11904 Console                    2     23,740 K
chrome.exe                    3016 Console                    2     44,864 K
chrome.exe                   19316 Console                    2    560,060 K
powershell.exe                4076 Console                    2     77,792 K
conhost.exe                  17440 Console                    2     27,584 K
smartscreen.exe              28448 Console                    2     13,296 K
Notepad.exe                   6840 Console                    2    122,800 K
chrome.exe                    7552 Console                    2     69,220 K
chrome.exe                   27532 Console                    2     91,096 K
chrome.exe                   25628 Console                    2    508,904 K
chrome.exe                   11012 Console                    2     60,520 K
chrome.exe                   10372 Console                    2     73,604 K
chrome.exe                   26760 Console                    2     44,460 K
chrome.exe                   28028 Console                    2     32,216 K
RuntimeBroker.exe             7404 Console                    2     11,004 K
sppsvc.exe                   20008 Services                   0     18,768 K
cmd.exe                      11568 Console                    2      7,300 K
SearchProtocolHost.exe       27992 Services                   0     17,892 K
tasklist.exe                 23484 Console                    2     12,060 K
WmiPrvSE.exe                   388 Services                   0     14,464 K
[2025-10-29] --- Processes List End --- 
[2025-10-29] Attempting to terminate process: MSPCManager.exe... 
[2025-10-29] Error: Failed to terminate process MSPCManager.exe (maybe not running). 
[2025-10-29] Deleting files *.TMP and temp*.* from C:\IPZ-23-4\CMP\lab_2\baza... 
[2025-10-29] Deleted temporary files: 0. 
[2025-10-29] Creating archive from C:\IPZ-23-4\CMP\lab_2\baza... 
[2025-10-29] Archive 2025-10-29_00-29-16.zip successfully created in temp folder. 
[2025-10-29] Moving archive to C:\IPZ-23-4\CMP\lab_2\archive... 
[2025-10-29] Archive successfully moved to C:\IPZ-23-4\CMP\lab_2\archive. 
[2025-10-29] Checking for yesterday's archive... 
[2025-10-29] Yesterday's date: 2025-10-28. 
[2025-10-29] Archive for 2025-10-28 found. 
[2025-10-29] Deleting archives older than 30 days from C:\IPZ-23-4\CMP\lab_2\archive... 
[2025-10-29] Old archives cleanup finished. 
[2025-10-29] Checking Internet connection (ping 8.8.8.8)... 
[2025-10-29] Internet connection is OK. 
[2025-10-29] Checking remote PC status 192.168.1.109... 
[2025-10-29] PC 192.168.1.109 is ONLINE. Sending shutdown command... 
[2025-10-29] Shutdown command sent to 192.168.1.109. 
[2025-10-29] Getting network computers list (net view): 
[2025-10-29] --- Net View List Start --- 
[2025-10-29] --- Net View List End --- 
[2025-10-29] Checking IP addresses from ipon.txt... 
[2025-10-29] IP address 192.168.1.100 from ipon.txt is ONLINE. 
[2025-10-29] IP address 192.168.1.106 from ipon.txt is ONLINE. 
[2025-10-29] IP address 1.1.1.1 from ipon.txt is ONLINE. 
[2025-10-29] IP address 8.8.8.8 from ipon.txt is ONLINE. 
[2025-10-29] Checking log file size... 
[2025-10-29] Current C:\IPZ-23-4\CMP\lab_2\logs\lab.log size: 552000 bytes. Max: 500000 bytes. 
[2025-10-29] WARNING: Log file size exceeds limit (500000 bytes). 
[2025-10-29] Email notification about log file size sent. 
[2025-10-29] Free and total disk space info on local drives: 
[2025-10-29] --- Disk Info (PowerShell) Start --- 

DeviceID FreeSpace (GB) Size (GB)
-------- -------------- ---------
C:                   74       465
D:                  475       931


[2025-10-29] --- Disk Info (PowerShell) End --- 
[2025-10-29] Saving system information to systeminfo_2025-10-29_00-29-16.txt... 
[2025-10-29] System information saved. 
[2025-10-29] --- Script Finished --- 
 
[2025-10-30] --- Script Start --- 
[2025-10-30] Log file C:\IPZ-23-4\CMP\lab_2\logs\lab.log opened. 
[2025-10-30] Attempting time sync with NTP-server (pool.ntp.org)... 
[2025-10-30] Time sync command executed. 
[2025-10-30] Updated time: Thu 10/30/2025 22:06:09.46 
[2025-10-30] List of running processes: 
[2025-10-30] --- Processes List Start --- 

Image Name                     PID Session Name        Session#    Mem Usage
========================= ======== ================ =========== ============
System Idle Process              0 Services                   0          8 K
System                           4 Services                   0      5,376 K
Registry                       224 Services                   0     61,348 K
smss.exe                       744 Services                   0      1,204 K
csrss.exe                      880 Services                   0      4,888 K
wininit.exe                   1076 Services                   0      5,920 K
services.exe                  1164 Services                   0     12,060 K
lsass.exe                     1224 Services                   0     26,896 K
svchost.exe                   1396 Services                   0     29,188 K
WUDFHost.exe                  1428 Services                   0      7,468 K
fontdrvhost.exe               1448 Services                   0      2,348 K
svchost.exe                   1564 Services                   0     18,824 K
svchost.exe                   1616 Services                   0     10,892 K
svchost.exe                   1844 Services                   0      4,036 K
svchost.exe                   1868 Services                   0     11,716 K
svchost.exe                   1876 Services                   0     11,372 K
svchost.exe                   1892 Services                   0     11,120 K
svchost.exe                    712 Services                   0      8,404 K
svchost.exe                    804 Services                   0     10,060 K
svchost.exe                    724 Services                   0     11,724 K
svchost.exe                    924 Services                   0     12,668 K
svchost.exe                   2136 Services                   0     11,344 K
svchost.exe                   2156 Services                   0      3,964 K
svchost.exe                   2256 Services                   0      6,036 K
svchost.exe                   2388 Services                   0     16,036 K
svchost.exe                   2600 Services                   0      7,424 K
svchost.exe                   2700 Services                   0      7,844 K
svchost.exe                   2740 Services                   0     34,428 K
NVDisplay.Container.exe       2792 Services                   0     24,876 K
svchost.exe                   2984 Services                   0      5,828 K
svchost.exe                   3032 Services                   0     16,228 K
svchost.exe                   2344 Services                   0     17,696 K
svchost.exe                   2440 Services                   0      3,684 K
svchost.exe                   2448 Services                   0      7,320 K
svchost.exe                   3136 Services                   0      7,612 K
Memory Compression            3220 Services                   0  1,184,336 K
svchost.exe                   3260 Services                   0      7,812 K
svchost.exe                   3312 Services                   0      9,884 K
svchost.exe                   3320 Services                   0     10,588 K
svchost.exe                   3404 Services                   0     17,428 K
svchost.exe                   3436 Services                   0      6,576 K
svchost.exe                   3476 Services                   0      7,676 K
svchost.exe                   3484 Services                   0      6,744 K
svchost.exe                   3544 Services                   0     10,132 K
spoolsv.exe                   3672 Services                   0      8,608 K
svchost.exe                   3736 Services                   0     13,700 K
svchost.exe                   3784 Services                   0      4,824 K
svchost.exe                   4052 Services                   0     15,204 K
remoting_host.exe             4060 Services                   0      5,840 K
svchost.exe                   4084 Services                   0      5,980 K
svchost.exe                   4092 Services                   0     42,776 K
svchost.exe                   2060 Services                   0     40,464 K
AdGuardHome.exe               3828 Services                   0     60,132 K
plasticd.exe                   860 Services                   0     49,224 K
svchost.exe                   4100 Services                   0      4,736 K
RtkAudUService64.exe          4112 Services                   0      9,976 K
svchost.exe                   4132 Services                   0     15,780 K
nvcontainer.exe               4140 Services                   0     26,920 K
RvControlSvc.exe              4152 Services                   0      9,644 K
MpDefenderCoreService.exe     4160 Services                   0     19,000 K
OfficeClickToRun.exe          4172 Services                   0     42,068 K
svchost.exe                   4188 Services                   0      3,068 K
MsMpEng.exe                   4252 Services                   0    261,244 K
svchost.exe                   4260 Services                   0     24,884 K
svchost.exe                   4268 Services                   0     21,128 K
wallpaperservice32.exe        4296 Services                   0      3,516 K
urban-vpn-service.exe         4304 Services                   0     15,980 K
svchost.exe                   4332 Services                   0      4,180 K
svchost.exe                   4344 Services                   0     10,112 K
audiodg.exe                   4368 Services                   0     20,196 K
svchost.exe                   4480 Services                   0      6,432 K
svchost.exe                   4560 Services                   0      5,948 K
warp-svc.exe                  5828 Services                   0     30,332 K
remoting_host.exe             6136 Services                   0     16,560 K
svchost.exe                   6900 Services                   0      8,660 K
svchost.exe                   7428 Services                   0     17,476 K
gamingservicesnet.exe         7524 Services                   0      4,652 K
gamingservices.exe            7528 Services                   0     33,016 K
MSPCManagerService.exe        7568 Services                   0     58,044 K
AggregatorHost.exe            8076 Services                   0     12,196 K
svchost.exe                   8312 Services                   0     23,360 K
svchost.exe                   8876 Services                   0     19,768 K
svchost.exe                   9164 Services                   0     11,100 K
svchost.exe                   9308 Services                   0      6,592 K
svchost.exe                   9544 Services                   0      2,560 K
svchost.exe                   9752 Services                   0      7,100 K
svchost.exe                   9404 Services                   0     10,236 K
svchost.exe                   1980 Services                   0     33,400 K
SearchIndexer.exe            11396 Services                   0     47,232 K
svchost.exe                  14016 Services                   0     17,328 K
svchost.exe                  14444 Services                   0     18,416 K
NisSrv.exe                   16292 Services                   0      7,884 K
svchost.exe                   9276 Services                   0      6,536 K
svchost.exe                  13580 Services                   0      3,024 K
svchost.exe                  17460 Services                   0     12,940 K
svchost.exe                  15864 Services                   0      3,640 K
svchost.exe                  12536 Services                   0      9,052 K
svchost.exe                  13028 Services                   0     24,592 K
svchost.exe                  25428 Services                   0     11,868 K
svchost.exe                  26004 Services                   0     21,868 K
svchost.exe                  26124 Services                   0      9,700 K
svchost.exe                  26260 Services                   0     21,348 K
svchost.exe                  26352 Services                   0     12,376 K
SecurityHealthService.exe     1180 Services                   0     20,744 K
svchost.exe                  20308 Services                   0     10,076 K
svchost.exe                  18760 Services                   0     11,532 K
WmiPrvSE.exe                  1372 Services                   0     37,248 K
svchost.exe                  25532 Services                   0      9,388 K
svchost.exe                   8176 Services                   0     12,864 K
svchost.exe                  18180 Services                   0     27,328 K
csrss.exe                    28432 Console                    4      8,632 K
winlogon.exe                 15848 Console                    4     14,604 K
fontdrvhost.exe              13592 Console                    4      9,912 K
dwm.exe                       7860 Console                    4    109,372 K
NVDisplay.Container.exe      15292 Console                    4     45,668 K
nvcontainer.exe              16712 Console                    4     43,720 K
nvcontainer.exe              11924 Console                    4     37,732 K
sihost.exe                   25944 Console                    4     48,972 K
nvcontainer.exe               9852 Console                    4     94,648 K
svchost.exe                   2904 Console                    4     33,016 K
svchost.exe                   4544 Console                    4      7,904 K
svchost.exe                   7420 Console                    4     47,076 K
taskhostw.exe                25208 Console                    4     21,800 K
explorer.exe                  9496 Console                    4    393,564 K
ShellHost.exe                28380 Console                    4     54,568 K
CrossDeviceResume.exe         6472 Console                    4     58,496 K
svchost.exe                  24640 Console                    4     24,440 K
wallpaper32.exe               1528 Console                    4     81,692 K
svchost.exe                  20152 Console                    4     41,124 K
svchost.exe                  11112 Services                   0     10,252 K
StartMenuExperienceHost.e     7368 Console                    4    149,160 K
SearchHost.exe               24664 Console                    4    148,996 K
nvsphelper64.exe              8148 Console                    4     14,960 K
NVIDIA Overlay.exe           11248 Console                    4    144,036 K
Widgets.exe                  14368 Console                    4     44,300 K
svchost.exe                  22260 Console                    4     25,068 K
RuntimeBroker.exe            22372 Console                    4     77,852 K
WidgetService.exe            12184 Console                    4     23,964 K
UserOOBEBroker.exe           20620 Console                    4     10,932 K
ShellExperienceHost.exe      17832 Console                    4     88,600 K
msedgewebview2.exe           16992 Console                    4    111,072 K
msedgewebview2.exe           21236 Console                    4      9,144 K
NVIDIA Overlay.exe           22992 Console                    4     77,676 K
NVIDIA Overlay.exe           18716 Console                    4     35,208 K
ctfmon.exe                   24428 Console                    4     42,812 K
msedgewebview2.exe           20608 Console                    4     78,780 K
msedgewebview2.exe           23140 Console                    4     40,260 K
NVIDIA Overlay.exe           16972 Console                    4     21,680 K
msedgewebview2.exe           21664 Console                    4     19,300 K
msedgewebview2.exe            5644 Console                    4    150,608 K
LockApp.exe                  17836 Console                    4     80,472 K
NVIDIA Overlay.exe           23224 Console                    4     72,312 K
RuntimeBroker.exe            18056 Console                    4     39,052 K
svchost.exe                  18388 Console                    4     22,484 K
PhoneExperienceHost.exe       2544 Console                    4    261,704 K
TextInputHost.exe            25504 Console                    4    137,188 K
Discord.exe                  22080 Console                    4    140,468 K
Discord.exe                  10428 Console                    4     35,720 K
Discord.exe                  27548 Console                    4    230,720 K
Discord.exe                   8432 Console                    4     58,280 K
Discord.exe                  20300 Console                    4  1,770,572 K
NVIDIA Broadcast.exe          7384 Console                    4    329,828 K
NVIDIA Broadcast.exe         13544 Console                    4     77,188 K
NVIDIA Broadcast.exe         11856 Console                    4     45,488 K
NVIDIA Broadcast.exe         17664 Console                    4     73,692 K
svchost.exe                  23652 Services                   0     14,584 K
Discord.exe                  27616 Console                    4     87,092 K
MSPCManager.exe              28224 Console                    4    154,816 K
RuntimeBroker.exe            24456 Console                    4     14,704 K
MSPCManagerCore.exe          23344 Console                    4     95,676 K
msedgewebview2.exe           17996 Console                    4     54,588 K
msedgewebview2.exe           12688 Console                    4      9,512 K
msedgewebview2.exe           20376 Console                    4     56,584 K
msedgewebview2.exe           26540 Console                    4     15,292 K
msedgewebview2.exe           12596 Console                    4      5,724 K
msedgewebview2.exe           17188 Console                    4     90,732 K
NVIDIA Broadcast.exe         15252 Console                    4     74,364 K
RuntimeBroker.exe            11772 Console                    4     20,372 K
ShareX.exe                   16280 Console                    4     86,832 K
Telegram.exe                  3964 Console                    4    273,848 K
chrome.exe                   12884 Console                    4    369,176 K
chrome.exe                   23168 Console                    4      9,684 K
chrome.exe                   18040 Console                    4    255,156 K
chrome.exe                   14116 Console                    4     70,840 K
chrome.exe                   15592 Console                    4     24,936 K
chrome.exe                   19736 Console                    4    155,064 K
chrome.exe                   28588 Console                    4     56,260 K
chrome.exe                   13044 Console                    4     53,076 K
chrome.exe                    8504 Console                    4     54,184 K
chrome.exe                   12256 Console                    4    102,628 K
chrome.exe                   21152 Console                    4    101,772 K
chrome.exe                   26668 Console                    4     92,284 K
chrome.exe                   27488 Console                    4    217,644 K
chrome.exe                   12640 Console                    4     48,052 K
chrome.exe                    7176 Console                    4     58,968 K
chrome.exe                   18508 Console                    4    424,484 K
chrome.exe                   28632 Console                    4    104,560 K
chrome.exe                    2176 Console                    4     47,428 K
chrome.exe                   15904 Console                    4     50,536 K
chrome.exe                   11012 Console                    4     24,056 K
chrome.exe                   24372 Console                    4    165,560 K
chrome.exe                   24984 Console                    4     53,776 K
chrome.exe                    1628 Console                    4    198,208 K
chrome.exe                    7512 Console                    4    291,028 K
chrome.exe                   22152 Console                    4    103,040 K
chrome.exe                   19844 Console                    4    177,844 K
chrome.exe                   16488 Console                    4    170,060 K
chrome.exe                   24908 Console                    4    284,528 K
chrome.exe                   17728 Console                    4    279,016 K
chrome.exe                   28216 Console                    4     80,004 K
chrome.exe                   23724 Console                    4    301,396 K
chrome.exe                   28412 Console                    4     78,560 K
chrome.exe                    5292 Console                    4     80,284 K
chrome.exe                   26516 Console                    4     71,512 K
chrome.exe                   18580 Console                    4     77,284 K
chrome.exe                   14896 Console                    4     77,732 K
chrome.exe                   14684 Console                    4     78,696 K
chrome.exe                   22428 Console                    4     73,280 K
chrome.exe                   12728 Console                    4    369,508 K
chrome.exe                   26020 Console                    4     97,080 K
RuntimeBroker.exe            10376 Console                    4     27,220 K
chrome.exe                   18872 Console                    4    348,476 K
chrome.exe                   23820 Console                    4    313,524 K
chrome.exe                   15432 Console                    4    376,180 K
chrome.exe                   28512 Console                    4  1,072,336 K
svchost.exe                   9272 Services                   0      9,440 K
chrome.exe                   15236 Console                    4    244,316 K
svchost.exe                  16984 Services                   0     10,284 K
svchost.exe                  23388 Console                    4     19,428 K
chrome.exe                   19804 Console                    4     91,024 K
Notepad.exe                   9156 Console                    4     16,096 K
Notepad.exe                  24920 Console                    4    133,260 K
smartscreen.exe              23380 Console                    4     13,164 K
chrome.exe                   26288 Console                    4     98,084 K
chrome.exe                   21284 Console                    4     76,692 K
chrome.exe                   18156 Console                    4     32,224 K
svchost.exe                  22488 Services                   0     34,672 K
backgroundTaskHost.exe       19320 Console                    4     64,512 K
svchost.exe                  22844 Services                   0     11,872 K
RuntimeBroker.exe            28300 Console                    4     22,772 K
backgroundTaskHost.exe       24676 Console                    4     22,484 K
RuntimeBroker.exe            12656 Console                    4     17,920 K
powershell.exe               12084 Console                    4     80,864 K
conhost.exe                   4704 Console                    4     21,952 K
cmd.exe                      27892 Console                    4      7,300 K
tasklist.exe                 28000 Console                    4     12,048 K
[2025-10-30] --- Processes List End --- 
[2025-10-30] Attempting to terminate process: MSPCManager.exe... 
[2025-10-30] Process MSPCManager.exe and its children successfully terminated. 
[2025-10-30] Deleting files *.TMP and temp*.* from C:\IPZ-23-4\CMP\lab_2\baza... 
[2025-10-30] Deleted temporary files: 0. 
[2025-10-30] Creating archive from C:\IPZ-23-4\CMP\lab_2\baza... 
[2025-10-30] Archive 2025-10-30_22-06-12.zip successfully created in temp folder. 
[2025-10-30] Moving archive to C:\IPZ-23-4\CMP\lab_2\archive... 
[2025-10-30] Archive successfully moved to C:\IPZ-23-4\CMP\lab_2\archive. 
[2025-10-30] Checking for yesterday's archive... 
[2025-10-30] Yesterday's date: 2025-10-29. 
[2025-10-30] Archive for 2025-10-29 found. 
[2025-10-30] Deleting archives older than 30 days from C:\IPZ-23-4\CMP\lab_2\archive... 
[2025-10-30] Old archives cleanup finished. 
[2025-10-30] Checking Internet connection (ping 8.8.8.8)... 
[2025-10-30] Internet connection is OK. 
[2025-10-30] Checking remote PC status 192.168.1.109... 
[2025-10-30] PC 192.168.1.109 is OFFLINE (no ping response). 
[2025-10-30] Getting network computers list (net view): 
[2025-10-30] --- Net View List Start --- 
[2025-10-30] --- Net View List End --- 
[2025-10-30] Checking IP addresses from ipon.txt... 
[2025-10-30] IP address 192.168.1.100 from ipon.txt is ONLINE. 
[2025-10-30] WARNING: IP address 192.168.1.106 from ipon.txt is OFFLINE. 
[2025-10-30] IP address 1.1.1.1 from ipon.txt is ONLINE. 
[2025-10-30] IP address 8.8.8.8 from ipon.txt is ONLINE. 
[2025-10-30] Sending email notification about OFFLINE IPs... 
[2025-10-30] Email notification about OFFLINE IPs sent. 
[2025-10-30] Checking log file size... 
[2025-10-30] Current C:\IPZ-23-4\CMP\lab_2\logs\lab.log size: 574132 bytes. Max: 500000 bytes. 
[2025-10-30] WARNING: Log file size exceeds limit (500000 bytes). 
[2025-10-30] Email notification about log file size sent. 
[2025-10-30] Free and total disk space info on local drives: 
[2025-10-30] --- Disk Info (PowerShell) Start --- 

DeviceID FreeSpace (GB) Size (GB)
-------- -------------- ---------
C:                   86       465
D:                  475       931


[2025-10-30] --- Disk Info (PowerShell) End --- 
[2025-10-30] Saving system information to systeminfo_2025-10-30_22-06-12.txt... 
[2025-10-30] System information saved. 
[2025-10-30] --- Script Finished --- 
 
